==== Slurm info ====
Job name:   ea_4_3to7
Job ID:     26385063
Node list:  node159
Num nodes:  1
Submit dir: /home/s39jleng_hpc/Nx4/ground
===============
Using a 4 by 3 lattice:
1/31
After sweep 1 energy=-23.579610539662326  maxlinkdim=20 maxerr=1.10E-05 time=17.383
After sweep 2 energy=-23.873890738923198  maxlinkdim=20 maxerr=2.14E-04 time=0.253
After sweep 3 energy=-23.873715994294553  maxlinkdim=20 maxerr=2.15E-04 time=0.255
After sweep 4 energy=-23.942182962216666  maxlinkdim=40 maxerr=3.17E-06 time=0.590
After sweep 5 energy=-23.942188247499416  maxlinkdim=40 maxerr=3.41E-06 time=0.401
After sweep 6 energy=-23.94218831184071  maxlinkdim=40 maxerr=3.40E-06 time=0.339
After sweep 7 energy=-23.943482168403627  maxlinkdim=92 maxerr=9.97E-10 time=0.808
After sweep 8 energy=-23.943482433077858  maxlinkdim=92 maxerr=9.97E-10 time=0.867
After sweep 9 energy=-23.943482436207834  maxlinkdim=92 maxerr=9.97E-10 time=0.594
After sweep 10 energy=-23.943482436532566  maxlinkdim=92 maxerr=9.97E-10 time=0.777
After sweep 11 energy=-23.943482437142542  maxlinkdim=92 maxerr=9.97E-10 time=0.702
After sweep 12 energy=-23.943482435548937  maxlinkdim=92 maxerr=9.97E-10 time=0.765
After sweep 13 energy=-23.943482434514245  maxlinkdim=92 maxerr=9.97E-10 time=0.477
After sweep 14 energy=-23.943482434557584  maxlinkdim=92 maxerr=9.97E-10 time=0.685
After sweep 15 energy=-23.943482434231118  maxlinkdim=92 maxerr=9.97E-10 time=0.613
After sweep 16 energy=-23.943482136063448  maxlinkdim=41 maxerr=8.55E-10 time=0.511
After sweep 17 energy=-23.943481954648732  maxlinkdim=41 maxerr=8.19E-10 time=0.194
After sweep 18 energy=-23.943481958814118  maxlinkdim=41 maxerr=3.33E-10 time=0.219
After sweep 19 energy=-23.943481963000316  maxlinkdim=41 maxerr=2.84E-10 time=0.213
After sweep 20 energy=-23.943481964968683  maxlinkdim=41 maxerr=2.86E-10 time=0.220
After sweep 21 energy=-23.94348196421697  maxlinkdim=41 maxerr=4.84E-10 time=0.213
After sweep 22 energy=-23.94348196784722  maxlinkdim=41 maxerr=8.32E-10 time=0.214
After sweep 23 energy=-23.94348196553416  maxlinkdim=41 maxerr=9.68E-10 time=0.401
After sweep 24 energy=-23.943481965638966  maxlinkdim=41 maxerr=7.48E-10 time=0.203
After sweep 25 energy=-23.943481965530736  maxlinkdim=41 maxerr=6.59E-10 time=0.212
After sweep 26 energy=-23.943481966249667  maxlinkdim=41 maxerr=6.81E-10 time=0.214
After sweep 27 energy=-23.94348196946344  maxlinkdim=41 maxerr=8.63E-10 time=0.235
After sweep 28 energy=-23.943481966084164  maxlinkdim=41 maxerr=7.45E-10 time=0.194
After sweep 29 energy=-23.943481969723983  maxlinkdim=41 maxerr=9.52E-10 time=0.214
After sweep 30 energy=-23.943481965128566  maxlinkdim=41 maxerr=8.64E-10 time=0.214
After sweep 31 energy=-23.943481963515296  maxlinkdim=41 maxerr=6.52E-10 time=0.363
After sweep 32 energy=-23.94348196466717  maxlinkdim=41 maxerr=4.25E-10 time=0.215
After sweep 33 energy=-23.94348196487499  maxlinkdim=41 maxerr=3.78E-10 time=0.195
After sweep 34 energy=-23.943481963878185  maxlinkdim=41 maxerr=4.45E-10 time=0.214
After sweep 35 energy=-23.943481966003716  maxlinkdim=41 maxerr=8.32E-10 time=0.215
After sweep 36 energy=-23.943481962646732  maxlinkdim=41 maxerr=7.62E-10 time=0.214
After sweep 37 energy=-23.943481967151456  maxlinkdim=41 maxerr=4.67E-10 time=0.216
After sweep 38 energy=-23.943481963064205  maxlinkdim=41 maxerr=6.55E-10 time=0.214
After sweep 39 energy=-23.943481964228113  maxlinkdim=41 maxerr=4.36E-10 time=0.348
After sweep 40 energy=-23.943481964307086  maxlinkdim=41 maxerr=3.97E-10 time=0.208
After sweep 41 energy=-23.943481962799027  maxlinkdim=41 maxerr=4.56E-10 time=0.211
Energy difference less than 5.0e-5, stopping DMRG
2/31
After sweep 1 energy=-25.877878671529654  maxlinkdim=41 maxerr=3.96E-06 time=0.378
After sweep 2 energy=-25.877875721265678  maxlinkdim=41 maxerr=4.00E-06 time=0.529
After sweep 3 energy=-25.87774896395666  maxlinkdim=41 maxerr=3.99E-06 time=0.359
After sweep 4 energy=-25.879258954662195  maxlinkdim=82 maxerr=5.42E-09 time=0.456
After sweep 5 energy=-25.879258750288013  maxlinkdim=42 maxerr=9.10E-10 time=0.400
After sweep 6 energy=-25.879258716932593  maxlinkdim=42 maxerr=8.38E-10 time=0.220
After sweep 7 energy=-25.879258714063326  maxlinkdim=42 maxerr=6.37E-10 time=0.229
After sweep 8 energy=-25.87925872499597  maxlinkdim=42 maxerr=5.84E-10 time=0.224
Energy difference less than 5.0e-5, stopping DMRG
3/31
After sweep 1 energy=-28.003023534227207  maxlinkdim=42 maxerr=4.63E-06 time=0.449
After sweep 2 energy=-28.002986820396245  maxlinkdim=42 maxerr=4.64E-06 time=0.335
After sweep 3 energy=-28.003004098778387  maxlinkdim=42 maxerr=4.63E-06 time=0.370
After sweep 4 energy=-28.00444603858046  maxlinkdim=84 maxerr=5.85E-09 time=1.041
After sweep 5 energy=-28.004446180232215  maxlinkdim=44 maxerr=9.04E-10 time=0.277
After sweep 6 energy=-28.00444609071973  maxlinkdim=43 maxerr=6.60E-10 time=0.238
After sweep 7 energy=-28.00444607166434  maxlinkdim=43 maxerr=6.48E-10 time=0.233
After sweep 8 energy=-28.0044460723434  maxlinkdim=43 maxerr=6.18E-10 time=0.424
Energy difference less than 5.0e-5, stopping DMRG
4/31
After sweep 1 energy=-30.338374308342903  maxlinkdim=43 maxerr=5.33E-06 time=0.601
After sweep 2 energy=-30.338372902526796  maxlinkdim=43 maxerr=5.32E-06 time=0.378
After sweep 3 energy=-30.338342011994815  maxlinkdim=43 maxerr=5.32E-06 time=0.373
After sweep 4 energy=-30.339748628825053  maxlinkdim=86 maxerr=5.84E-09 time=0.694
After sweep 5 energy=-30.339748659348516  maxlinkdim=45 maxerr=7.30E-10 time=0.286
After sweep 6 energy=-30.339748641972847  maxlinkdim=45 maxerr=9.66E-10 time=0.255
After sweep 7 energy=-30.339748537730497  maxlinkdim=44 maxerr=9.01E-10 time=0.250
After sweep 8 energy=-30.33974853198277  maxlinkdim=44 maxerr=7.65E-10 time=0.439
Energy difference less than 5.0e-5, stopping DMRG
5/31
After sweep 1 energy=-32.907187121323204  maxlinkdim=44 maxerr=6.03E-06 time=0.406
After sweep 2 energy=-32.90718955953093  maxlinkdim=44 maxerr=6.06E-06 time=0.569
After sweep 3 energy=-32.90718870504994  maxlinkdim=44 maxerr=6.04E-06 time=0.413
After sweep 4 energy=-32.90840715668026  maxlinkdim=88 maxerr=5.61E-09 time=0.722
After sweep 5 energy=-32.908406846330806  maxlinkdim=46 maxerr=8.23E-10 time=0.298
After sweep 6 energy=-32.90840670623118  maxlinkdim=45 maxerr=9.55E-10 time=0.224
After sweep 7 energy=-32.90840668408464  maxlinkdim=45 maxerr=9.11E-10 time=0.241
After sweep 8 energy=-32.90840667482121  maxlinkdim=45 maxerr=7.76E-10 time=0.244
Energy difference less than 5.0e-5, stopping DMRG
6/31
After sweep 1 energy=-35.73569185099363  maxlinkdim=45 maxerr=6.82E-06 time=0.424
After sweep 2 energy=-35.735690487029345  maxlinkdim=45 maxerr=6.83E-06 time=0.590
After sweep 3 energy=-35.7356910860205  maxlinkdim=45 maxerr=6.83E-06 time=0.418
After sweep 4 energy=-35.73660125204255  maxlinkdim=90 maxerr=5.63E-09 time=0.763
After sweep 5 energy=-35.73660083855657  maxlinkdim=47 maxerr=7.58E-10 time=0.289
After sweep 6 energy=-35.736600611976556  maxlinkdim=46 maxerr=9.82E-10 time=0.243
After sweep 7 energy=-35.73660082830952  maxlinkdim=47 maxerr=8.34E-10 time=0.243
After sweep 8 energy=-35.73660057467396  maxlinkdim=46 maxerr=9.83E-10 time=0.418
Energy difference less than 5.0e-5, stopping DMRG
7/31
After sweep 1 energy=-38.85342501758677  maxlinkdim=46 maxerr=7.68E-06 time=0.555
After sweep 2 energy=-38.85342498178832  maxlinkdim=46 maxerr=7.70E-06 time=0.396
After sweep 3 energy=-38.85342471465121  maxlinkdim=46 maxerr=7.71E-06 time=0.398
After sweep 4 energy=-38.853962293375  maxlinkdim=92 maxerr=7.26E-09 time=0.739
After sweep 5 energy=-38.85396213320393  maxlinkdim=50 maxerr=8.38E-10 time=0.485
After sweep 6 energy=-38.853962027218586  maxlinkdim=50 maxerr=8.69E-10 time=0.280
After sweep 7 energy=-38.85396202870106  maxlinkdim=50 maxerr=9.91E-10 time=0.264
After sweep 8 energy=-38.85396212364573  maxlinkdim=50 maxerr=6.43E-10 time=0.257
Energy difference less than 5.0e-5, stopping DMRG
8/31
After sweep 1 energy=-42.29352366115001  maxlinkdim=50 maxerr=4.98E-06 time=0.484
After sweep 2 energy=-42.29352404532235  maxlinkdim=50 maxerr=4.99E-06 time=0.462
After sweep 3 energy=-42.293524084586295  maxlinkdim=50 maxerr=4.99E-06 time=0.639
After sweep 4 energy=-42.29416241634949  maxlinkdim=100 maxerr=2.33E-09 time=0.795
After sweep 5 energy=-42.29416221588898  maxlinkdim=51 maxerr=9.05E-10 time=0.340
After sweep 6 energy=-42.2941622262574  maxlinkdim=51 maxerr=8.91E-10 time=0.261
After sweep 7 energy=-42.29416223066073  maxlinkdim=51 maxerr=9.44E-10 time=0.259
After sweep 8 energy=-42.294162223673084  maxlinkdim=51 maxerr=8.53E-10 time=0.433
Energy difference less than 5.0e-5, stopping DMRG
9/31
After sweep 1 energy=-46.09491819382648  maxlinkdim=51 maxerr=5.32E-06 time=0.706
After sweep 2 energy=-46.09491776807585  maxlinkdim=51 maxerr=5.33E-06 time=0.519
After sweep 3 energy=-46.094916959751515  maxlinkdim=51 maxerr=5.33E-06 time=0.713
After sweep 4 energy=-46.095757114489366  maxlinkdim=102 maxerr=1.83E-09 time=0.839
After sweep 5 energy=-46.095757374904906  maxlinkdim=53 maxerr=8.12E-10 time=0.301
After sweep 6 energy=-46.09575710291534  maxlinkdim=52 maxerr=9.89E-10 time=0.255
After sweep 7 energy=-46.09575682539346  maxlinkdim=51 maxerr=9.38E-10 time=0.250
After sweep 8 energy=-46.09575682478135  maxlinkdim=51 maxerr=9.11E-10 time=0.387
Energy difference less than 5.0e-5, stopping DMRG
10/31
After sweep 1 energy=-50.30274771743679  maxlinkdim=51 maxerr=6.62E-06 time=0.587
After sweep 2 energy=-50.302745874754244  maxlinkdim=51 maxerr=6.64E-06 time=0.439
After sweep 3 energy=-50.30274540761827  maxlinkdim=51 maxerr=6.63E-06 time=0.610
After sweep 4 energy=-50.30316265705539  maxlinkdim=102 maxerr=3.18E-09 time=0.845
After sweep 5 energy=-50.30316243594143  maxlinkdim=54 maxerr=9.08E-10 time=0.336
After sweep 6 energy=-50.30316243643595  maxlinkdim=54 maxerr=5.53E-10 time=0.255
After sweep 7 energy=-50.30316242958747  maxlinkdim=54 maxerr=4.22E-10 time=0.254
After sweep 8 energy=-50.30316241402488  maxlinkdim=54 maxerr=8.09E-10 time=0.465
Energy difference less than 5.0e-5, stopping DMRG
11/31
After sweep 1 energy=-54.967399127650395  maxlinkdim=54 maxerr=5.47E-06 time=0.696
After sweep 2 energy=-54.967397719310455  maxlinkdim=54 maxerr=5.48E-06 time=0.609
After sweep 3 energy=-54.96739704325227  maxlinkdim=54 maxerr=5.47E-06 time=0.550
After sweep 4 energy=-54.967950953946456  maxlinkdim=108 maxerr=1.19E-09 time=0.852
After sweep 5 energy=-54.96795114313977  maxlinkdim=56 maxerr=4.84E-10 time=0.373
After sweep 6 energy=-54.96795114178095  maxlinkdim=56 maxerr=3.92E-10 time=0.447
After sweep 7 energy=-54.9679511400459  maxlinkdim=56 maxerr=3.73E-10 time=0.290
After sweep 8 energy=-54.9679511408126  maxlinkdim=56 maxerr=3.59E-10 time=0.283
Energy difference less than 5.0e-5, stopping DMRG
12/31
After sweep 1 energy=-60.14978485017073  maxlinkdim=56 maxerr=5.35E-06 time=0.489
After sweep 2 energy=-60.149785507739736  maxlinkdim=56 maxerr=5.35E-06 time=0.690
After sweep 3 energy=-60.14978530242269  maxlinkdim=56 maxerr=5.34E-06 time=0.464
After sweep 4 energy=-60.15051930722559  maxlinkdim=112 maxerr=9.90E-10 time=0.964
After sweep 5 energy=-60.15051955049398  maxlinkdim=56 maxerr=8.98E-10 time=0.436
After sweep 6 energy=-60.150519554364564  maxlinkdim=56 maxerr=7.65E-10 time=0.279
After sweep 7 energy=-60.1505195477762  maxlinkdim=56 maxerr=6.91E-10 time=0.281
After sweep 8 energy=-60.15051954740329  maxlinkdim=56 maxerr=5.21E-10 time=0.426
Energy difference less than 5.0e-5, stopping DMRG
13/31
After sweep 1 energy=-65.92120943245365  maxlinkdim=56 maxerr=6.93E-06 time=0.765
After sweep 2 energy=-65.92120837498247  maxlinkdim=56 maxerr=6.93E-06 time=0.719
After sweep 3 energy=-65.9212083604462  maxlinkdim=56 maxerr=6.93E-06 time=0.597
After sweep 4 energy=-65.92225616464775  maxlinkdim=112 maxerr=1.26E-09 time=0.983
After sweep 5 energy=-65.92225631987345  maxlinkdim=57 maxerr=9.20E-10 time=0.520
After sweep 6 energy=-65.92225632006807  maxlinkdim=57 maxerr=7.98E-10 time=0.283
After sweep 7 energy=-65.92225630944148  maxlinkdim=57 maxerr=8.02E-10 time=0.318
After sweep 8 energy=-65.92225630631121  maxlinkdim=57 maxerr=5.62E-10 time=0.326
Energy difference less than 5.0e-5, stopping DMRG
14/31
After sweep 1 energy=-72.36689129276768  maxlinkdim=57 maxerr=7.99E-06 time=0.731
After sweep 2 energy=-72.36689156066963  maxlinkdim=57 maxerr=8.00E-06 time=0.525
After sweep 3 energy=-72.36689147538786  maxlinkdim=57 maxerr=8.00E-06 time=0.700
After sweep 4 energy=-72.3683827079353  maxlinkdim=114 maxerr=1.19E-09 time=0.938
After sweep 5 energy=-72.36838264456782  maxlinkdim=58 maxerr=8.72E-10 time=0.540
After sweep 6 energy=-72.36838274093152  maxlinkdim=59 maxerr=9.03E-10 time=0.290
After sweep 7 energy=-72.36838263523464  maxlinkdim=58 maxerr=9.19E-10 time=0.287
After sweep 8 energy=-72.36838261016806  maxlinkdim=58 maxerr=7.30E-10 time=0.288
Energy difference less than 5.0e-5, stopping DMRG
15/31
After sweep 1 energy=-79.58964771311139  maxlinkdim=58 maxerr=9.30E-06 time=0.728
After sweep 2 energy=-79.58964812560747  maxlinkdim=58 maxerr=9.29E-06 time=0.519
After sweep 3 energy=-79.58964819924601  maxlinkdim=58 maxerr=9.28E-06 time=0.702
After sweep 4 energy=-79.59171831846442  maxlinkdim=116 maxerr=9.76E-10 time=0.853
After sweep 5 energy=-79.59171814761335  maxlinkdim=60 maxerr=6.27E-10 time=0.305
After sweep 6 energy=-79.59171798513641  maxlinkdim=59 maxerr=9.09E-10 time=0.445
After sweep 7 energy=-79.59171797799627  maxlinkdim=59 maxerr=8.36E-10 time=0.270
After sweep 8 energy=-79.5917181478671  maxlinkdim=60 maxerr=7.44E-10 time=0.276
Energy difference less than 5.0e-5, stopping DMRG
16/31
After sweep 1 energy=-87.7153258677211  maxlinkdim=60 maxerr=1.02E-05 time=0.703
After sweep 2 energy=-87.71532719525489  maxlinkdim=60 maxerr=1.02E-05 time=0.487
After sweep 3 energy=-87.71532698662175  maxlinkdim=60 maxerr=1.02E-05 time=0.695
After sweep 4 energy=-87.71772738463142  maxlinkdim=117 maxerr=9.95E-10 time=0.904
After sweep 5 energy=-87.71772710533155  maxlinkdim=61 maxerr=7.66E-10 time=0.489
After sweep 6 energy=-87.71772698149175  maxlinkdim=60 maxerr=8.61E-10 time=0.291
After sweep 7 energy=-87.71772698377681  maxlinkdim=60 maxerr=6.99E-10 time=0.310
After sweep 8 energy=-87.71772698166893  maxlinkdim=60 maxerr=6.93E-10 time=0.288
Energy difference less than 5.0e-5, stopping DMRG
17/31
After sweep 1 energy=-96.89802135583702  maxlinkdim=60 maxerr=1.36E-05 time=0.749
After sweep 2 energy=-96.89802362623492  maxlinkdim=60 maxerr=1.36E-05 time=0.772
After sweep 3 energy=-96.89802354423843  maxlinkdim=60 maxerr=1.36E-05 time=0.467
After sweep 4 energy=-96.90138472564027  maxlinkdim=118 maxerr=9.93E-10 time=1.216
After sweep 5 energy=-96.9013846734131  maxlinkdim=62 maxerr=6.43E-10 time=0.355
After sweep 6 energy=-96.90138445970126  maxlinkdim=61 maxerr=9.30E-10 time=0.483
After sweep 7 energy=-96.90138445847738  maxlinkdim=61 maxerr=9.19E-10 time=0.345
After sweep 8 energy=-96.9013843854546  maxlinkdim=61 maxerr=7.13E-10 time=0.298
Energy difference less than 5.0e-5, stopping DMRG
18/31
After sweep 1 energy=-107.33295340786817  maxlinkdim=61 maxerr=1.63E-05 time=0.737
After sweep 2 energy=-107.33290216491805  maxlinkdim=61 maxerr=1.63E-05 time=0.519
After sweep 3 energy=-107.33294844203422  maxlinkdim=61 maxerr=1.63E-05 time=0.712
After sweep 4 energy=-107.33668234499156  maxlinkdim=120 maxerr=9.61E-10 time=1.131
After sweep 5 energy=-107.33668253035694  maxlinkdim=63 maxerr=9.61E-11 time=0.338
After sweep 6 energy=-107.33668253037519  maxlinkdim=63 maxerr=9.53E-11 time=0.468
After sweep 7 energy=-107.33668253037457  maxlinkdim=63 maxerr=9.65E-11 time=0.272
After sweep 8 energy=-107.33668253037506  maxlinkdim=63 maxerr=9.57E-11 time=0.294
Energy difference less than 5.0e-5, stopping DMRG
19/31
After sweep 1 energy=-119.26708124471844  maxlinkdim=63 maxerr=1.70E-05 time=0.739
After sweep 2 energy=-119.26708552579399  maxlinkdim=63 maxerr=1.70E-05 time=0.507
After sweep 3 energy=-119.26708548743079  maxlinkdim=63 maxerr=1.70E-05 time=0.705
After sweep 4 energy=-119.27008566160332  maxlinkdim=121 maxerr=9.75E-10 time=1.187
After sweep 5 energy=-119.27008579230404  maxlinkdim=63 maxerr=1.69E-10 time=0.335
After sweep 6 energy=-119.27008579230844  maxlinkdim=63 maxerr=1.73E-10 time=0.299
After sweep 7 energy=-119.27008579230824  maxlinkdim=63 maxerr=1.73E-10 time=0.476
After sweep 8 energy=-119.27008579230748  maxlinkdim=63 maxerr=1.74E-10 time=0.279
Energy difference less than 5.0e-5, stopping DMRG
20/31
After sweep 1 energy=-133.01610071084434  maxlinkdim=63 maxerr=2.10E-05 time=0.580
After sweep 2 energy=-133.01609778227328  maxlinkdim=63 maxerr=2.11E-05 time=0.746
After sweep 3 energy=-133.01567506284127  maxlinkdim=63 maxerr=2.11E-05 time=0.507
After sweep 4 energy=-133.02008218436688  maxlinkdim=122 maxerr=1.60E-09 time=1.177
After sweep 5 energy=-133.0200823171192  maxlinkdim=63 maxerr=3.06E-10 time=0.533
After sweep 6 energy=-133.0200823171223  maxlinkdim=63 maxerr=3.02E-10 time=0.303
After sweep 7 energy=-133.0200823171224  maxlinkdim=63 maxerr=3.02E-10 time=0.321
After sweep 8 energy=-133.02008231712117  maxlinkdim=63 maxerr=3.04E-10 time=0.319
Energy difference less than 5.0e-5, stopping DMRG
21/31
After sweep 1 energy=-149.0026709666187  maxlinkdim=63 maxerr=2.53E-05 time=0.795
After sweep 2 energy=-149.0026678433302  maxlinkdim=63 maxerr=2.54E-05 time=0.596
After sweep 3 energy=-149.00266798526172  maxlinkdim=63 maxerr=2.54E-05 time=0.675
After sweep 4 energy=-149.00644805387748  maxlinkdim=123 maxerr=2.77E-09 time=1.328
After sweep 5 energy=-149.00644805674017  maxlinkdim=63 maxerr=5.22E-10 time=0.354
After sweep 6 energy=-149.00644805673838  maxlinkdim=63 maxerr=5.10E-10 time=0.446
After sweep 7 energy=-149.00644805673733  maxlinkdim=63 maxerr=5.07E-10 time=0.285
After sweep 8 energy=-149.00644805673556  maxlinkdim=63 maxerr=5.07E-10 time=0.296
Energy difference less than 5.0e-5, stopping DMRG
22/31
After sweep 1 energy=-167.79061109453946  maxlinkdim=63 maxerr=3.00E-05 time=0.720
After sweep 2 energy=-167.79060965409826  maxlinkdim=63 maxerr=3.00E-05 time=0.510
After sweep 3 energy=-167.79060968700188  maxlinkdim=63 maxerr=3.00E-05 time=0.674
After sweep 4 energy=-167.79556961434787  maxlinkdim=124 maxerr=5.14E-09 time=1.246
After sweep 5 energy=-167.7955695770086  maxlinkdim=63 maxerr=8.28E-10 time=0.350
After sweep 6 energy=-167.79556957699623  maxlinkdim=63 maxerr=8.15E-10 time=0.305
After sweep 7 energy=-167.79556957700635  maxlinkdim=63 maxerr=8.13E-10 time=0.498
After sweep 8 energy=-167.7955695769931  maxlinkdim=63 maxerr=8.15E-10 time=0.282
Energy difference less than 5.0e-5, stopping DMRG
23/31
After sweep 1 energy=-190.16687816352214  maxlinkdim=63 maxerr=3.50E-05 time=0.772
After sweep 2 energy=-190.1668717728633  maxlinkdim=63 maxerr=3.50E-05 time=0.725
After sweep 3 energy=-190.1668718500952  maxlinkdim=63 maxerr=3.50E-05 time=0.518
After sweep 4 energy=-190.1733082044253  maxlinkdim=125 maxerr=9.17E-09 time=1.202
After sweep 5 energy=-190.1733082753858  maxlinkdim=64 maxerr=5.98E-16 time=0.535
After sweep 6 energy=-190.17330827538586  maxlinkdim=64 maxerr=1.62E-16 time=0.317
After sweep 7 energy=-190.1733082753858  maxlinkdim=64 maxerr=1.45E-16 time=0.311
After sweep 8 energy=-190.1733082753858  maxlinkdim=64 maxerr=2.19E-16 time=0.304
Energy difference less than 5.0e-5, stopping DMRG
24/31
After sweep 1 energy=-217.2593045903342  maxlinkdim=64 maxerr=3.69E-05 time=1.014
After sweep 2 energy=-217.25929996638658  maxlinkdim=64 maxerr=3.70E-05 time=0.741
After sweep 3 energy=-217.25930130563088  maxlinkdim=64 maxerr=3.69E-05 time=0.563
After sweep 4 energy=-217.26713184778873  maxlinkdim=125 maxerr=1.44E-08 time=1.228
After sweep 5 energy=-217.26713194607285  maxlinkdim=64 maxerr=8.40E-15 time=0.551
After sweep 6 energy=-217.26713194607333  maxlinkdim=64 maxerr=2.00E-16 time=0.298
After sweep 7 energy=-217.26713194607294  maxlinkdim=64 maxerr=1.01E-16 time=0.268
After sweep 8 energy=-217.2671319460732  maxlinkdim=64 maxerr=1.43E-16 time=0.243
Energy difference less than 5.0e-5, stopping DMRG
25/31
After sweep 1 energy=-250.75035531514783  maxlinkdim=64 maxerr=4.20E-05 time=0.724
After sweep 2 energy=-250.75034679487294  maxlinkdim=64 maxerr=4.20E-05 time=0.684
After sweep 3 energy=-250.75034996212966  maxlinkdim=64 maxerr=4.20E-05 time=0.532
After sweep 4 energy=-250.76090063987806  maxlinkdim=126 maxerr=2.66E-08 time=1.220
After sweep 5 energy=-250.76090072113539  maxlinkdim=64 maxerr=5.44E-16 time=0.508
After sweep 6 energy=-250.76090072113513  maxlinkdim=64 maxerr=8.38E-17 time=0.282
After sweep 7 energy=-250.76090072113527  maxlinkdim=64 maxerr=1.05E-16 time=0.289
After sweep 8 energy=-250.76090072113547  maxlinkdim=64 maxerr=2.26E-16 time=0.289
Energy difference less than 5.0e-5, stopping DMRG
26/31
After sweep 1 energy=-293.28163497232896  maxlinkdim=64 maxerr=4.70E-05 time=0.767
After sweep 2 energy=-293.2816277318026  maxlinkdim=64 maxerr=4.71E-05 time=0.759
After sweep 3 energy=-293.2816324648158  maxlinkdim=64 maxerr=4.71E-05 time=0.623
After sweep 4 energy=-293.29504853525833  maxlinkdim=126 maxerr=4.97E-08 time=1.349
After sweep 5 energy=-293.29504865047414  maxlinkdim=64 maxerr=2.29E-16 time=0.374
After sweep 6 energy=-293.29504865047363  maxlinkdim=64 maxerr=1.62E-16 time=0.304
After sweep 7 energy=-293.2950486504739  maxlinkdim=64 maxerr=2.62E-16 time=0.477
After sweep 8 energy=-293.29504865047386  maxlinkdim=64 maxerr=1.60E-16 time=0.313
Energy difference less than 5.0e-5, stopping DMRG
27/31
After sweep 1 energy=-349.25209407598226  maxlinkdim=64 maxerr=5.16E-05 time=0.760
After sweep 2 energy=-349.2520857126907  maxlinkdim=64 maxerr=5.17E-05 time=0.523
After sweep 3 energy=-349.25209002000685  maxlinkdim=64 maxerr=5.17E-05 time=0.720
After sweep 4 energy=-349.2682333666037  maxlinkdim=126 maxerr=9.52E-08 time=1.234
After sweep 5 energy=-349.26823351705946  maxlinkdim=64 maxerr=2.30E-16 time=0.335
After sweep 6 energy=-349.26823351705934  maxlinkdim=64 maxerr=1.55E-16 time=0.444
After sweep 7 energy=-349.26823351705934  maxlinkdim=64 maxerr=1.42E-16 time=0.264
After sweep 8 energy=-349.26823351705895  maxlinkdim=64 maxerr=2.04E-16 time=0.288
Energy difference less than 5.0e-5, stopping DMRG
28/31
After sweep 1 energy=-426.5810700799513  maxlinkdim=64 maxerr=6.84E-05 time=0.731
After sweep 2 energy=-426.581057149545  maxlinkdim=64 maxerr=6.83E-05 time=0.740
After sweep 3 energy=-426.58105714943486  maxlinkdim=64 maxerr=6.83E-05 time=0.706
After sweep 4 energy=-426.60187986173247  maxlinkdim=127 maxerr=1.85E-07 time=1.303
After sweep 5 energy=-426.60188001184025  maxlinkdim=64 maxerr=4.74E-16 time=0.550
After sweep 6 energy=-426.60188001184014  maxlinkdim=64 maxerr=1.68E-16 time=0.332
After sweep 7 energy=-426.6018800118401  maxlinkdim=64 maxerr=1.35E-16 time=0.278
After sweep 8 energy=-426.6018800118401  maxlinkdim=64 maxerr=1.62E-16 time=0.381
Energy difference less than 5.0e-5, stopping DMRG
29/31
After sweep 1 energy=-541.1248812227104  maxlinkdim=64 maxerr=1.21E-04 time=0.685
After sweep 2 energy=-541.1248781336988  maxlinkdim=64 maxerr=1.21E-04 time=0.488
After sweep 3 energy=-541.1248781337031  maxlinkdim=64 maxerr=1.21E-04 time=0.704
After sweep 4 energy=-541.1516997927619  maxlinkdim=127 maxerr=3.44E-07 time=1.177
After sweep 5 energy=-541.1516999950642  maxlinkdim=64 maxerr=1.29E-16 time=0.351
After sweep 6 energy=-541.1516999950641  maxlinkdim=64 maxerr=1.38E-16 time=0.283
After sweep 7 energy=-541.1516999950642  maxlinkdim=64 maxerr=1.65E-16 time=0.427
After sweep 8 energy=-541.1516999950641  maxlinkdim=64 maxerr=7.14E-17 time=0.265
Energy difference less than 5.0e-5, stopping DMRG
30/31
After sweep 1 energy=-729.902607271227  maxlinkdim=64 maxerr=1.26E-04 time=0.752
After sweep 2 energy=-729.9026024181727  maxlinkdim=64 maxerr=1.26E-04 time=0.726
After sweep 3 energy=-729.9026024182035  maxlinkdim=64 maxerr=1.26E-04 time=0.565
After sweep 4 energy=-729.941295239258  maxlinkdim=127 maxerr=3.16E-07 time=1.255
After sweep 5 energy=-729.9412954852241  maxlinkdim=64 maxerr=2.04E-16 time=0.364
After sweep 6 energy=-729.941295485224  maxlinkdim=64 maxerr=1.18E-16 time=0.304
After sweep 7 energy=-729.9412954852241  maxlinkdim=64 maxerr=2.44E-16 time=0.453
After sweep 8 energy=-729.9412954852235  maxlinkdim=64 maxerr=1.11E-16 time=0.309
Energy difference less than 5.0e-5, stopping DMRG
31/31
After sweep 1 energy=-1104.0343993077097  maxlinkdim=64 maxerr=1.28E-04 time=0.719
After sweep 2 energy=-1104.0343994265463  maxlinkdim=64 maxerr=1.28E-04 time=0.535
After sweep 3 energy=-1104.0343994265536  maxlinkdim=64 maxerr=1.28E-04 time=0.786
After sweep 4 energy=-1104.0939789998197  maxlinkdim=127 maxerr=2.94E-07 time=1.301
After sweep 5 energy=-1104.093979384963  maxlinkdim=64 maxerr=2.60E-16 time=0.480
After sweep 6 energy=-1104.093979384962  maxlinkdim=64 maxerr=1.46E-16 time=0.574
After sweep 7 energy=-1104.0939793849634  maxlinkdim=64 maxerr=1.72E-16 time=0.307
After sweep 8 energy=-1104.0939793849623  maxlinkdim=64 maxerr=9.11E-17 time=0.299
Energy difference less than 5.0e-5, stopping DMRG
Using a 4 by 4 lattice:
1/31
After sweep 1 energy=-34.675181264371844  maxlinkdim=20 maxerr=1.04E-05 time=17.406
After sweep 2 energy=-35.006159157657194  maxlinkdim=20 maxerr=2.26E-04 time=0.521
After sweep 3 energy=-35.005774349751455  maxlinkdim=20 maxerr=2.22E-04 time=0.660
After sweep 4 energy=-35.330090624909666  maxlinkdim=40 maxerr=3.23E-06 time=0.918
After sweep 5 energy=-35.33018266344516  maxlinkdim=40 maxerr=3.46E-06 time=1.025
After sweep 6 energy=-35.33019847572032  maxlinkdim=40 maxerr=3.47E-06 time=0.943
After sweep 7 energy=-35.334104962649604  maxlinkdim=134 maxerr=9.76E-10 time=2.231
After sweep 8 energy=-35.334106607612945  maxlinkdim=135 maxerr=9.94E-10 time=2.176
After sweep 9 energy=-35.334106606999086  maxlinkdim=135 maxerr=9.93E-10 time=2.480
After sweep 10 energy=-35.33410660900874  maxlinkdim=135 maxerr=9.93E-10 time=2.490
After sweep 11 energy=-35.33410660854278  maxlinkdim=135 maxerr=9.86E-10 time=2.463
After sweep 12 energy=-35.33410660413897  maxlinkdim=135 maxerr=9.85E-10 time=2.362
After sweep 13 energy=-35.33410660596148  maxlinkdim=135 maxerr=9.98E-10 time=2.370
After sweep 14 energy=-35.334106608342836  maxlinkdim=135 maxerr=9.85E-10 time=2.296
After sweep 15 energy=-35.33410660202052  maxlinkdim=134 maxerr=9.99E-10 time=2.336
After sweep 16 energy=-35.33410657839366  maxlinkdim=52 maxerr=1.00E-09 time=1.297
After sweep 17 energy=-35.33410645263624  maxlinkdim=51 maxerr=9.21E-10 time=0.683
After sweep 18 energy=-35.3341064419722  maxlinkdim=51 maxerr=6.27E-10 time=0.524
After sweep 19 energy=-35.33410643694838  maxlinkdim=51 maxerr=5.21E-10 time=0.704
After sweep 20 energy=-35.334106435709145  maxlinkdim=51 maxerr=6.27E-10 time=0.693
After sweep 21 energy=-35.33410643611069  maxlinkdim=51 maxerr=7.03E-10 time=0.520
After sweep 22 energy=-35.334106437599075  maxlinkdim=51 maxerr=7.24E-10 time=0.674
After sweep 23 energy=-35.33410643685693  maxlinkdim=51 maxerr=6.73E-10 time=0.512
After sweep 24 energy=-35.334106436986985  maxlinkdim=51 maxerr=6.03E-10 time=0.693
After sweep 25 energy=-35.33410643664501  maxlinkdim=51 maxerr=4.99E-10 time=0.696
After sweep 26 energy=-35.33410643846082  maxlinkdim=51 maxerr=4.21E-10 time=0.509
After sweep 27 energy=-35.334106434303976  maxlinkdim=51 maxerr=6.90E-10 time=0.690
After sweep 28 energy=-35.33410642307945  maxlinkdim=51 maxerr=8.16E-10 time=0.692
After sweep 29 energy=-35.334106430263546  maxlinkdim=51 maxerr=8.02E-10 time=0.541
After sweep 30 energy=-35.33410642796834  maxlinkdim=51 maxerr=7.64E-10 time=0.675
After sweep 31 energy=-35.334106430357856  maxlinkdim=51 maxerr=7.13E-10 time=0.695
After sweep 32 energy=-35.33410643319394  maxlinkdim=51 maxerr=5.12E-10 time=0.542
After sweep 33 energy=-35.334106431948385  maxlinkdim=51 maxerr=4.36E-10 time=0.740
After sweep 34 energy=-35.33410642895069  maxlinkdim=51 maxerr=4.42E-10 time=0.781
After sweep 35 energy=-35.334106425902064  maxlinkdim=51 maxerr=4.43E-10 time=0.775
After sweep 36 energy=-35.33410642522858  maxlinkdim=51 maxerr=4.64E-10 time=0.618
After sweep 37 energy=-35.33410642527724  maxlinkdim=51 maxerr=5.31E-10 time=0.748
After sweep 38 energy=-35.334106424288834  maxlinkdim=51 maxerr=5.61E-10 time=0.742
After sweep 39 energy=-35.334106422515724  maxlinkdim=51 maxerr=5.62E-10 time=0.697
After sweep 40 energy=-35.33410641980802  maxlinkdim=51 maxerr=5.36E-10 time=0.543
After sweep 41 energy=-35.33410641562267  maxlinkdim=51 maxerr=5.06E-10 time=0.700
Energy difference less than 5.0e-5, stopping DMRG
2/31
After sweep 1 energy=-38.14339003725611  maxlinkdim=51 maxerr=1.31E-06 time=1.365
After sweep 2 energy=-38.143392758103595  maxlinkdim=51 maxerr=1.31E-06 time=1.324
After sweep 3 energy=-38.14332923341972  maxlinkdim=51 maxerr=1.30E-06 time=1.346
After sweep 4 energy=-38.14494437883382  maxlinkdim=102 maxerr=1.81E-08 time=2.081
After sweep 5 energy=-38.144954809057495  maxlinkdim=53 maxerr=9.82E-10 time=0.968
After sweep 6 energy=-38.144954108021764  maxlinkdim=51 maxerr=9.57E-10 time=0.554
After sweep 7 energy=-38.14495409607004  maxlinkdim=51 maxerr=5.29E-10 time=0.710
After sweep 8 energy=-38.14495409032605  maxlinkdim=51 maxerr=4.23E-10 time=0.698
Energy difference less than 5.0e-5, stopping DMRG
3/31
After sweep 1 energy=-41.22344190850723  maxlinkdim=51 maxerr=1.54E-06 time=1.555
After sweep 2 energy=-41.22344325400589  maxlinkdim=51 maxerr=1.54E-06 time=1.527
After sweep 3 energy=-41.223444098541194  maxlinkdim=51 maxerr=1.54E-06 time=1.574
After sweep 4 energy=-41.22481636501508  maxlinkdim=102 maxerr=2.43E-08 time=2.600
After sweep 5 energy=-41.22482989364926  maxlinkdim=59 maxerr=9.85E-10 time=1.012
After sweep 6 energy=-41.22482890892477  maxlinkdim=54 maxerr=9.82E-10 time=0.869
After sweep 7 energy=-41.22482844459091  maxlinkdim=53 maxerr=9.72E-10 time=0.858
After sweep 8 energy=-41.22482845063473  maxlinkdim=53 maxerr=6.18E-10 time=0.678
Energy difference less than 5.0e-5, stopping DMRG
4/31
After sweep 1 energy=-44.60068104115998  maxlinkdim=53 maxerr=1.41E-06 time=1.453
After sweep 2 energy=-44.60068493321385  maxlinkdim=53 maxerr=1.41E-06 time=1.585
After sweep 3 energy=-44.600684207139146  maxlinkdim=53 maxerr=1.41E-06 time=1.547
After sweep 4 energy=-44.60232818699632  maxlinkdim=106 maxerr=2.20E-08 time=2.393
After sweep 5 energy=-44.602339877828854  maxlinkdim=60 maxerr=9.81E-10 time=1.121
After sweep 6 energy=-44.60233948975079  maxlinkdim=58 maxerr=9.75E-10 time=0.763
After sweep 7 energy=-44.60233937080329  maxlinkdim=57 maxerr=9.56E-10 time=0.609
After sweep 8 energy=-44.60233936141838  maxlinkdim=57 maxerr=7.37E-10 time=0.808
Energy difference less than 5.0e-5, stopping DMRG
5/31
After sweep 1 energy=-48.30808185204443  maxlinkdim=57 maxerr=1.16E-06 time=1.687
After sweep 2 energy=-48.30799715661351  maxlinkdim=57 maxerr=1.16E-06 time=1.795
After sweep 3 energy=-48.30808381103625  maxlinkdim=57 maxerr=1.16E-06 time=1.637
After sweep 4 energy=-48.309479118119015  maxlinkdim=114 maxerr=1.64E-08 time=2.740
After sweep 5 energy=-48.309487050798054  maxlinkdim=63 maxerr=9.70E-10 time=1.033
After sweep 6 energy=-48.30948629216164  maxlinkdim=61 maxerr=8.77E-10 time=0.797
After sweep 7 energy=-48.309486203518645  maxlinkdim=60 maxerr=7.64E-10 time=0.803
After sweep 8 energy=-48.30948609592224  maxlinkdim=59 maxerr=9.85E-10 time=0.746
Energy difference less than 5.0e-5, stopping DMRG
6/31
After sweep 1 energy=-52.38110637355367  maxlinkdim=59 maxerr=1.12E-06 time=1.908
After sweep 2 energy=-52.38111951652916  maxlinkdim=59 maxerr=1.12E-06 time=1.710
After sweep 3 energy=-52.38111541074197  maxlinkdim=59 maxerr=1.12E-06 time=1.500
After sweep 4 energy=-52.382167143853096  maxlinkdim=118 maxerr=1.57E-08 time=2.734
After sweep 5 energy=-52.382171488070526  maxlinkdim=64 maxerr=9.48E-10 time=1.237
After sweep 6 energy=-52.38217080875893  maxlinkdim=62 maxerr=9.51E-10 time=1.060
After sweep 7 energy=-52.38217053098242  maxlinkdim=62 maxerr=9.14E-10 time=0.858
After sweep 8 energy=-52.382170528519964  maxlinkdim=62 maxerr=7.90E-10 time=0.826
Energy difference less than 5.0e-5, stopping DMRG
7/31
After sweep 1 energy=-56.86037025320644  maxlinkdim=62 maxerr=9.31E-07 time=1.799
After sweep 2 energy=-56.86037048607598  maxlinkdim=62 maxerr=9.64E-07 time=1.711
After sweep 3 energy=-56.86037024716848  maxlinkdim=62 maxerr=9.64E-07 time=1.846
After sweep 4 energy=-56.8608413972411  maxlinkdim=124 maxerr=1.40E-08 time=3.206
After sweep 5 energy=-56.86084351852878  maxlinkdim=66 maxerr=9.97E-10 time=1.353
After sweep 6 energy=-56.86084309900175  maxlinkdim=64 maxerr=9.61E-10 time=1.094
After sweep 7 energy=-56.86084300922539  maxlinkdim=64 maxerr=9.97E-10 time=0.907
After sweep 8 energy=-56.86084291375869  maxlinkdim=64 maxerr=8.90E-10 time=0.887
Energy difference less than 5.0e-5, stopping DMRG
8/31
After sweep 1 energy=-61.79070987285862  maxlinkdim=64 maxerr=9.38E-07 time=1.930
After sweep 2 energy=-61.79071615348322  maxlinkdim=64 maxerr=9.38E-07 time=1.922
After sweep 3 energy=-61.79071579432902  maxlinkdim=64 maxerr=9.37E-07 time=2.147
After sweep 4 energy=-61.79124854285073  maxlinkdim=128 maxerr=1.34E-08 time=3.409
After sweep 5 energy=-61.791250603418  maxlinkdim=68 maxerr=9.95E-10 time=1.508
After sweep 6 energy=-61.791250234866766  maxlinkdim=66 maxerr=9.93E-10 time=1.175
After sweep 7 energy=-61.791250296514136  maxlinkdim=66 maxerr=8.19E-10 time=0.954
After sweep 8 energy=-61.79125026815086  maxlinkdim=66 maxerr=8.86E-10 time=1.136
Energy difference less than 5.0e-5, stopping DMRG
9/31
After sweep 1 energy=-67.2248551052307  maxlinkdim=66 maxerr=1.02E-06 time=2.028
After sweep 2 energy=-67.22485734077179  maxlinkdim=66 maxerr=1.02E-06 time=1.872
After sweep 3 energy=-67.22485718819483  maxlinkdim=66 maxerr=1.02E-06 time=2.038
After sweep 4 energy=-67.22547824036837  maxlinkdim=132 maxerr=1.42E-08 time=3.345
After sweep 5 energy=-67.22548115833719  maxlinkdim=72 maxerr=1.00E-09 time=1.561
After sweep 6 energy=-67.22548067427445  maxlinkdim=70 maxerr=9.87E-10 time=1.115
After sweep 7 energy=-67.22548027766243  maxlinkdim=68 maxerr=9.16E-10 time=0.965
After sweep 8 energy=-67.2254796948564  maxlinkdim=66 maxerr=9.88E-10 time=1.089
Energy difference less than 5.0e-5, stopping DMRG
10/31
After sweep 1 energy=-73.22234811083608  maxlinkdim=66 maxerr=1.27E-06 time=2.205
After sweep 2 energy=-73.22235014642297  maxlinkdim=66 maxerr=1.27E-06 time=2.326
After sweep 3 energy=-73.22235013713299  maxlinkdim=66 maxerr=1.26E-06 time=2.280
After sweep 4 energy=-73.22318245491883  maxlinkdim=132 maxerr=1.87E-08 time=3.525
After sweep 5 energy=-73.22318674812777  maxlinkdim=76 maxerr=9.82E-10 time=1.850
After sweep 6 energy=-73.22318606826876  maxlinkdim=73 maxerr=9.82E-10 time=1.279
After sweep 7 energy=-73.2231857794809  maxlinkdim=72 maxerr=9.58E-10 time=1.190
After sweep 8 energy=-73.22318563515996  maxlinkdim=71 maxerr=9.49E-10 time=1.209
Energy difference less than 5.0e-5, stopping DMRG
11/31
After sweep 1 energy=-79.8524236281363  maxlinkdim=71 maxerr=1.15E-06 time=2.196
After sweep 2 energy=-79.85242717390389  maxlinkdim=71 maxerr=1.15E-06 time=2.336
After sweep 3 energy=-79.85242675953882  maxlinkdim=71 maxerr=1.15E-06 time=2.302
After sweep 4 energy=-79.85319517878409  maxlinkdim=142 maxerr=1.53E-08 time=4.585
After sweep 5 energy=-79.8531983683615  maxlinkdim=79 maxerr=9.98E-10 time=1.839
After sweep 6 energy=-79.85319767946389  maxlinkdim=76 maxerr=9.95E-10 time=1.462
After sweep 7 energy=-79.85319713411431  maxlinkdim=74 maxerr=9.86E-10 time=1.564
After sweep 8 energy=-79.85319706195375  maxlinkdim=74 maxerr=9.92E-10 time=1.418
Energy difference less than 5.0e-5, stopping DMRG
12/31
After sweep 1 energy=-87.19493578651856  maxlinkdim=74 maxerr=1.18E-06 time=2.454
After sweep 2 energy=-87.19493861094173  maxlinkdim=74 maxerr=1.18E-06 time=2.405
After sweep 3 energy=-87.19493867849853  maxlinkdim=74 maxerr=1.18E-06 time=2.439
After sweep 4 energy=-87.19560342353795  maxlinkdim=148 maxerr=1.50E-08 time=4.308
After sweep 5 energy=-87.19560709949556  maxlinkdim=82 maxerr=9.42E-10 time=1.953
After sweep 6 energy=-87.1956072904208  maxlinkdim=81 maxerr=9.44E-10 time=1.580
After sweep 7 energy=-87.19560687846167  maxlinkdim=79 maxerr=9.03E-10 time=1.528
After sweep 8 energy=-87.19560645251985  maxlinkdim=77 maxerr=9.63E-10 time=1.529
Energy difference less than 5.0e-5, stopping DMRG
13/31
After sweep 1 energy=-95.34381751725297  maxlinkdim=77 maxerr=1.20E-06 time=2.757
After sweep 2 energy=-95.3438281401198  maxlinkdim=77 maxerr=1.20E-06 time=2.735
After sweep 3 energy=-95.34382802445732  maxlinkdim=77 maxerr=1.20E-06 time=2.701
After sweep 4 energy=-95.34448400270728  maxlinkdim=154 maxerr=1.45E-08 time=4.740
After sweep 5 energy=-95.34448821415118  maxlinkdim=84 maxerr=9.73E-10 time=2.110
After sweep 6 energy=-95.34448795918587  maxlinkdim=82 maxerr=9.20E-10 time=1.684
After sweep 7 energy=-95.34448796898735  maxlinkdim=83 maxerr=9.75E-10 time=1.625
After sweep 8 energy=-95.3444877536476  maxlinkdim=81 maxerr=9.79E-10 time=1.585
Energy difference less than 5.0e-5, stopping DMRG
14/31
After sweep 1 energy=-104.41082002853051  maxlinkdim=81 maxerr=1.10E-06 time=2.983
After sweep 2 energy=-104.41082328767004  maxlinkdim=81 maxerr=1.10E-06 time=2.709
After sweep 3 energy=-104.41082326373527  maxlinkdim=81 maxerr=1.10E-06 time=2.779
After sweep 4 energy=-104.41150057648397  maxlinkdim=162 maxerr=1.33E-08 time=5.315
After sweep 5 energy=-104.41150524585295  maxlinkdim=87 maxerr=9.93E-10 time=2.362
After sweep 6 energy=-104.4115051481608  maxlinkdim=85 maxerr=9.88E-10 time=1.892
After sweep 7 energy=-104.41150519496375  maxlinkdim=86 maxerr=9.39E-10 time=1.695
After sweep 8 energy=-104.41150505206767  maxlinkdim=85 maxerr=9.49E-10 time=1.802
Energy difference less than 5.0e-5, stopping DMRG
15/31
After sweep 1 energy=-114.53023145065185  maxlinkdim=85 maxerr=1.01E-06 time=3.233
After sweep 2 energy=-114.53023269896902  maxlinkdim=85 maxerr=1.01E-06 time=2.875
After sweep 3 energy=-114.53023263548036  maxlinkdim=85 maxerr=1.01E-06 time=3.266
After sweep 4 energy=-114.53073666771652  maxlinkdim=170 maxerr=1.26E-08 time=5.457
After sweep 5 energy=-114.530742144187  maxlinkdim=91 maxerr=9.36E-10 time=2.566
After sweep 6 energy=-114.53074202223691  maxlinkdim=90 maxerr=9.28E-10 time=2.014
After sweep 7 energy=-114.53074161053266  maxlinkdim=89 maxerr=9.86E-10 time=2.014
After sweep 8 energy=-114.53074152970567  maxlinkdim=88 maxerr=9.90E-10 time=1.779
Energy difference less than 5.0e-5, stopping DMRG
16/31
After sweep 1 energy=-125.86473246761348  maxlinkdim=88 maxerr=9.75E-07 time=3.391
After sweep 2 energy=-125.8647372655675  maxlinkdim=88 maxerr=9.77E-07 time=3.112
After sweep 3 energy=-125.86473658406535  maxlinkdim=88 maxerr=9.77E-07 time=3.318
After sweep 4 energy=-125.86526876482753  maxlinkdim=176 maxerr=1.26E-08 time=5.692
After sweep 5 energy=-125.86527374989761  maxlinkdim=93 maxerr=1.00E-09 time=2.598
After sweep 6 energy=-125.86527365704876  maxlinkdim=93 maxerr=9.62E-10 time=2.034
After sweep 7 energy=-125.86527351445204  maxlinkdim=92 maxerr=9.78E-10 time=2.064
After sweep 8 energy=-125.86527305083321  maxlinkdim=91 maxerr=9.95E-10 time=1.955
Energy difference less than 5.0e-5, stopping DMRG
17/31
After sweep 1 energy=-138.61567690767214  maxlinkdim=91 maxerr=9.62E-07 time=3.653
After sweep 2 energy=-138.61568134784258  maxlinkdim=91 maxerr=9.63E-07 time=3.539
After sweep 3 energy=-138.61568153158498  maxlinkdim=91 maxerr=9.63E-07 time=3.762
After sweep 4 energy=-138.61624214554521  maxlinkdim=182 maxerr=1.26E-08 time=6.581
After sweep 5 energy=-138.6162457547798  maxlinkdim=95 maxerr=9.72E-10 time=2.682
After sweep 6 energy=-138.61624558369746  maxlinkdim=94 maxerr=9.88E-10 time=2.111
After sweep 7 energy=-138.6162455695725  maxlinkdim=94 maxerr=9.89E-10 time=2.125
After sweep 8 energy=-138.61624545675568  maxlinkdim=93 maxerr=9.96E-10 time=2.184
Energy difference less than 5.0e-5, stopping DMRG
18/31
After sweep 1 energy=-153.0350196712694  maxlinkdim=93 maxerr=1.10E-06 time=3.719
After sweep 2 energy=-153.0350197434831  maxlinkdim=93 maxerr=1.09E-06 time=3.709
After sweep 3 energy=-153.03501981672287  maxlinkdim=93 maxerr=1.09E-06 time=3.788
After sweep 4 energy=-153.03563827813915  maxlinkdim=186 maxerr=1.75E-08 time=7.059
After sweep 5 energy=-153.03564286675103  maxlinkdim=98 maxerr=9.75E-10 time=2.998
After sweep 6 energy=-153.03564280542187  maxlinkdim=97 maxerr=9.71E-10 time=2.360
After sweep 7 energy=-153.03564275186113  maxlinkdim=97 maxerr=9.67E-10 time=2.278
After sweep 8 energy=-153.0356427149203  maxlinkdim=97 maxerr=9.57E-10 time=2.321
Energy difference less than 5.0e-5, stopping DMRG
19/31
After sweep 1 energy=-169.44385667432613  maxlinkdim=97 maxerr=1.21E-06 time=4.124
After sweep 2 energy=-169.4438562559714  maxlinkdim=97 maxerr=1.21E-06 time=3.944
After sweep 3 energy=-169.44385622519408  maxlinkdim=97 maxerr=1.21E-06 time=4.018
After sweep 4 energy=-169.444596325115  maxlinkdim=194 maxerr=2.09E-08 time=7.163
After sweep 5 energy=-169.44460015762652  maxlinkdim=100 maxerr=9.65E-10 time=3.012
After sweep 6 energy=-169.4446001134663  maxlinkdim=100 maxerr=9.96E-10 time=2.273
After sweep 7 energy=-169.44459993225408  maxlinkdim=99 maxerr=9.92E-10 time=2.377
After sweep 8 energy=-169.44460004181934  maxlinkdim=99 maxerr=9.97E-10 time=2.443
Energy difference less than 5.0e-5, stopping DMRG
20/31
After sweep 1 energy=-188.25933909673094  maxlinkdim=99 maxerr=1.56E-06 time=4.382
After sweep 2 energy=-188.25933890192405  maxlinkdim=99 maxerr=1.54E-06 time=4.229
After sweep 3 energy=-188.25933891837877  maxlinkdim=99 maxerr=1.54E-06 time=4.279
After sweep 4 energy=-188.26025867687298  maxlinkdim=198 maxerr=2.93E-08 time=7.253
After sweep 5 energy=-188.26026277536343  maxlinkdim=104 maxerr=9.64E-10 time=3.134
After sweep 6 energy=-188.2602626614232  maxlinkdim=102 maxerr=9.45E-10 time=2.461
After sweep 7 energy=-188.260262544329  maxlinkdim=102 maxerr=9.60E-10 time=2.572
After sweep 8 energy=-188.26026247383433  maxlinkdim=102 maxerr=9.67E-10 time=2.530
Energy difference less than 5.0e-5, stopping DMRG
21/31
After sweep 1 energy=-210.03510022120403  maxlinkdim=102 maxerr=1.93E-06 time=4.411
After sweep 2 energy=-210.03509954695332  maxlinkdim=102 maxerr=1.92E-06 time=4.350
After sweep 3 energy=-210.03509936792253  maxlinkdim=102 maxerr=1.92E-06 time=4.478
After sweep 4 energy=-210.03618893441984  maxlinkdim=204 maxerr=3.95E-08 time=7.942
After sweep 5 energy=-210.03619280421208  maxlinkdim=107 maxerr=9.87E-10 time=3.325
After sweep 6 energy=-210.03619267914198  maxlinkdim=105 maxerr=9.90E-10 time=2.822
After sweep 7 energy=-210.03619267923577  maxlinkdim=105 maxerr=9.83E-10 time=2.688
After sweep 8 energy=-210.036192677556  maxlinkdim=105 maxerr=9.83E-10 time=2.589
Energy difference less than 5.0e-5, stopping DMRG
22/31
After sweep 1 energy=-235.52395357675135  maxlinkdim=105 maxerr=2.44E-06 time=4.550
After sweep 2 energy=-235.52395261368633  maxlinkdim=105 maxerr=2.44E-06 time=4.449
After sweep 3 energy=-235.5239528610408  maxlinkdim=105 maxerr=2.44E-06 time=4.523
After sweep 4 energy=-235.52495402258512  maxlinkdim=210 maxerr=5.37E-08 time=7.646
After sweep 5 energy=-235.5249581390618  maxlinkdim=109 maxerr=9.95E-10 time=3.425
After sweep 6 energy=-235.52495813981244  maxlinkdim=109 maxerr=9.55E-10 time=2.853
After sweep 7 energy=-235.52495813965731  maxlinkdim=109 maxerr=9.53E-10 time=2.637
After sweep 8 energy=-235.52495813977538  maxlinkdim=109 maxerr=9.52E-10 time=2.761
Energy difference less than 5.0e-5, stopping DMRG
23/31
After sweep 1 energy=-265.77756679140714  maxlinkdim=109 maxerr=3.08E-06 time=4.799
After sweep 2 energy=-265.77756602090136  maxlinkdim=109 maxerr=3.08E-06 time=4.814
After sweep 3 energy=-265.777566215867  maxlinkdim=109 maxerr=3.08E-06 time=4.790
After sweep 4 energy=-265.7784365949505  maxlinkdim=218 maxerr=6.97E-08 time=8.570
After sweep 5 energy=-265.7784407954277  maxlinkdim=111 maxerr=9.91E-10 time=3.653
After sweep 6 energy=-265.77844079890724  maxlinkdim=111 maxerr=9.95E-10 time=2.818
After sweep 7 energy=-265.77844079869203  maxlinkdim=111 maxerr=9.94E-10 time=2.944
After sweep 8 energy=-265.7784407988812  maxlinkdim=111 maxerr=9.93E-10 time=2.818
Energy difference less than 5.0e-5, stopping DMRG
24/31
After sweep 1 energy=-302.3143728337983  maxlinkdim=111 maxerr=4.33E-06 time=4.689
After sweep 2 energy=-302.3143605462494  maxlinkdim=111 maxerr=4.33E-06 time=4.819
After sweep 3 energy=-302.3143602675339  maxlinkdim=111 maxerr=4.33E-06 time=4.788
After sweep 4 energy=-302.31518899546217  maxlinkdim=222 maxerr=1.04E-07 time=8.551
After sweep 5 energy=-302.31519340241283  maxlinkdim=112 maxerr=9.98E-10 time=3.473
After sweep 6 energy=-302.3151934026887  maxlinkdim=112 maxerr=9.65E-10 time=2.946
After sweep 7 energy=-302.3151934025122  maxlinkdim=112 maxerr=9.63E-10 time=3.124
After sweep 8 energy=-302.31519340280045  maxlinkdim=112 maxerr=9.62E-10 time=2.933
Energy difference less than 5.0e-5, stopping DMRG
25/31
After sweep 1 energy=-347.4125412557728  maxlinkdim=112 maxerr=6.34E-06 time=5.204
After sweep 2 energy=-347.4125408111048  maxlinkdim=112 maxerr=6.34E-06 time=4.928
After sweep 3 energy=-347.41254090656207  maxlinkdim=112 maxerr=6.34E-06 time=4.623
After sweep 4 energy=-347.4134914754948  maxlinkdim=224 maxerr=1.67E-07 time=8.350
After sweep 5 energy=-347.4134964769842  maxlinkdim=114 maxerr=9.75E-10 time=3.748
After sweep 6 energy=-347.41349647932947  maxlinkdim=114 maxerr=9.73E-10 time=3.093
After sweep 7 energy=-347.4134964581591  maxlinkdim=114 maxerr=9.69E-10 time=3.080
After sweep 8 energy=-347.41349644821616  maxlinkdim=114 maxerr=9.66E-10 time=2.927
Energy difference less than 5.0e-5, stopping DMRG
26/31
After sweep 1 energy=-404.65445673603983  maxlinkdim=114 maxerr=9.20E-06 time=5.150
After sweep 2 energy=-404.65445645220353  maxlinkdim=114 maxerr=9.20E-06 time=4.984
After sweep 3 energy=-404.65445639531566  maxlinkdim=114 maxerr=9.20E-06 time=5.388
After sweep 4 energy=-404.6557680193005  maxlinkdim=228 maxerr=2.59E-07 time=9.200
After sweep 5 energy=-404.6557743486812  maxlinkdim=116 maxerr=9.98E-10 time=3.695
After sweep 6 energy=-404.65577425732835  maxlinkdim=115 maxerr=9.93E-10 time=3.157
After sweep 7 energy=-404.6557742577318  maxlinkdim=115 maxerr=9.83E-10 time=3.234
After sweep 8 energy=-404.6557742579838  maxlinkdim=115 maxerr=9.82E-10 time=2.949
Energy difference less than 5.0e-5, stopping DMRG
27/31
After sweep 1 energy=-480.0160139924752  maxlinkdim=115 maxerr=1.42E-05 time=4.873
After sweep 2 energy=-480.0160134994002  maxlinkdim=115 maxerr=1.43E-05 time=4.824
After sweep 3 energy=-480.0160134487741  maxlinkdim=115 maxerr=1.43E-05 time=5.054
After sweep 4 energy=-480.0175495978774  maxlinkdim=230 maxerr=4.39E-07 time=8.957
After sweep 5 energy=-480.0175573596287  maxlinkdim=117 maxerr=9.82E-10 time=3.657
After sweep 6 energy=-480.01755735006367  maxlinkdim=117 maxerr=9.65E-10 time=3.439
After sweep 7 energy=-480.0175573503125  maxlinkdim=117 maxerr=9.58E-10 time=3.210
After sweep 8 energy=-480.01755735031486  maxlinkdim=117 maxerr=9.58E-10 time=3.373
Energy difference less than 5.0e-5, stopping DMRG
28/31
After sweep 1 energy=-584.2616572088041  maxlinkdim=117 maxerr=2.22E-05 time=4.782
After sweep 2 energy=-584.2616567456987  maxlinkdim=117 maxerr=2.22E-05 time=5.243
After sweep 3 energy=-584.2616567511035  maxlinkdim=117 maxerr=2.22E-05 time=5.282
After sweep 4 energy=-584.2632485532874  maxlinkdim=234 maxerr=7.28E-07 time=9.661
After sweep 5 energy=-584.2632587995621  maxlinkdim=117 maxerr=9.95E-10 time=3.867
After sweep 6 energy=-584.2632588011237  maxlinkdim=117 maxerr=9.63E-10 time=3.355
After sweep 7 energy=-584.2632588011859  maxlinkdim=117 maxerr=9.64E-10 time=3.541
After sweep 8 energy=-584.2632587842983  maxlinkdim=117 maxerr=9.63E-10 time=3.225
Energy difference less than 5.0e-5, stopping DMRG
29/31
After sweep 1 energy=-738.9334111717174  maxlinkdim=117 maxerr=3.77E-05 time=5.591
After sweep 2 energy=-738.9334111424324  maxlinkdim=117 maxerr=3.77E-05 time=5.184
After sweep 3 energy=-738.93341114243  maxlinkdim=117 maxerr=3.77E-05 time=5.220
After sweep 4 energy=-738.9355596103268  maxlinkdim=234 maxerr=1.30E-06 time=9.526
After sweep 5 energy=-738.9355731439223  maxlinkdim=118 maxerr=9.90E-10 time=3.930
After sweep 6 energy=-738.935573145276  maxlinkdim=118 maxerr=9.36E-10 time=3.603
After sweep 7 energy=-738.9355731452804  maxlinkdim=118 maxerr=9.35E-10 time=3.505
After sweep 8 energy=-738.9355731452814  maxlinkdim=118 maxerr=9.35E-10 time=3.694
Energy difference less than 5.0e-5, stopping DMRG
30/31
After sweep 1 energy=-994.3205768445524  maxlinkdim=118 maxerr=3.52E-05 time=5.497
After sweep 2 energy=-994.3205768075663  maxlinkdim=118 maxerr=3.52E-05 time=5.122
After sweep 3 energy=-994.3205768075604  maxlinkdim=118 maxerr=3.52E-05 time=4.855
After sweep 4 energy=-994.3233918953615  maxlinkdim=236 maxerr=1.23E-06 time=9.609
After sweep 5 energy=-994.3234103574639  maxlinkdim=119 maxerr=9.98E-10 time=3.835
After sweep 6 energy=-994.3234103581594  maxlinkdim=119 maxerr=9.41E-10 time=3.458
After sweep 7 energy=-994.3234103408558  maxlinkdim=119 maxerr=9.40E-10 time=3.528
After sweep 8 energy=-994.3234102428462  maxlinkdim=119 maxerr=9.98E-10 time=3.651
Energy difference less than 5.0e-5, stopping DMRG
31/31
After sweep 1 energy=-1501.3289201119412  maxlinkdim=119 maxerr=3.36E-05 time=5.212
After sweep 2 energy=-1501.3289200448166  maxlinkdim=119 maxerr=3.36E-05 time=5.033
After sweep 3 energy=-1501.3289200448164  maxlinkdim=119 maxerr=3.36E-05 time=5.295
After sweep 4 energy=-1501.3329768517824  maxlinkdim=238 maxerr=1.13E-06 time=9.529
After sweep 5 energy=-1501.3330028462597  maxlinkdim=119 maxerr=9.93E-10 time=3.970
After sweep 6 energy=-1501.333002847091  maxlinkdim=119 maxerr=9.27E-10 time=3.622
After sweep 7 energy=-1501.3330028470614  maxlinkdim=119 maxerr=9.26E-10 time=3.393
After sweep 8 energy=-1501.3330026716767  maxlinkdim=119 maxerr=9.98E-10 time=3.593
Energy difference less than 5.0e-5, stopping DMRG
Using a 4 by 5 lattice:
1/31
After sweep 1 energy=-46.52764243954539  maxlinkdim=25 maxerr=4.88E-06 time=17.670
After sweep 2 energy=-46.52747006920123  maxlinkdim=25 maxerr=7.20E-05 time=1.161
After sweep 3 energy=-46.527122747300055  maxlinkdim=25 maxerr=7.06E-05 time=0.610
After sweep 4 energy=-46.71541378164875  maxlinkdim=50 maxerr=1.10E-06 time=1.789
After sweep 5 energy=-46.71538340240634  maxlinkdim=50 maxerr=1.31E-06 time=2.314
After sweep 6 energy=-46.71515182060375  maxlinkdim=50 maxerr=1.31E-06 time=2.002
After sweep 7 energy=-46.71871901027986  maxlinkdim=145 maxerr=9.91E-10 time=4.301
After sweep 8 energy=-46.71872041060092  maxlinkdim=146 maxerr=9.92E-10 time=5.061
After sweep 9 energy=-46.71872043630256  maxlinkdim=147 maxerr=9.99E-10 time=4.929
After sweep 10 energy=-46.71872044386281  maxlinkdim=147 maxerr=9.91E-10 time=4.829
After sweep 11 energy=-46.71872041239484  maxlinkdim=146 maxerr=9.98E-10 time=4.954
After sweep 12 energy=-46.71872043036028  maxlinkdim=147 maxerr=9.90E-10 time=4.878
After sweep 13 energy=-46.718720413627786  maxlinkdim=146 maxerr=9.98E-10 time=5.163
After sweep 14 energy=-46.71872043171416  maxlinkdim=147 maxerr=9.93E-10 time=4.963
After sweep 15 energy=-46.71872038591612  maxlinkdim=146 maxerr=1.00E-09 time=5.058
After sweep 16 energy=-46.71872198530173  maxlinkdim=53 maxerr=9.96E-10 time=2.093
After sweep 17 energy=-46.718721827070844  maxlinkdim=53 maxerr=9.13E-10 time=1.036
After sweep 18 energy=-46.71872182129573  maxlinkdim=53 maxerr=7.93E-10 time=1.024
After sweep 19 energy=-46.71872182078687  maxlinkdim=53 maxerr=9.74E-10 time=1.191
After sweep 20 energy=-46.71872182910488  maxlinkdim=53 maxerr=9.74E-10 time=1.057
After sweep 21 energy=-46.71872182530904  maxlinkdim=53 maxerr=9.33E-10 time=1.028
After sweep 22 energy=-46.71872181944931  maxlinkdim=53 maxerr=8.97E-10 time=1.215
After sweep 23 energy=-46.71872181393299  maxlinkdim=53 maxerr=8.52E-10 time=1.036
After sweep 24 energy=-46.71872180796616  maxlinkdim=53 maxerr=7.75E-10 time=1.025
After sweep 25 energy=-46.718721803691096  maxlinkdim=53 maxerr=6.60E-10 time=1.118
After sweep 26 energy=-46.71872180227149  maxlinkdim=53 maxerr=5.85E-10 time=1.144
After sweep 27 energy=-46.7187218024855  maxlinkdim=53 maxerr=6.19E-10 time=1.038
After sweep 28 energy=-46.718721799564165  maxlinkdim=53 maxerr=7.69E-10 time=1.037
After sweep 29 energy=-46.71872179740376  maxlinkdim=53 maxerr=7.78E-10 time=1.203
After sweep 30 energy=-46.7187217946157  maxlinkdim=53 maxerr=8.36E-10 time=1.037
After sweep 31 energy=-46.71872179247157  maxlinkdim=53 maxerr=8.36E-10 time=1.010
After sweep 32 energy=-46.71872179173207  maxlinkdim=53 maxerr=7.26E-10 time=1.084
After sweep 33 energy=-46.71872178620333  maxlinkdim=53 maxerr=4.65E-10 time=1.104
After sweep 34 energy=-46.7187217806777  maxlinkdim=53 maxerr=4.41E-10 time=1.255
After sweep 35 energy=-46.71872177976047  maxlinkdim=53 maxerr=4.62E-10 time=1.029
After sweep 36 energy=-46.71872177488949  maxlinkdim=53 maxerr=4.88E-10 time=1.025
After sweep 37 energy=-46.71872177304067  maxlinkdim=53 maxerr=5.21E-10 time=1.034
After sweep 38 energy=-46.71872176820125  maxlinkdim=53 maxerr=5.61E-10 time=1.183
After sweep 39 energy=-46.718721764555994  maxlinkdim=53 maxerr=6.07E-10 time=1.052
After sweep 40 energy=-46.718721760917106  maxlinkdim=53 maxerr=6.54E-10 time=1.024
After sweep 41 energy=-46.71872175985554  maxlinkdim=53 maxerr=6.96E-10 time=1.048
Energy difference less than 5.0e-5, stopping DMRG
2/31
After sweep 1 energy=-50.4010942653278  maxlinkdim=53 maxerr=1.15E-06 time=2.399
After sweep 2 energy=-50.40109810664772  maxlinkdim=53 maxerr=1.14E-06 time=2.407
After sweep 3 energy=-50.4010992865492  maxlinkdim=53 maxerr=1.15E-06 time=2.367
After sweep 4 energy=-50.40303002272205  maxlinkdim=106 maxerr=2.30E-08 time=4.445
After sweep 5 energy=-50.40305216726397  maxlinkdim=53 maxerr=9.68E-10 time=1.756
After sweep 6 energy=-50.40305174338391  maxlinkdim=53 maxerr=9.59E-10 time=1.048
After sweep 7 energy=-50.40305173645993  maxlinkdim=53 maxerr=7.91E-10 time=1.037
After sweep 8 energy=-50.40305155151145  maxlinkdim=53 maxerr=9.96E-10 time=1.030
Energy difference less than 5.0e-5, stopping DMRG
3/31
After sweep 1 energy=-54.43329743748935  maxlinkdim=53 maxerr=1.35E-06 time=2.078
After sweep 2 energy=-54.43330937438758  maxlinkdim=53 maxerr=1.36E-06 time=2.638
After sweep 3 energy=-54.433305499684046  maxlinkdim=53 maxerr=1.36E-06 time=2.469
After sweep 4 energy=-54.43569789709038  maxlinkdim=106 maxerr=2.99E-08 time=4.666
After sweep 5 energy=-54.435729745913065  maxlinkdim=58 maxerr=9.78E-10 time=1.915
After sweep 6 energy=-54.43572865697613  maxlinkdim=55 maxerr=9.55E-10 time=1.135
After sweep 7 energy=-54.43572791650716  maxlinkdim=54 maxerr=9.60E-10 time=1.195
After sweep 8 energy=-54.435727822461416  maxlinkdim=54 maxerr=9.51E-10 time=1.031
Energy difference less than 5.0e-5, stopping DMRG
4/31
After sweep 1 energy=-58.85042806318077  maxlinkdim=54 maxerr=1.46E-06 time=2.537
After sweep 2 energy=-58.850406520888114  maxlinkdim=54 maxerr=1.45E-06 time=2.418
After sweep 3 energy=-58.850414772761305  maxlinkdim=54 maxerr=1.46E-06 time=2.662
After sweep 4 energy=-58.85325672808385  maxlinkdim=108 maxerr=3.32E-08 time=5.189
After sweep 5 energy=-58.853294546512835  maxlinkdim=61 maxerr=9.81E-10 time=1.999
After sweep 6 energy=-58.8532938880581  maxlinkdim=58 maxerr=9.99E-10 time=1.413
After sweep 7 energy=-58.8532936910987  maxlinkdim=58 maxerr=8.99E-10 time=1.362
After sweep 8 energy=-58.85329377389722  maxlinkdim=58 maxerr=9.16E-10 time=1.232
Energy difference less than 5.0e-5, stopping DMRG
5/31
After sweep 1 energy=-63.693644190312455  maxlinkdim=58 maxerr=1.17E-06 time=2.535
After sweep 2 energy=-63.69364969274028  maxlinkdim=58 maxerr=1.19E-06 time=3.001
After sweep 3 energy=-63.69364520830216  maxlinkdim=58 maxerr=1.19E-06 time=2.994
After sweep 4 energy=-63.69656330002441  maxlinkdim=116 maxerr=2.61E-08 time=5.747
After sweep 5 energy=-63.6965969203784  maxlinkdim=63 maxerr=9.55E-10 time=2.180
After sweep 6 energy=-63.69659606204459  maxlinkdim=61 maxerr=9.91E-10 time=1.448
After sweep 7 energy=-63.696595750736876  maxlinkdim=61 maxerr=9.76E-10 time=1.416
After sweep 8 energy=-63.69659574196892  maxlinkdim=61 maxerr=7.98E-10 time=1.426
Energy difference less than 5.0e-5, stopping DMRG
6/31
After sweep 1 energy=-69.00903083612025  maxlinkdim=61 maxerr=1.12E-06 time=2.826
After sweep 2 energy=-69.00903015744336  maxlinkdim=61 maxerr=1.13E-06 time=2.844
After sweep 3 energy=-69.00903131513621  maxlinkdim=61 maxerr=1.12E-06 time=2.842
After sweep 4 energy=-69.01142030757552  maxlinkdim=122 maxerr=2.50E-08 time=6.025
After sweep 5 energy=-69.01144889107323  maxlinkdim=64 maxerr=9.62E-10 time=2.129
After sweep 6 energy=-69.01144787969085  maxlinkdim=63 maxerr=9.94E-10 time=1.400
After sweep 7 energy=-69.01144735698749  maxlinkdim=62 maxerr=1.00E-09 time=1.374
After sweep 8 energy=-69.01144735131447  maxlinkdim=62 maxerr=9.40E-10 time=1.445
Energy difference less than 5.0e-5, stopping DMRG
7/31
After sweep 1 energy=-74.8470705340989  maxlinkdim=62 maxerr=1.25E-06 time=3.087
After sweep 2 energy=-74.84706921001424  maxlinkdim=62 maxerr=1.26E-06 time=3.137
After sweep 3 energy=-74.8470348376838  maxlinkdim=62 maxerr=1.26E-06 time=3.109
After sweep 4 energy=-74.84944827381057  maxlinkdim=124 maxerr=2.91E-08 time=6.657
After sweep 5 energy=-74.84947950350966  maxlinkdim=69 maxerr=9.79E-10 time=2.714
After sweep 6 energy=-74.8494783785386  maxlinkdim=66 maxerr=9.71E-10 time=1.645
After sweep 7 energy=-74.8494778700771  maxlinkdim=65 maxerr=9.98E-10 time=1.738
After sweep 8 energy=-74.84947783151928  maxlinkdim=65 maxerr=9.44E-10 time=1.550
Energy difference less than 5.0e-5, stopping DMRG
8/31
After sweep 1 energy=-81.26736653187372  maxlinkdim=65 maxerr=1.17E-06 time=3.315
After sweep 2 energy=-81.2673749981097  maxlinkdim=65 maxerr=1.19E-06 time=3.519
After sweep 3 energy=-81.26736720811088  maxlinkdim=65 maxerr=1.19E-06 time=3.475
After sweep 4 energy=-81.2691041061245  maxlinkdim=130 maxerr=2.68E-08 time=7.132
After sweep 5 energy=-81.26911995634772  maxlinkdim=71 maxerr=9.96E-10 time=2.783
After sweep 6 energy=-81.26911927590831  maxlinkdim=70 maxerr=9.88E-10 time=1.880
After sweep 7 energy=-81.26911867545864  maxlinkdim=69 maxerr=9.86E-10 time=1.838
After sweep 8 energy=-81.26911808632542  maxlinkdim=68 maxerr=9.82E-10 time=1.651
Energy difference less than 5.0e-5, stopping DMRG
9/31
After sweep 1 energy=-88.33512173736928  maxlinkdim=68 maxerr=1.08E-06 time=3.464
After sweep 2 energy=-88.33512547169033  maxlinkdim=68 maxerr=1.15E-06 time=4.186
After sweep 3 energy=-88.33512253161443  maxlinkdim=68 maxerr=1.14E-06 time=3.831
After sweep 4 energy=-88.33694977553975  maxlinkdim=136 maxerr=2.39E-08 time=7.841
After sweep 5 energy=-88.33696399476095  maxlinkdim=74 maxerr=9.92E-10 time=2.939
After sweep 6 energy=-88.33696295035921  maxlinkdim=71 maxerr=9.90E-10 time=2.023
After sweep 7 energy=-88.33696228513547  maxlinkdim=71 maxerr=9.99E-10 time=1.843
After sweep 8 energy=-88.33696193911777  maxlinkdim=71 maxerr=9.57E-10 time=1.890
Energy difference less than 5.0e-5, stopping DMRG
10/31
After sweep 1 energy=-96.12777541179935  maxlinkdim=71 maxerr=1.09E-06 time=3.701
After sweep 2 energy=-96.12809602300126  maxlinkdim=71 maxerr=1.13E-06 time=4.211
After sweep 3 energy=-96.12809561463037  maxlinkdim=71 maxerr=1.12E-06 time=4.002
After sweep 4 energy=-96.12938297672414  maxlinkdim=142 maxerr=2.14E-08 time=8.037
After sweep 5 energy=-96.12939554978074  maxlinkdim=78 maxerr=9.93E-10 time=3.323
After sweep 6 energy=-96.12939489155838  maxlinkdim=77 maxerr=9.92E-10 time=2.275
After sweep 7 energy=-96.12939383164014  maxlinkdim=76 maxerr=9.87E-10 time=2.331
After sweep 8 energy=-96.12939297444214  maxlinkdim=74 maxerr=9.99E-10 time=2.058
Energy difference less than 5.0e-5, stopping DMRG
11/31
After sweep 1 energy=-104.7332866129349  maxlinkdim=74 maxerr=1.13E-06 time=4.092
After sweep 2 energy=-104.73328876045242  maxlinkdim=74 maxerr=1.21E-06 time=4.341
After sweep 3 energy=-104.73328874653494  maxlinkdim=74 maxerr=1.21E-06 time=4.237
After sweep 4 energy=-104.73470974200913  maxlinkdim=148 maxerr=2.13E-08 time=8.661
After sweep 5 energy=-104.73472411049615  maxlinkdim=83 maxerr=9.93E-10 time=3.462
After sweep 6 energy=-104.73472322415319  maxlinkdim=82 maxerr=9.53E-10 time=2.589
After sweep 7 energy=-104.73472266149292  maxlinkdim=81 maxerr=9.86E-10 time=2.576
After sweep 8 energy=-104.73472242352682  maxlinkdim=80 maxerr=9.68E-10 time=2.692
Energy difference less than 5.0e-5, stopping DMRG
12/31
After sweep 1 energy=-114.25475835965817  maxlinkdim=80 maxerr=1.03E-06 time=4.794
After sweep 2 energy=-114.25476814290877  maxlinkdim=80 maxerr=1.05E-06 time=4.975
After sweep 3 energy=-114.25476780653358  maxlinkdim=80 maxerr=1.05E-06 time=4.904
After sweep 4 energy=-114.25593681003895  maxlinkdim=160 maxerr=1.80E-08 time=11.233
After sweep 5 energy=-114.2559496016014  maxlinkdim=90 maxerr=9.85E-10 time=4.063
After sweep 6 energy=-114.2559488255029  maxlinkdim=88 maxerr=9.89E-10 time=3.058
After sweep 7 energy=-114.25594804324504  maxlinkdim=87 maxerr=9.97E-10 time=2.882
After sweep 8 energy=-114.25594798118988  maxlinkdim=86 maxerr=9.65E-10 time=3.107
Energy difference less than 5.0e-5, stopping DMRG
13/31
After sweep 1 energy=-124.81318002135134  maxlinkdim=86 maxerr=8.81E-07 time=5.552
After sweep 2 energy=-124.81319650719934  maxlinkdim=86 maxerr=8.97E-07 time=5.716
After sweep 3 energy=-124.81319636306509  maxlinkdim=86 maxerr=8.96E-07 time=5.535
After sweep 4 energy=-124.81435131005365  maxlinkdim=172 maxerr=1.53E-08 time=11.656
After sweep 5 energy=-124.814362700202  maxlinkdim=97 maxerr=9.96E-10 time=4.675
After sweep 6 energy=-124.81436195788152  maxlinkdim=95 maxerr=9.95E-10 time=3.469
After sweep 7 energy=-124.814361635735  maxlinkdim=94 maxerr=9.79E-10 time=3.053
After sweep 8 energy=-124.81436122313539  maxlinkdim=93 maxerr=9.54E-10 time=3.255
Energy difference less than 5.0e-5, stopping DMRG
14/31
After sweep 1 energy=-136.55333089051564  maxlinkdim=93 maxerr=7.04E-07 time=6.518
After sweep 2 energy=-136.55334342168115  maxlinkdim=93 maxerr=7.31E-07 time=6.824
After sweep 3 energy=-136.5533428670766  maxlinkdim=93 maxerr=7.30E-07 time=6.478
After sweep 4 energy=-136.55430757101897  maxlinkdim=186 maxerr=1.27E-08 time=12.366
After sweep 5 energy=-136.55431843229962  maxlinkdim=104 maxerr=9.82E-10 time=4.967
After sweep 6 energy=-136.55431812055716  maxlinkdim=101 maxerr=9.96E-10 time=3.555
After sweep 7 energy=-136.55431780681147  maxlinkdim=101 maxerr=9.92E-10 time=3.578
After sweep 8 energy=-136.55431715358827  maxlinkdim=98 maxerr=9.86E-10 time=3.709
Energy difference less than 5.0e-5, stopping DMRG
15/31
After sweep 1 energy=-149.64856999174475  maxlinkdim=98 maxerr=6.43E-07 time=7.327
After sweep 2 energy=-149.64857585068745  maxlinkdim=98 maxerr=6.63E-07 time=7.555
After sweep 3 energy=-149.648575537546  maxlinkdim=98 maxerr=6.62E-07 time=7.120
After sweep 4 energy=-149.64959907261766  maxlinkdim=196 maxerr=1.23E-08 time=14.254
After sweep 5 energy=-149.64961182739583  maxlinkdim=109 maxerr=9.90E-10 time=5.685
After sweep 6 energy=-149.64961102396168  maxlinkdim=106 maxerr=9.83E-10 time=4.218
After sweep 7 energy=-149.6496105840957  maxlinkdim=104 maxerr=9.69E-10 time=3.804
After sweep 8 energy=-149.6496101714979  maxlinkdim=102 maxerr=9.97E-10 time=3.775
Energy difference less than 5.0e-5, stopping DMRG
16/31
After sweep 1 energy=-164.31130403203014  maxlinkdim=102 maxerr=6.03E-07 time=7.394
After sweep 2 energy=-164.31130680226826  maxlinkdim=102 maxerr=6.23E-07 time=7.949
After sweep 3 energy=-164.31130687931366  maxlinkdim=102 maxerr=6.22E-07 time=8.280
After sweep 4 energy=-164.31210506078097  maxlinkdim=204 maxerr=1.24E-08 time=14.612
After sweep 5 energy=-164.31211996782986  maxlinkdim=120 maxerr=9.82E-10 time=5.763
After sweep 6 energy=-164.31211943550147  maxlinkdim=117 maxerr=9.82E-10 time=4.246
After sweep 7 energy=-164.31211920177753  maxlinkdim=114 maxerr=9.87E-10 time=4.182
After sweep 8 energy=-164.31211912025103  maxlinkdim=115 maxerr=9.94E-10 time=4.237
Energy difference less than 5.0e-5, stopping DMRG
17/31
After sweep 1 energy=-180.80314260114338  maxlinkdim=115 maxerr=3.81E-07 time=9.228
After sweep 2 energy=-180.80314438548368  maxlinkdim=115 maxerr=3.91E-07 time=9.484
After sweep 3 energy=-180.80314427339653  maxlinkdim=115 maxerr=3.91E-07 time=9.422
After sweep 4 energy=-180.80369190835074  maxlinkdim=230 maxerr=7.68E-09 time=16.372
After sweep 5 energy=-180.80370238812887  maxlinkdim=128 maxerr=9.88E-10 time=6.155
After sweep 6 energy=-180.80370195381596  maxlinkdim=126 maxerr=9.97E-10 time=4.825
After sweep 7 energy=-180.8037016358289  maxlinkdim=124 maxerr=9.93E-10 time=4.813
After sweep 8 energy=-180.80370144800656  maxlinkdim=123 maxerr=9.93E-10 time=4.867
Energy difference less than 5.0e-5, stopping DMRG
18/31
After sweep 1 energy=-199.45229940335108  maxlinkdim=123 maxerr=3.37E-07 time=10.472
After sweep 2 energy=-199.4523015518241  maxlinkdim=123 maxerr=3.37E-07 time=10.621
After sweep 3 energy=-199.45230136527178  maxlinkdim=123 maxerr=3.37E-07 time=10.816
After sweep 4 energy=-199.45287096441558  maxlinkdim=246 maxerr=6.56E-09 time=19.413
After sweep 5 energy=-199.45288026918152  maxlinkdim=136 maxerr=9.92E-10 time=7.108
After sweep 6 energy=-199.4528800303966  maxlinkdim=133 maxerr=9.80E-10 time=5.711
After sweep 7 energy=-199.45287959385422  maxlinkdim=130 maxerr=9.81E-10 time=5.638
After sweep 8 energy=-199.45287944020944  maxlinkdim=129 maxerr=9.66E-10 time=5.340
Energy difference less than 5.0e-5, stopping DMRG
19/31
After sweep 1 energy=-220.67818448868138  maxlinkdim=129 maxerr=3.74E-07 time=11.857
After sweep 2 energy=-220.67813924284638  maxlinkdim=129 maxerr=3.40E-07 time=11.967
After sweep 3 energy=-220.6781392197437  maxlinkdim=129 maxerr=3.40E-07 time=12.234
After sweep 4 energy=-220.67867758923367  maxlinkdim=258 maxerr=6.54E-09 time=21.779
After sweep 5 energy=-220.6786876697381  maxlinkdim=144 maxerr=9.92E-10 time=7.911
After sweep 6 energy=-220.67868739379549  maxlinkdim=144 maxerr=9.72E-10 time=5.783
After sweep 7 energy=-220.67868707494674  maxlinkdim=143 maxerr=9.71E-10 time=5.662
After sweep 8 energy=-220.67868702616283  maxlinkdim=142 maxerr=9.78E-10 time=6.069
Energy difference less than 5.0e-5, stopping DMRG
20/31
After sweep 1 energy=-245.0251860704269  maxlinkdim=142 maxerr=3.75E-07 time=12.960
After sweep 2 energy=-245.0251832484975  maxlinkdim=142 maxerr=3.08E-07 time=14.190
After sweep 3 energy=-245.02516621206289  maxlinkdim=142 maxerr=3.08E-07 time=13.715
After sweep 4 energy=-245.02556359635201  maxlinkdim=284 maxerr=4.58E-09 time=22.798
After sweep 5 energy=-245.02557239670068  maxlinkdim=154 maxerr=9.93E-10 time=8.547
After sweep 6 energy=-245.02557222128564  maxlinkdim=152 maxerr=9.83E-10 time=6.633
After sweep 7 energy=-245.02557212780744  maxlinkdim=151 maxerr=9.97E-10 time=6.310
After sweep 8 energy=-245.02557194374026  maxlinkdim=150 maxerr=9.96E-10 time=6.384
Energy difference less than 5.0e-5, stopping DMRG
21/31
After sweep 1 energy=-273.2155221461808  maxlinkdim=150 maxerr=3.60E-07 time=13.506
After sweep 2 energy=-273.2155219499674  maxlinkdim=150 maxerr=3.46E-07 time=15.220
After sweep 3 energy=-273.21552191958443  maxlinkdim=150 maxerr=3.46E-07 time=14.903
After sweep 4 energy=-273.21582103662683  maxlinkdim=300 maxerr=5.43E-09 time=25.262
After sweep 5 energy=-273.2158298392664  maxlinkdim=163 maxerr=9.62E-10 time=8.771
After sweep 6 energy=-273.2158296131878  maxlinkdim=161 maxerr=9.79E-10 time=7.341
After sweep 7 energy=-273.21582942221823  maxlinkdim=160 maxerr=1.00E-09 time=7.197
After sweep 8 energy=-273.21582943260853  maxlinkdim=159 maxerr=9.91E-10 time=7.008
Energy difference less than 5.0e-5, stopping DMRG
22/31
After sweep 1 energy=-306.230490329554  maxlinkdim=159 maxerr=3.97E-07 time=15.715
After sweep 2 energy=-306.23049093318593  maxlinkdim=159 maxerr=3.95E-07 time=15.414
After sweep 3 energy=-306.2304909335336  maxlinkdim=159 maxerr=3.95E-07 time=16.436
After sweep 4 energy=-306.2307618397967  maxlinkdim=318 maxerr=6.18E-09 time=27.194
After sweep 5 energy=-306.2307708129554  maxlinkdim=171 maxerr=9.98E-10 time=9.464
After sweep 6 energy=-306.23077060454426  maxlinkdim=168 maxerr=9.98E-10 time=7.617
After sweep 7 energy=-306.2307706049677  maxlinkdim=167 maxerr=9.97E-10 time=7.534
After sweep 8 energy=-306.2307706048318  maxlinkdim=167 maxerr=9.71E-10 time=7.844
Energy difference less than 5.0e-5, stopping DMRG
23/31
After sweep 1 energy=-345.4405191159916  maxlinkdim=167 maxerr=4.75E-07 time=16.355
After sweep 2 energy=-345.4405190960758  maxlinkdim=167 maxerr=4.72E-07 time=17.550
After sweep 3 energy=-345.4405190993566  maxlinkdim=167 maxerr=4.72E-07 time=18.131
After sweep 4 energy=-345.4407956731448  maxlinkdim=334 maxerr=7.63E-09 time=29.293
After sweep 5 energy=-345.440805068682  maxlinkdim=181 maxerr=9.92E-10 time=9.491
After sweep 6 energy=-345.4408047406366  maxlinkdim=176 maxerr=9.92E-10 time=8.021
After sweep 7 energy=-345.4408045760945  maxlinkdim=174 maxerr=9.76E-10 time=7.796
After sweep 8 energy=-345.4408045508669  maxlinkdim=173 maxerr=9.70E-10 time=8.209
Energy difference less than 5.0e-5, stopping DMRG
24/31
After sweep 1 energy=-392.8222474310131  maxlinkdim=173 maxerr=6.13E-07 time=17.665
After sweep 2 energy=-392.8222475346974  maxlinkdim=173 maxerr=6.14E-07 time=18.734
After sweep 3 energy=-392.82224751234685  maxlinkdim=173 maxerr=6.14E-07 time=18.065
After sweep 4 energy=-392.8225474549788  maxlinkdim=346 maxerr=1.05E-08 time=32.123
After sweep 5 energy=-392.82255749564933  maxlinkdim=189 maxerr=9.83E-10 time=10.503
After sweep 6 energy=-392.82255732548185  maxlinkdim=185 maxerr=9.81E-10 time=8.769
After sweep 7 energy=-392.8225571919032  maxlinkdim=183 maxerr=9.99E-10 time=8.824
After sweep 8 energy=-392.8225571708517  maxlinkdim=182 maxerr=9.92E-10 time=8.262
Energy difference less than 5.0e-5, stopping DMRG
25/31
After sweep 1 energy=-451.33898453040104  maxlinkdim=182 maxerr=7.31E-07 time=18.085
After sweep 2 energy=-451.33898438883045  maxlinkdim=182 maxerr=7.31E-07 time=19.561
After sweep 3 energy=-451.33898437794346  maxlinkdim=182 maxerr=7.31E-07 time=19.669
After sweep 4 energy=-451.33923768750094  maxlinkdim=364 maxerr=1.28E-08 time=35.164
After sweep 5 energy=-451.33924848023577  maxlinkdim=196 maxerr=9.96E-10 time=11.866
After sweep 6 energy=-451.33924816430573  maxlinkdim=192 maxerr=9.99E-10 time=8.997
After sweep 7 energy=-451.3392480684309  maxlinkdim=191 maxerr=9.94E-10 time=9.487
After sweep 8 energy=-451.3392480604207  maxlinkdim=190 maxerr=9.88E-10 time=8.929
Energy difference less than 5.0e-5, stopping DMRG
26/31
After sweep 1 energy=-525.6473377264068  maxlinkdim=190 maxerr=9.44E-07 time=19.830
After sweep 2 energy=-525.6473377308096  maxlinkdim=190 maxerr=9.44E-07 time=22.000
After sweep 3 energy=-525.6473377168654  maxlinkdim=190 maxerr=9.44E-07 time=20.959
After sweep 4 energy=-525.6476042170788  maxlinkdim=380 maxerr=1.68E-08 time=38.955
After sweep 5 energy=-525.6476147863305  maxlinkdim=205 maxerr=9.72E-10 time=11.811
After sweep 6 energy=-525.647614346134  maxlinkdim=199 maxerr=9.96E-10 time=9.283
After sweep 7 energy=-525.6476143545324  maxlinkdim=199 maxerr=9.94E-10 time=9.255
After sweep 8 energy=-525.647614320174  maxlinkdim=198 maxerr=9.97E-10 time=9.702
Energy difference less than 5.0e-5, stopping DMRG
27/31
After sweep 1 energy=-623.5120360671838  maxlinkdim=198 maxerr=1.26E-06 time=21.130
After sweep 2 energy=-623.5120362182882  maxlinkdim=198 maxerr=1.26E-06 time=22.103
After sweep 3 energy=-623.5120362147275  maxlinkdim=198 maxerr=1.26E-06 time=22.980
After sweep 4 energy=-623.5123027288054  maxlinkdim=396 maxerr=2.20E-08 time=40.696
After sweep 5 energy=-623.5123147557679  maxlinkdim=211 maxerr=9.96E-10 time=12.387
After sweep 6 energy=-623.5123143262732  maxlinkdim=206 maxerr=9.96E-10 time=8.908
After sweep 7 energy=-623.5123142377331  maxlinkdim=205 maxerr=9.94E-10 time=9.953
After sweep 8 energy=-623.5123142524503  maxlinkdim=205 maxerr=9.94E-10 time=9.751
Energy difference less than 5.0e-5, stopping DMRG
28/31
After sweep 1 energy=-758.9178210994387  maxlinkdim=205 maxerr=1.75E-06 time=21.767
After sweep 2 energy=-758.9178206072938  maxlinkdim=205 maxerr=1.75E-06 time=24.376
After sweep 3 energy=-758.917820606962  maxlinkdim=205 maxerr=1.75E-06 time=24.058
After sweep 4 energy=-758.9181057820381  maxlinkdim=410 maxerr=2.98E-08 time=42.047
After sweep 5 energy=-758.9181186270819  maxlinkdim=216 maxerr=9.98E-10 time=12.948
After sweep 6 energy=-758.9181181316679  maxlinkdim=211 maxerr=9.95E-10 time=10.533
After sweep 7 energy=-758.918118077362  maxlinkdim=210 maxerr=9.84E-10 time=10.636
After sweep 8 energy=-758.9181180322746  maxlinkdim=209 maxerr=9.82E-10 time=10.146
Energy difference less than 5.0e-5, stopping DMRG
29/31
After sweep 1 energy=-959.8503397886286  maxlinkdim=209 maxerr=2.45E-06 time=22.401
After sweep 2 energy=-959.8503396963301  maxlinkdim=209 maxerr=2.45E-06 time=23.049
After sweep 3 energy=-959.8503396962803  maxlinkdim=209 maxerr=2.45E-06 time=23.185
After sweep 4 energy=-959.8506962932645  maxlinkdim=418 maxerr=4.25E-08 time=44.244
After sweep 5 energy=-959.8507120341383  maxlinkdim=220 maxerr=1.00E-09 time=13.239
After sweep 6 energy=-959.8507116333801  maxlinkdim=215 maxerr=9.94E-10 time=9.671
After sweep 7 energy=-959.8507115797506  maxlinkdim=214 maxerr=9.89E-10 time=10.534
After sweep 8 energy=-959.8507115745485  maxlinkdim=214 maxerr=9.89E-10 time=9.907
Energy difference less than 5.0e-5, stopping DMRG
30/31
After sweep 1 energy=-1291.6385982968723  maxlinkdim=214 maxerr=2.11E-06 time=23.215
After sweep 2 energy=-1291.638598324164  maxlinkdim=214 maxerr=2.11E-06 time=24.427
After sweep 3 energy=-1291.6385983245514  maxlinkdim=214 maxerr=2.11E-06 time=23.841
After sweep 4 energy=-1291.6390228986293  maxlinkdim=428 maxerr=3.43E-08 time=44.436
After sweep 5 energy=-1291.6390450641575  maxlinkdim=224 maxerr=9.96E-10 time=13.588
After sweep 6 energy=-1291.639044032263  maxlinkdim=219 maxerr=9.97E-10 time=10.757
After sweep 7 energy=-1291.6390438804538  maxlinkdim=217 maxerr=9.92E-10 time=11.336
After sweep 8 energy=-1291.6390438823614  maxlinkdim=217 maxerr=9.92E-10 time=10.378
Energy difference less than 5.0e-5, stopping DMRG
31/31
After sweep 1 energy=-1950.3231993368202  maxlinkdim=217 maxerr=1.87E-06 time=23.566
After sweep 2 energy=-1950.323199384337  maxlinkdim=217 maxerr=1.87E-06 time=24.830
After sweep 3 energy=-1950.323199384488  maxlinkdim=217 maxerr=1.87E-06 time=24.710
After sweep 4 energy=-1950.3238137083658  maxlinkdim=434 maxerr=2.78E-08 time=45.327
After sweep 5 energy=-1950.3238441045937  maxlinkdim=226 maxerr=9.92E-10 time=13.882
After sweep 6 energy=-1950.3238430118406  maxlinkdim=221 maxerr=9.95E-10 time=11.171
After sweep 7 energy=-1950.3238427905242  maxlinkdim=219 maxerr=9.93E-10 time=11.142
After sweep 8 energy=-1950.3238426600892  maxlinkdim=218 maxerr=9.64E-10 time=10.932
Energy difference less than 5.0e-5, stopping DMRG
Using a 4 by 6 lattice:
1/31
After sweep 1 energy=-58.07673080002313  maxlinkdim=30 maxerr=8.14E-07 time=17.726
After sweep 2 energy=-58.03747504869013  maxlinkdim=30 maxerr=1.50E-05 time=1.638
After sweep 3 energy=-58.03751801281722  maxlinkdim=30 maxerr=1.54E-05 time=1.290
After sweep 4 energy=-58.101903519607006  maxlinkdim=60 maxerr=4.47E-07 time=3.365
After sweep 5 energy=-58.10174147617038  maxlinkdim=60 maxerr=4.93E-07 time=3.784
After sweep 6 energy=-58.101741426893476  maxlinkdim=60 maxerr=4.95E-07 time=3.729
After sweep 7 energy=-58.10357056845893  maxlinkdim=145 maxerr=9.99E-10 time=6.650
After sweep 8 energy=-58.10357290418713  maxlinkdim=147 maxerr=9.99E-10 time=7.506
After sweep 9 energy=-58.10357271449902  maxlinkdim=147 maxerr=9.95E-10 time=7.489
After sweep 10 energy=-58.10357270217086  maxlinkdim=147 maxerr=9.91E-10 time=7.572
After sweep 11 energy=-58.103572705466576  maxlinkdim=147 maxerr=9.97E-10 time=7.531
After sweep 12 energy=-58.103572682621426  maxlinkdim=147 maxerr=1.00E-09 time=7.758
After sweep 13 energy=-58.10357224038297  maxlinkdim=147 maxerr=9.93E-10 time=7.524
After sweep 14 energy=-58.103572171024055  maxlinkdim=147 maxerr=9.93E-10 time=7.443
After sweep 15 energy=-58.10357235086659  maxlinkdim=147 maxerr=1.00E-09 time=7.037
After sweep 16 energy=-58.10358160824421  maxlinkdim=53 maxerr=9.80E-10 time=2.624
After sweep 17 energy=-58.10358124869807  maxlinkdim=53 maxerr=9.86E-10 time=1.442
After sweep 18 energy=-58.103581100406245  maxlinkdim=53 maxerr=8.78E-10 time=1.426
After sweep 19 energy=-58.10358107505787  maxlinkdim=53 maxerr=6.25E-10 time=1.260
After sweep 20 energy=-58.103581079282804  maxlinkdim=53 maxerr=7.98E-10 time=1.437
After sweep 21 energy=-58.10358107691263  maxlinkdim=53 maxerr=7.08E-10 time=1.424
After sweep 22 energy=-58.103581072105406  maxlinkdim=53 maxerr=6.18E-10 time=1.418
After sweep 23 energy=-58.10358106808371  maxlinkdim=53 maxerr=5.35E-10 time=1.277
After sweep 24 energy=-58.10358106531339  maxlinkdim=53 maxerr=5.13E-10 time=1.414
After sweep 25 energy=-58.103581059413045  maxlinkdim=53 maxerr=5.09E-10 time=1.464
After sweep 26 energy=-58.10358105040905  maxlinkdim=53 maxerr=5.20E-10 time=1.373
After sweep 27 energy=-58.10358104183297  maxlinkdim=53 maxerr=5.54E-10 time=1.410
After sweep 28 energy=-58.1035810440585  maxlinkdim=53 maxerr=6.07E-10 time=1.458
After sweep 29 energy=-58.103581050082404  maxlinkdim=53 maxerr=6.94E-10 time=1.417
After sweep 30 energy=-58.10358105347683  maxlinkdim=53 maxerr=7.39E-10 time=1.355
After sweep 31 energy=-58.1035807454914  maxlinkdim=53 maxerr=9.88E-10 time=1.404
After sweep 32 energy=-58.103580731047735  maxlinkdim=53 maxerr=9.60E-10 time=1.469
After sweep 33 energy=-58.10358083187946  maxlinkdim=53 maxerr=9.44E-10 time=1.438
After sweep 34 energy=-58.103580733682975  maxlinkdim=53 maxerr=8.29E-10 time=1.293
After sweep 35 energy=-58.10358071491146  maxlinkdim=53 maxerr=7.03E-10 time=1.435
After sweep 36 energy=-58.103580702922045  maxlinkdim=53 maxerr=8.09E-10 time=1.430
After sweep 37 energy=-58.103580704676475  maxlinkdim=53 maxerr=9.28E-10 time=1.458
After sweep 38 energy=-58.103580695839455  maxlinkdim=53 maxerr=8.67E-10 time=1.253
After sweep 39 energy=-58.10358069926925  maxlinkdim=53 maxerr=6.02E-10 time=1.443
After sweep 40 energy=-58.103580702976615  maxlinkdim=53 maxerr=7.18E-10 time=1.443
After sweep 41 energy=-58.10358070844801  maxlinkdim=53 maxerr=8.28E-10 time=1.284
Energy difference less than 5.0e-5, stopping DMRG
2/31
After sweep 1 energy=-62.658100634505786  maxlinkdim=53 maxerr=1.13E-06 time=3.201
After sweep 2 energy=-62.65812231874307  maxlinkdim=53 maxerr=1.15E-06 time=3.099
After sweep 3 energy=-62.65811714161797  maxlinkdim=53 maxerr=1.14E-06 time=3.357
After sweep 4 energy=-62.661401848348724  maxlinkdim=106 maxerr=2.25E-08 time=6.229
After sweep 5 energy=-62.66144099341682  maxlinkdim=54 maxerr=9.50E-10 time=2.326
After sweep 6 energy=-62.661440168762745  maxlinkdim=53 maxerr=9.77E-10 time=1.508
After sweep 7 energy=-62.66144002128031  maxlinkdim=53 maxerr=9.34E-10 time=1.321
After sweep 8 energy=-62.66144001222028  maxlinkdim=53 maxerr=6.37E-10 time=1.484
Energy difference less than 5.0e-5, stopping DMRG
3/31
After sweep 1 energy=-67.64320709239038  maxlinkdim=53 maxerr=1.33E-06 time=3.275
After sweep 2 energy=-67.64321981331823  maxlinkdim=53 maxerr=1.35E-06 time=3.170
After sweep 3 energy=-67.64317019854134  maxlinkdim=53 maxerr=1.35E-06 time=3.154
After sweep 4 energy=-67.64690146874159  maxlinkdim=106 maxerr=2.87E-08 time=7.092
After sweep 5 energy=-67.64695176319957  maxlinkdim=58 maxerr=9.88E-10 time=2.735
After sweep 6 energy=-67.64695025125147  maxlinkdim=55 maxerr=9.71E-10 time=1.695
After sweep 7 energy=-67.64694929908364  maxlinkdim=54 maxerr=9.78E-10 time=1.573
After sweep 8 energy=-67.64694929518782  maxlinkdim=54 maxerr=6.39E-10 time=1.556
Energy difference less than 5.0e-5, stopping DMRG
4/31
After sweep 1 energy=-73.10053111315781  maxlinkdim=54 maxerr=1.44E-06 time=2.829
After sweep 2 energy=-73.10054471890747  maxlinkdim=54 maxerr=1.45E-06 time=3.167
After sweep 3 energy=-73.10054748503603  maxlinkdim=54 maxerr=1.45E-06 time=3.242
After sweep 4 energy=-73.10449834296146  maxlinkdim=108 maxerr=3.31E-08 time=7.351
After sweep 5 energy=-73.10455990186452  maxlinkdim=60 maxerr=9.96E-10 time=2.619
After sweep 6 energy=-73.10455960019854  maxlinkdim=58 maxerr=9.94E-10 time=1.795
After sweep 7 energy=-73.10455894400853  maxlinkdim=57 maxerr=9.90E-10 time=1.954
After sweep 8 energy=-73.10455874958552  maxlinkdim=57 maxerr=9.45E-10 time=1.830
Energy difference less than 5.0e-5, stopping DMRG
5/31
After sweep 1 energy=-79.07953733033132  maxlinkdim=57 maxerr=1.28E-06 time=3.503
After sweep 2 energy=-79.07954468043074  maxlinkdim=57 maxerr=1.29E-06 time=3.615
After sweep 3 energy=-79.07954408427781  maxlinkdim=57 maxerr=1.30E-06 time=3.728
After sweep 4 energy=-79.08385061266642  maxlinkdim=114 maxerr=2.90E-08 time=8.432
After sweep 5 energy=-79.0839202256138  maxlinkdim=63 maxerr=9.96E-10 time=2.838
After sweep 6 energy=-79.0839194462576  maxlinkdim=61 maxerr=9.81E-10 time=2.039
After sweep 7 energy=-79.08391900085469  maxlinkdim=60 maxerr=9.87E-10 time=1.833
After sweep 8 energy=-79.08391897433376  maxlinkdim=60 maxerr=9.93E-10 time=1.980
Energy difference less than 5.0e-5, stopping DMRG
6/31
After sweep 1 energy=-85.63607842505525  maxlinkdim=60 maxerr=1.19E-06 time=3.440
After sweep 2 energy=-85.63609944310261  maxlinkdim=60 maxerr=1.21E-06 time=3.957
After sweep 3 energy=-85.63609888129255  maxlinkdim=60 maxerr=1.22E-06 time=3.777
After sweep 4 energy=-85.64060661152593  maxlinkdim=120 maxerr=2.72E-08 time=8.851
After sweep 5 energy=-85.64067370917611  maxlinkdim=65 maxerr=9.89E-10 time=3.373
After sweep 6 energy=-85.64067233790401  maxlinkdim=63 maxerr=9.70E-10 time=2.138
After sweep 7 energy=-85.64067152161033  maxlinkdim=63 maxerr=9.77E-10 time=1.914
After sweep 8 energy=-85.64067118896946  maxlinkdim=62 maxerr=9.88E-10 time=2.093
Energy difference less than 5.0e-5, stopping DMRG
7/31
After sweep 1 energy=-92.83275265070763  maxlinkdim=62 maxerr=1.25E-06 time=3.565
After sweep 2 energy=-92.83282517815799  maxlinkdim=62 maxerr=1.25E-06 time=3.966
After sweep 3 energy=-92.83272112933984  maxlinkdim=62 maxerr=1.25E-06 time=4.030
After sweep 4 energy=-92.83743374062375  maxlinkdim=124 maxerr=2.86E-08 time=9.791
After sweep 5 energy=-92.83748758910552  maxlinkdim=68 maxerr=9.97E-10 time=3.375
After sweep 6 energy=-92.83748640200565  maxlinkdim=66 maxerr=9.72E-10 time=2.394
After sweep 7 energy=-92.8374852635543  maxlinkdim=65 maxerr=9.78E-10 time=2.192
After sweep 8 energy=-92.83748499153535  maxlinkdim=65 maxerr=9.89E-10 time=2.076
Energy difference less than 5.0e-5, stopping DMRG
8/31
After sweep 1 energy=-100.74071835334016  maxlinkdim=65 maxerr=1.16E-06 time=4.391
After sweep 2 energy=-100.74073688478096  maxlinkdim=65 maxerr=1.16E-06 time=4.587
After sweep 3 energy=-100.7407330004809  maxlinkdim=65 maxerr=1.16E-06 time=4.674
After sweep 4 energy=-100.74524783527967  maxlinkdim=130 maxerr=2.65E-08 time=10.639
After sweep 5 energy=-100.74530411189198  maxlinkdim=71 maxerr=9.85E-10 time=3.827
After sweep 6 energy=-100.74530285796592  maxlinkdim=70 maxerr=9.87E-10 time=2.581
After sweep 7 energy=-100.74530185341  maxlinkdim=69 maxerr=9.99E-10 time=2.528
After sweep 8 energy=-100.74530167341754  maxlinkdim=68 maxerr=9.87E-10 time=2.450
Energy difference less than 5.0e-5, stopping DMRG
9/31
After sweep 1 energy=-109.44095726410592  maxlinkdim=68 maxerr=1.13E-06 time=4.555
After sweep 2 energy=-109.44096794423358  maxlinkdim=68 maxerr=1.12E-06 time=5.143
After sweep 3 energy=-109.44095318908272  maxlinkdim=68 maxerr=1.11E-06 time=5.539
After sweep 4 energy=-109.44482905300741  maxlinkdim=136 maxerr=2.36E-08 time=11.563
After sweep 5 energy=-109.44487383833393  maxlinkdim=73 maxerr=9.78E-10 time=4.192
After sweep 6 energy=-109.44487294373937  maxlinkdim=71 maxerr=9.91E-10 time=2.995
After sweep 7 energy=-109.44487222728822  maxlinkdim=71 maxerr=9.50E-10 time=2.767
After sweep 8 energy=-109.44487146474249  maxlinkdim=71 maxerr=9.86E-10 time=2.940
Energy difference less than 5.0e-5, stopping DMRG
10/31
After sweep 1 energy=-119.02433855921896  maxlinkdim=71 maxerr=1.07E-06 time=5.299
After sweep 2 energy=-119.02435852807862  maxlinkdim=71 maxerr=1.09E-06 time=5.435
After sweep 3 energy=-119.02435365832474  maxlinkdim=71 maxerr=1.09E-06 time=5.474
After sweep 4 energy=-119.02881801231787  maxlinkdim=142 maxerr=2.07E-08 time=12.787
After sweep 5 energy=-119.02884908160718  maxlinkdim=78 maxerr=9.98E-10 time=4.677
After sweep 6 energy=-119.02884815398535  maxlinkdim=77 maxerr=9.96E-10 time=3.225
After sweep 7 energy=-119.02884687946549  maxlinkdim=75 maxerr=9.91E-10 time=2.954
After sweep 8 energy=-119.02884634306058  maxlinkdim=74 maxerr=1.00E-09 time=2.830
Energy difference less than 5.0e-5, stopping DMRG
11/31
After sweep 1 energy=-129.60016746757165  maxlinkdim=74 maxerr=1.17E-06 time=5.334
After sweep 2 energy=-129.6002060669412  maxlinkdim=74 maxerr=1.22E-06 time=5.560
After sweep 3 energy=-129.600205306445  maxlinkdim=74 maxerr=1.22E-06 time=6.047
After sweep 4 energy=-129.60428960381705  maxlinkdim=148 maxerr=2.08E-08 time=14.410
After sweep 5 energy=-129.60432767902148  maxlinkdim=84 maxerr=9.97E-10 time=5.358
After sweep 6 energy=-129.60432667129288  maxlinkdim=83 maxerr=9.98E-10 time=3.496
After sweep 7 energy=-129.60432588796513  maxlinkdim=83 maxerr=9.96E-10 time=3.275
After sweep 8 energy=-129.60432506074085  maxlinkdim=83 maxerr=9.98E-10 time=3.515
Energy difference less than 5.0e-5, stopping DMRG
12/31
After sweep 1 energy=-141.29422988742738  maxlinkdim=83 maxerr=8.90E-07 time=6.712
After sweep 2 energy=-141.29422656351352  maxlinkdim=83 maxerr=9.02E-07 time=6.739
After sweep 3 energy=-141.29422563123774  maxlinkdim=83 maxerr=9.01E-07 time=7.229
After sweep 4 energy=-141.29620014148236  maxlinkdim=166 maxerr=1.38E-08 time=15.358
After sweep 5 energy=-141.29622174349038  maxlinkdim=91 maxerr=1.00E-09 time=6.220
After sweep 6 energy=-141.29622104015962  maxlinkdim=89 maxerr=9.91E-10 time=4.110
After sweep 7 energy=-141.29622019864678  maxlinkdim=88 maxerr=9.85E-10 time=4.134
After sweep 8 energy=-141.29621932774074  maxlinkdim=87 maxerr=9.81E-10 time=4.004
Energy difference less than 5.0e-5, stopping DMRG
13/31
After sweep 1 energy=-154.24992108994084  maxlinkdim=87 maxerr=8.31E-07 time=7.403
After sweep 2 energy=-154.24992427575208  maxlinkdim=87 maxerr=8.58E-07 time=7.792
After sweep 3 energy=-154.24992412465863  maxlinkdim=87 maxerr=8.58E-07 time=7.746
After sweep 4 energy=-154.25162899531415  maxlinkdim=174 maxerr=1.40E-08 time=18.246
After sweep 5 energy=-154.25165525075533  maxlinkdim=96 maxerr=9.97E-10 time=6.657
After sweep 6 energy=-154.2516543023305  maxlinkdim=95 maxerr=9.98E-10 time=4.639
After sweep 7 energy=-154.25165352612572  maxlinkdim=93 maxerr=9.85E-10 time=4.435
After sweep 8 energy=-154.25165311511026  maxlinkdim=93 maxerr=9.98E-10 time=4.634
Energy difference less than 5.0e-5, stopping DMRG
14/31
After sweep 1 energy=-168.64399850076472  maxlinkdim=93 maxerr=7.10E-07 time=9.105
After sweep 2 energy=-168.64393990140863  maxlinkdim=93 maxerr=7.46E-07 time=9.987
After sweep 3 energy=-168.64393971474155  maxlinkdim=93 maxerr=7.46E-07 time=9.697
After sweep 4 energy=-168.6457619018557  maxlinkdim=186 maxerr=1.27E-08 time=20.349
After sweep 5 energy=-168.64578699878288  maxlinkdim=103 maxerr=9.99E-10 time=7.897
After sweep 6 energy=-168.64578669613275  maxlinkdim=101 maxerr=9.83E-10 time=5.417
After sweep 7 energy=-168.64578591405325  maxlinkdim=100 maxerr=9.97E-10 time=5.365
After sweep 8 energy=-168.64578501788864  maxlinkdim=99 maxerr=9.89E-10 time=4.812
Energy difference less than 5.0e-5, stopping DMRG
15/31
After sweep 1 energy=-184.68797477500485  maxlinkdim=99 maxerr=6.09E-07 time=10.393
After sweep 2 energy=-184.68777691155586  maxlinkdim=99 maxerr=6.27E-07 time=11.121
After sweep 3 energy=-184.68779980485957  maxlinkdim=99 maxerr=6.26E-07 time=11.755
After sweep 4 energy=-184.68957221143518  maxlinkdim=198 maxerr=1.11E-08 time=22.517
After sweep 5 energy=-184.68960125051893  maxlinkdim=112 maxerr=9.93E-10 time=8.417
After sweep 6 energy=-184.68960058821241  maxlinkdim=111 maxerr=9.93E-10 time=6.146
After sweep 7 energy=-184.68959946708776  maxlinkdim=107 maxerr=9.87E-10 time=5.500
After sweep 8 energy=-184.68959897348708  maxlinkdim=106 maxerr=9.95E-10 time=5.450
Energy difference less than 5.0e-5, stopping DMRG
16/31
After sweep 1 energy=-202.63913527895332  maxlinkdim=106 maxerr=4.70E-07 time=11.106
After sweep 2 energy=-202.63915322429838  maxlinkdim=106 maxerr=5.00E-07 time=12.471
After sweep 3 energy=-202.63915328155377  maxlinkdim=106 maxerr=4.99E-07 time=12.901
After sweep 4 energy=-202.6404603249116  maxlinkdim=212 maxerr=9.59E-09 time=24.966
After sweep 5 energy=-202.64048903008276  maxlinkdim=119 maxerr=9.94E-10 time=9.357
After sweep 6 energy=-202.64048834616744  maxlinkdim=116 maxerr=9.95E-10 time=6.387
After sweep 7 energy=-202.6404879951874  maxlinkdim=115 maxerr=9.98E-10 time=6.842
After sweep 8 energy=-202.64048710273084  maxlinkdim=114 maxerr=9.90E-10 time=6.579
Energy difference less than 5.0e-5, stopping DMRG
17/31
After sweep 1 energy=-222.81576845003337  maxlinkdim=114 maxerr=3.91E-07 time=12.900
After sweep 2 energy=-222.81578539023866  maxlinkdim=114 maxerr=4.04E-07 time=13.768
After sweep 3 energy=-222.81578546243864  maxlinkdim=114 maxerr=4.04E-07 time=13.646
After sweep 4 energy=-222.81680829404138  maxlinkdim=228 maxerr=7.92E-09 time=28.239
After sweep 5 energy=-222.8168360823314  maxlinkdim=126 maxerr=9.99E-10 time=9.879
After sweep 6 energy=-222.81683536362522  maxlinkdim=124 maxerr=9.94E-10 time=7.412
After sweep 7 energy=-222.81683496360756  maxlinkdim=122 maxerr=9.91E-10 time=7.142
After sweep 8 energy=-222.8168346309054  maxlinkdim=121 maxerr=9.79E-10 time=6.849
Energy difference less than 5.0e-5, stopping DMRG
18/31
After sweep 1 energy=-245.6175204173153  maxlinkdim=121 maxerr=3.64E-07 time=14.313
After sweep 2 energy=-245.61752056602006  maxlinkdim=121 maxerr=3.66E-07 time=15.141
After sweep 3 energy=-245.61752046173112  maxlinkdim=121 maxerr=3.66E-07 time=15.569
After sweep 4 energy=-245.6184590191909  maxlinkdim=242 maxerr=6.94E-09 time=30.387
After sweep 5 energy=-245.61848859773542  maxlinkdim=136 maxerr=9.98E-10 time=11.532
After sweep 6 energy=-245.61848829278105  maxlinkdim=135 maxerr=9.95E-10 time=8.134
After sweep 7 energy=-245.61848792302567  maxlinkdim=134 maxerr=1.00E-09 time=8.072
After sweep 8 energy=-245.6184873661447  maxlinkdim=130 maxerr=9.82E-10 time=8.196
Energy difference less than 5.0e-5, stopping DMRG
19/31
After sweep 1 energy=-271.5551277083329  maxlinkdim=130 maxerr=3.80E-07 time=17.305
After sweep 2 energy=-271.5551261054027  maxlinkdim=130 maxerr=3.66E-07 time=18.237
After sweep 3 energy=-271.5551261684162  maxlinkdim=130 maxerr=3.66E-07 time=18.052
After sweep 4 energy=-271.55600468938934  maxlinkdim=260 maxerr=5.93E-09 time=35.238
After sweep 5 energy=-271.55603468737576  maxlinkdim=145 maxerr=9.95E-10 time=12.477
After sweep 6 energy=-271.5560343389775  maxlinkdim=143 maxerr=9.99E-10 time=9.068
After sweep 7 energy=-271.5560338199619  maxlinkdim=142 maxerr=9.99E-10 time=8.883
After sweep 8 energy=-271.556033546732  maxlinkdim=140 maxerr=9.96E-10 time=8.520
Energy difference less than 5.0e-5, stopping DMRG
20/31
After sweep 1 energy=-301.29278086511937  maxlinkdim=140 maxerr=4.21E-07 time=19.234
After sweep 2 energy=-301.2927802302703  maxlinkdim=140 maxerr=3.72E-07 time=20.749
After sweep 3 energy=-301.29278028075254  maxlinkdim=140 maxerr=3.72E-07 time=21.668
After sweep 4 energy=-301.2936267420173  maxlinkdim=280 maxerr=5.48E-09 time=39.387
After sweep 5 energy=-301.2936572811397  maxlinkdim=155 maxerr=9.97E-10 time=13.123
After sweep 6 energy=-301.2936570685673  maxlinkdim=153 maxerr=9.96E-10 time=9.875
After sweep 7 energy=-301.29365677543944  maxlinkdim=152 maxerr=9.85E-10 time=9.825
After sweep 8 energy=-301.2936566302272  maxlinkdim=151 maxerr=9.96E-10 time=9.653
Energy difference less than 5.0e-5, stopping DMRG
21/31
After sweep 1 energy=-335.7127461967291  maxlinkdim=151 maxerr=3.73E-07 time=21.471
After sweep 2 energy=-335.7127460579124  maxlinkdim=151 maxerr=3.64E-07 time=23.201
After sweep 3 energy=-335.71274605992687  maxlinkdim=151 maxerr=3.64E-07 time=23.556
After sweep 4 energy=-335.7134459657447  maxlinkdim=302 maxerr=5.68E-09 time=43.786
After sweep 5 energy=-335.71347698561726  maxlinkdim=161 maxerr=1.00E-09 time=14.738
After sweep 6 energy=-335.7134765862254  maxlinkdim=160 maxerr=9.96E-10 time=11.133
After sweep 7 energy=-335.71347651188535  maxlinkdim=160 maxerr=9.87E-10 time=10.937
After sweep 8 energy=-335.71347632782135  maxlinkdim=158 maxerr=9.85E-10 time=11.002
Energy difference less than 5.0e-5, stopping DMRG
22/31
After sweep 1 energy=-376.014410175534  maxlinkdim=158 maxerr=4.35E-07 time=23.011
After sweep 2 energy=-376.0144091090738  maxlinkdim=158 maxerr=4.35E-07 time=24.901
After sweep 3 energy=-376.01440862622303  maxlinkdim=158 maxerr=4.35E-07 time=24.150
After sweep 4 energy=-376.0150487491691  maxlinkdim=316 maxerr=7.09E-09 time=47.550
After sweep 5 energy=-376.01508029942767  maxlinkdim=171 maxerr=9.98E-10 time=15.513
After sweep 6 energy=-376.01508007586347  maxlinkdim=168 maxerr=9.91E-10 time=11.930
After sweep 7 energy=-376.0150799760113  maxlinkdim=167 maxerr=9.99E-10 time=12.010
After sweep 8 energy=-376.01507995636706  maxlinkdim=167 maxerr=9.98E-10 time=12.235
Energy difference less than 5.0e-5, stopping DMRG
23/31
After sweep 1 energy=-423.87427857097305  maxlinkdim=167 maxerr=4.98E-07 time=23.505
After sweep 2 energy=-423.8742782597757  maxlinkdim=167 maxerr=4.97E-07 time=26.725
After sweep 3 energy=-423.874278310665  maxlinkdim=167 maxerr=4.97E-07 time=26.571
After sweep 4 energy=-423.87483898245125  maxlinkdim=334 maxerr=8.22E-09 time=53.672
After sweep 5 energy=-423.8748700694678  maxlinkdim=179 maxerr=9.97E-10 time=17.693
After sweep 6 energy=-423.87486954586745  maxlinkdim=175 maxerr=9.96E-10 time=13.310
After sweep 7 energy=-423.87486936376354  maxlinkdim=175 maxerr=9.92E-10 time=12.094
After sweep 8 energy=-423.87486933279115  maxlinkdim=175 maxerr=9.84E-10 time=12.679
Energy difference less than 5.0e-5, stopping DMRG
24/31
After sweep 1 energy=-481.71123463924124  maxlinkdim=175 maxerr=5.96E-07 time=26.433
After sweep 2 energy=-481.7112369551929  maxlinkdim=175 maxerr=5.97E-07 time=28.906
After sweep 3 energy=-481.71123721643175  maxlinkdim=175 maxerr=5.97E-07 time=30.531
After sweep 4 energy=-481.71178262308763  maxlinkdim=350 maxerr=1.04E-08 time=58.530
After sweep 5 energy=-481.71181459245923  maxlinkdim=187 maxerr=9.96E-10 time=17.728
After sweep 6 energy=-481.7118139782855  maxlinkdim=184 maxerr=9.98E-10 time=13.721
After sweep 7 energy=-481.7118139184621  maxlinkdim=183 maxerr=9.91E-10 time=14.022
After sweep 8 energy=-481.71181391518843  maxlinkdim=183 maxerr=9.99E-10 time=14.169
Energy difference less than 5.0e-5, stopping DMRG
25/31
After sweep 1 energy=-553.1521675580625  maxlinkdim=183 maxerr=7.31E-07 time=30.443
After sweep 2 energy=-553.1521662928769  maxlinkdim=183 maxerr=7.31E-07 time=31.536
After sweep 3 energy=-553.1521662456946  maxlinkdim=183 maxerr=7.31E-07 time=31.244
After sweep 4 energy=-553.1527099489249  maxlinkdim=366 maxerr=1.30E-08 time=63.563
After sweep 5 energy=-553.1527440290992  maxlinkdim=196 maxerr=1.00E-09 time=19.609
After sweep 6 energy=-553.1527435749219  maxlinkdim=193 maxerr=9.95E-10 time=14.606
After sweep 7 energy=-553.1527434424061  maxlinkdim=192 maxerr=9.98E-10 time=14.616
After sweep 8 energy=-553.1527433592  maxlinkdim=191 maxerr=9.98E-10 time=15.227
Energy difference less than 5.0e-5, stopping DMRG
26/31
After sweep 1 energy=-643.896263489437  maxlinkdim=191 maxerr=9.11E-07 time=32.266
After sweep 2 energy=-643.8962632960297  maxlinkdim=191 maxerr=9.12E-07 time=33.170
After sweep 3 energy=-643.8962634138961  maxlinkdim=191 maxerr=9.12E-07 time=34.556
After sweep 4 energy=-643.896809994809  maxlinkdim=382 maxerr=1.66E-08 time=65.753
After sweep 5 energy=-643.8968465504533  maxlinkdim=205 maxerr=9.97E-10 time=20.305
After sweep 6 energy=-643.8968459116173  maxlinkdim=201 maxerr=9.99E-10 time=16.045
After sweep 7 energy=-643.8968457412601  maxlinkdim=199 maxerr=9.91E-10 time=16.436
After sweep 8 energy=-643.896845610223  maxlinkdim=199 maxerr=9.98E-10 time=16.450
Energy difference less than 5.0e-5, stopping DMRG
27/31
After sweep 1 energy=-763.444635919531  maxlinkdim=199 maxerr=1.16E-06 time=33.548
After sweep 2 energy=-763.4446356580331  maxlinkdim=199 maxerr=1.16E-06 time=36.007
After sweep 3 energy=-763.4446356525018  maxlinkdim=199 maxerr=1.16E-06 time=37.841
After sweep 4 energy=-763.4451902531109  maxlinkdim=398 maxerr=2.14E-08 time=73.487
After sweep 5 energy=-763.4452290221813  maxlinkdim=214 maxerr=9.98E-10 time=21.672
After sweep 6 energy=-763.4452283837664  maxlinkdim=208 maxerr=9.98E-10 time=17.275
After sweep 7 energy=-763.4452279970193  maxlinkdim=207 maxerr=9.98E-10 time=16.677
After sweep 8 energy=-763.4452278738914  maxlinkdim=206 maxerr=9.98E-10 time=17.325
Energy difference less than 5.0e-5, stopping DMRG
28/31
After sweep 1 energy=-928.9061401724223  maxlinkdim=206 maxerr=1.52E-06 time=35.298
After sweep 2 energy=-928.9061398400013  maxlinkdim=206 maxerr=1.52E-06 time=37.815
After sweep 3 energy=-928.9061398400065  maxlinkdim=206 maxerr=1.52E-06 time=38.479
After sweep 4 energy=-928.9067490536561  maxlinkdim=412 maxerr=2.97E-08 time=77.617
After sweep 5 energy=-928.9067925157005  maxlinkdim=221 maxerr=9.99E-10 time=22.319
After sweep 6 energy=-928.9067917194192  maxlinkdim=213 maxerr=9.97E-10 time=17.725
After sweep 7 energy=-928.906791637181  maxlinkdim=212 maxerr=9.87E-10 time=17.411
After sweep 8 energy=-928.9067916204638  maxlinkdim=212 maxerr=9.83E-10 time=17.910
Energy difference less than 5.0e-5, stopping DMRG
29/31
After sweep 1 energy=-1174.5132682755793  maxlinkdim=212 maxerr=1.90E-06 time=36.286
After sweep 2 energy=-1174.5132683004858  maxlinkdim=212 maxerr=1.91E-06 time=39.280
After sweep 3 energy=-1174.5132683012719  maxlinkdim=212 maxerr=1.91E-06 time=38.314
After sweep 4 energy=-1174.513995057735  maxlinkdim=424 maxerr=4.04E-08 time=80.359
After sweep 5 energy=-1174.5140461055864  maxlinkdim=226 maxerr=9.97E-10 time=23.654
After sweep 6 energy=-1174.5140451982538  maxlinkdim=219 maxerr=9.95E-10 time=18.556
After sweep 7 energy=-1174.5140449286707  maxlinkdim=217 maxerr=9.95E-10 time=18.542
After sweep 8 energy=-1174.5140449207072  maxlinkdim=217 maxerr=9.96E-10 time=18.210
Energy difference less than 5.0e-5, stopping DMRG
30/31
After sweep 1 energy=-1580.1709020428866  maxlinkdim=217 maxerr=1.62E-06 time=37.431
After sweep 2 energy=-1580.1709019734442  maxlinkdim=217 maxerr=1.62E-06 time=39.470
After sweep 3 energy=-1580.1709019737948  maxlinkdim=217 maxerr=1.62E-06 time=40.693
After sweep 4 energy=-1580.171806273996  maxlinkdim=434 maxerr=3.47E-08 time=83.051
After sweep 5 energy=-1580.1718728570972  maxlinkdim=230 maxerr=9.98E-10 time=24.202
After sweep 6 energy=-1580.1718711418343  maxlinkdim=223 maxerr=1.00E-09 time=17.488
After sweep 7 energy=-1580.1718707624022  maxlinkdim=221 maxerr=9.98E-10 time=18.149
After sweep 8 energy=-1580.1718706853067  maxlinkdim=221 maxerr=9.89E-10 time=18.470
Energy difference less than 5.0e-5, stopping DMRG
31/31
After sweep 1 energy=-2385.652259303771  maxlinkdim=221 maxerr=1.38E-06 time=38.304
After sweep 2 energy=-2385.6522594285225  maxlinkdim=221 maxerr=1.38E-06 time=41.101
After sweep 3 energy=-2385.652259428779  maxlinkdim=221 maxerr=1.38E-06 time=41.485
After sweep 4 energy=-2385.6535633207022  maxlinkdim=442 maxerr=2.89E-08 time=84.397
After sweep 5 energy=-2385.6536609924433  maxlinkdim=233 maxerr=9.99E-10 time=24.017
After sweep 6 energy=-2385.6536591441236  maxlinkdim=226 maxerr=9.79E-10 time=18.739
After sweep 7 energy=-2385.653658419504  maxlinkdim=223 maxerr=9.76E-10 time=20.684
After sweep 8 energy=-2385.6536581362716  maxlinkdim=223 maxerr=9.99E-10 time=19.540
Energy difference less than 5.0e-5, stopping DMRG
Using a 4 by 7 lattice:
1/31
After sweep 1 energy=-69.45645012873759  maxlinkdim=35 maxerr=4.23E-07 time=18.010
After sweep 2 energy=-69.44258744498586  maxlinkdim=35 maxerr=5.78E-06 time=2.523
After sweep 3 energy=-69.44264789889603  maxlinkdim=35 maxerr=5.84E-06 time=1.987
After sweep 4 energy=-69.48803524350323  maxlinkdim=70 maxerr=1.61E-07 time=5.677
After sweep 5 energy=-69.48795694722493  maxlinkdim=70 maxerr=1.75E-07 time=7.100
After sweep 6 energy=-69.48795699769181  maxlinkdim=70 maxerr=1.75E-07 time=6.959
After sweep 7 energy=-69.48841661743724  maxlinkdim=145 maxerr=9.97E-10 time=8.938
After sweep 8 energy=-69.4884176154379  maxlinkdim=147 maxerr=9.98E-10 time=9.923
After sweep 9 energy=-69.48841761989188  maxlinkdim=147 maxerr=9.99E-10 time=9.885
After sweep 10 energy=-69.48841761645056  maxlinkdim=147 maxerr=9.98E-10 time=9.987
After sweep 11 energy=-69.488417574793  maxlinkdim=147 maxerr=9.99E-10 time=9.657
After sweep 12 energy=-69.4884166666579  maxlinkdim=147 maxerr=9.96E-10 time=9.677
After sweep 13 energy=-69.48841671808663  maxlinkdim=147 maxerr=9.97E-10 time=9.658
After sweep 14 energy=-69.4884172668168  maxlinkdim=147 maxerr=1.00E-09 time=9.532
After sweep 15 energy=-69.48841678756261  maxlinkdim=147 maxerr=9.99E-10 time=9.494
After sweep 16 energy=-69.48843932940068  maxlinkdim=53 maxerr=9.80E-10 time=3.251
After sweep 17 energy=-69.48843920220304  maxlinkdim=53 maxerr=9.93E-10 time=1.800
After sweep 18 energy=-69.48843905454942  maxlinkdim=53 maxerr=8.05E-10 time=1.961
After sweep 19 energy=-69.48843904784655  maxlinkdim=53 maxerr=5.97E-10 time=1.769
After sweep 20 energy=-69.4884390472107  maxlinkdim=53 maxerr=5.83E-10 time=1.968
After sweep 21 energy=-69.48843903846682  maxlinkdim=53 maxerr=5.83E-10 time=1.796
After sweep 22 energy=-69.48843902891167  maxlinkdim=53 maxerr=5.34E-10 time=1.802
After sweep 23 energy=-69.48843901940018  maxlinkdim=53 maxerr=4.43E-10 time=1.941
After sweep 24 energy=-69.48843900248812  maxlinkdim=53 maxerr=4.86E-10 time=1.760
After sweep 25 energy=-69.48843898532914  maxlinkdim=53 maxerr=5.82E-10 time=1.793
After sweep 26 energy=-69.48843896257085  maxlinkdim=53 maxerr=8.18E-10 time=1.937
After sweep 27 energy=-69.48843896684139  maxlinkdim=53 maxerr=7.55E-10 time=1.798
After sweep 28 energy=-69.4884389658117  maxlinkdim=53 maxerr=7.19E-10 time=1.777
After sweep 29 energy=-69.48843897131792  maxlinkdim=53 maxerr=5.93E-10 time=1.972
After sweep 30 energy=-69.48843897547931  maxlinkdim=53 maxerr=5.94E-10 time=1.771
After sweep 31 energy=-69.48843897823154  maxlinkdim=53 maxerr=6.04E-10 time=1.787
After sweep 32 energy=-69.48843897844199  maxlinkdim=53 maxerr=6.15E-10 time=1.952
After sweep 33 energy=-69.48843897368216  maxlinkdim=53 maxerr=6.29E-10 time=1.753
After sweep 34 energy=-69.48843896636556  maxlinkdim=53 maxerr=6.40E-10 time=1.785
After sweep 35 energy=-69.48843896393447  maxlinkdim=53 maxerr=6.46E-10 time=1.831
After sweep 36 energy=-69.48843896328104  maxlinkdim=53 maxerr=6.49E-10 time=1.997
After sweep 37 energy=-69.48843896131348  maxlinkdim=53 maxerr=6.53E-10 time=1.864
After sweep 38 energy=-69.48843895767186  maxlinkdim=53 maxerr=6.72E-10 time=2.022
After sweep 39 energy=-69.48843895035843  maxlinkdim=53 maxerr=6.79E-10 time=1.845
After sweep 40 energy=-69.48843894305855  maxlinkdim=53 maxerr=6.83E-10 time=1.846
After sweep 41 energy=-69.48843894524907  maxlinkdim=53 maxerr=6.86E-10 time=2.013
Energy difference less than 5.0e-5, stopping DMRG
2/31
After sweep 1 energy=-74.91536561522086  maxlinkdim=53 maxerr=1.09E-06 time=4.309
After sweep 2 energy=-74.91537205306882  maxlinkdim=53 maxerr=1.14E-06 time=4.116
After sweep 3 energy=-74.91537019007896  maxlinkdim=53 maxerr=1.14E-06 time=4.214
After sweep 4 energy=-74.91977221705389  maxlinkdim=106 maxerr=2.26E-08 time=8.233
After sweep 5 energy=-74.91983350046695  maxlinkdim=55 maxerr=9.93E-10 time=3.129
After sweep 6 energy=-74.91983201863299  maxlinkdim=53 maxerr=9.73E-10 time=2.021
After sweep 7 energy=-74.91983187268987  maxlinkdim=53 maxerr=9.85E-10 time=1.820
After sweep 8 energy=-74.91983184352283  maxlinkdim=53 maxerr=5.10E-10 time=1.846
Energy difference less than 5.0e-5, stopping DMRG
3/31
After sweep 1 energy=-80.85240530641885  maxlinkdim=53 maxerr=1.33E-06 time=4.124
After sweep 2 energy=-80.85242912290236  maxlinkdim=53 maxerr=1.35E-06 time=3.928
After sweep 3 energy=-80.85231218855733  maxlinkdim=53 maxerr=1.35E-06 time=4.054
After sweep 4 energy=-80.85811092107436  maxlinkdim=106 maxerr=2.91E-08 time=9.557
After sweep 5 energy=-80.85818945164222  maxlinkdim=58 maxerr=9.94E-10 time=3.266
After sweep 6 energy=-80.85818757073866  maxlinkdim=55 maxerr=9.78E-10 time=2.361
After sweep 7 energy=-80.85818684261743  maxlinkdim=54 maxerr=9.72E-10 time=1.925
After sweep 8 energy=-80.85818660868769  maxlinkdim=54 maxerr=9.17E-10 time=2.075
Energy difference less than 5.0e-5, stopping DMRG
4/31
After sweep 1 energy=-87.34944803361668  maxlinkdim=54 maxerr=1.43E-06 time=4.027
After sweep 2 energy=-87.34944551856064  maxlinkdim=54 maxerr=1.45E-06 time=4.282
After sweep 3 energy=-87.34943976246822  maxlinkdim=54 maxerr=1.45E-06 time=4.237
After sweep 4 energy=-87.35577869869346  maxlinkdim=108 maxerr=3.23E-08 time=9.858
After sweep 5 energy=-87.3558721579068  maxlinkdim=61 maxerr=9.87E-10 time=3.544
After sweep 6 energy=-87.35587135829064  maxlinkdim=60 maxerr=9.84E-10 time=2.353
After sweep 7 energy=-87.35587052553183  maxlinkdim=58 maxerr=9.91E-10 time=2.288
After sweep 8 energy=-87.35587068154274  maxlinkdim=58 maxerr=9.77E-10 time=2.340
Energy difference less than 5.0e-5, stopping DMRG
5/31
After sweep 1 energy=-94.46549340574947  maxlinkdim=58 maxerr=1.17E-06 time=4.488
After sweep 2 energy=-94.46550621232113  maxlinkdim=58 maxerr=1.19E-06 time=4.706
After sweep 3 energy=-94.46550368893645  maxlinkdim=58 maxerr=1.19E-06 time=4.709
After sweep 4 energy=-94.47123726150056  maxlinkdim=116 maxerr=2.60E-08 time=10.400
After sweep 5 energy=-94.47133202631697  maxlinkdim=62 maxerr=9.99E-10 time=3.988
After sweep 6 energy=-94.47133108251683  maxlinkdim=61 maxerr=9.98E-10 time=2.677
After sweep 7 energy=-94.47133060994065  maxlinkdim=61 maxerr=9.98E-10 time=2.502
After sweep 8 energy=-94.47133047550642  maxlinkdim=60 maxerr=9.34E-10 time=2.719
Energy difference less than 5.0e-5, stopping DMRG
6/31
After sweep 1 energy=-102.26415919726514  maxlinkdim=60 maxerr=1.21E-06 time=4.664
After sweep 2 energy=-102.2641753057543  maxlinkdim=60 maxerr=1.21E-06 time=4.923
After sweep 3 energy=-102.26416185784649  maxlinkdim=60 maxerr=1.21E-06 time=4.823
After sweep 4 energy=-102.2699820177534  maxlinkdim=120 maxerr=2.73E-08 time=11.633
After sweep 5 energy=-102.27007387089226  maxlinkdim=65 maxerr=9.91E-10 time=4.219
After sweep 6 energy=-102.27007209869846  maxlinkdim=63 maxerr=9.84E-10 time=2.776
After sweep 7 energy=-102.27007117341789  maxlinkdim=62 maxerr=9.77E-10 time=2.513
After sweep 8 energy=-102.27007114013682  maxlinkdim=62 maxerr=9.28E-10 time=2.684
Energy difference less than 5.0e-5, stopping DMRG
7/31
After sweep 1 energy=-110.81951522896188  maxlinkdim=62 maxerr=1.23E-06 time=4.829
After sweep 2 energy=-110.81954916691222  maxlinkdim=62 maxerr=1.24E-06 time=5.223
After sweep 3 energy=-110.81954326244332  maxlinkdim=62 maxerr=1.24E-06 time=5.227
After sweep 4 energy=-110.82574603211413  maxlinkdim=124 maxerr=2.87E-08 time=12.710
After sweep 5 energy=-110.82584739071305  maxlinkdim=68 maxerr=9.99E-10 time=4.874
After sweep 6 energy=-110.82584551275059  maxlinkdim=66 maxerr=9.68E-10 time=2.992
After sweep 7 energy=-110.82584413339873  maxlinkdim=65 maxerr=9.97E-10 time=2.984
After sweep 8 energy=-110.82584379999389  maxlinkdim=65 maxerr=9.86E-10 time=2.813
Energy difference less than 5.0e-5, stopping DMRG
8/31
After sweep 1 energy=-120.21580331003359  maxlinkdim=65 maxerr=1.16E-06 time=5.510
After sweep 2 energy=-120.21584478506611  maxlinkdim=65 maxerr=1.15E-06 time=6.084
After sweep 3 energy=-120.21584005829682  maxlinkdim=65 maxerr=1.15E-06 time=6.178
After sweep 4 energy=-120.22198419670283  maxlinkdim=130 maxerr=2.65E-08 time=14.049
After sweep 5 energy=-120.22208277646348  maxlinkdim=71 maxerr=9.96E-10 time=5.225
After sweep 6 energy=-120.22208098649281  maxlinkdim=69 maxerr=9.83E-10 time=3.456
After sweep 7 energy=-120.2220798735375  maxlinkdim=68 maxerr=9.71E-10 time=3.416
After sweep 8 energy=-120.22207919957191  maxlinkdim=67 maxerr=9.96E-10 time=3.199
Energy difference less than 5.0e-5, stopping DMRG
9/31
After sweep 1 energy=-130.54706491979942  maxlinkdim=67 maxerr=1.19E-06 time=6.168
After sweep 2 energy=-130.54689953742755  maxlinkdim=67 maxerr=1.21E-06 time=6.610
After sweep 3 energy=-130.54690150827193  maxlinkdim=67 maxerr=1.21E-06 time=6.395
After sweep 4 energy=-130.55371683189378  maxlinkdim=134 maxerr=2.65E-08 time=14.360
After sweep 5 energy=-130.55381692504403  maxlinkdim=75 maxerr=9.88E-10 time=5.243
After sweep 6 energy=-130.5538154566127  maxlinkdim=72 maxerr=9.83E-10 time=3.609
After sweep 7 energy=-130.5538144211972  maxlinkdim=71 maxerr=9.76E-10 time=3.536
After sweep 8 energy=-130.55381394851156  maxlinkdim=72 maxerr=9.98E-10 time=3.603
Energy difference less than 5.0e-5, stopping DMRG
10/31
After sweep 1 energy=-141.92374810595012  maxlinkdim=72 maxerr=1.04E-06 time=6.859
After sweep 2 energy=-141.9237307317473  maxlinkdim=72 maxerr=1.02E-06 time=7.303
After sweep 3 energy=-141.92358753336742  maxlinkdim=72 maxerr=1.02E-06 time=7.081
After sweep 4 energy=-141.92997491354083  maxlinkdim=144 maxerr=1.87E-08 time=17.690
After sweep 5 energy=-141.93004587790466  maxlinkdim=78 maxerr=9.85E-10 time=6.120
After sweep 6 energy=-141.93004483997498  maxlinkdim=77 maxerr=9.78E-10 time=4.189
After sweep 7 energy=-141.93004371431348  maxlinkdim=77 maxerr=9.76E-10 time=4.186
After sweep 8 energy=-141.93004268103576  maxlinkdim=77 maxerr=9.88E-10 time=4.224
Energy difference less than 5.0e-5, stopping DMRG
11/31
After sweep 1 energy=-154.47141325093233  maxlinkdim=77 maxerr=9.93E-07 time=7.554
After sweep 2 energy=-154.47144124043726  maxlinkdim=77 maxerr=1.01E-06 time=8.562
After sweep 3 energy=-154.47143758457332  maxlinkdim=77 maxerr=1.01E-06 time=7.955
After sweep 4 energy=-154.47673710342494  maxlinkdim=154 maxerr=1.62E-08 time=19.505
After sweep 5 energy=-154.4767917204607  maxlinkdim=84 maxerr=9.98E-10 time=7.403
After sweep 6 energy=-154.47679008094605  maxlinkdim=83 maxerr=9.87E-10 time=4.827
After sweep 7 energy=-154.4767891277943  maxlinkdim=83 maxerr=9.88E-10 time=4.809
After sweep 8 energy=-154.47678832361822  maxlinkdim=83 maxerr=9.96E-10 time=5.100
Energy difference less than 5.0e-5, stopping DMRG
12/31
After sweep 1 energy=-168.33705925434043  maxlinkdim=83 maxerr=8.53E-07 time=8.938
After sweep 2 energy=-168.33706389695166  maxlinkdim=83 maxerr=8.96E-07 time=8.910
After sweep 3 energy=-168.3370666155574  maxlinkdim=83 maxerr=8.96E-07 time=9.301
After sweep 4 energy=-168.34102833054922  maxlinkdim=166 maxerr=1.39E-08 time=22.229
After sweep 5 energy=-168.34106959867162  maxlinkdim=91 maxerr=9.99E-10 time=8.140
After sweep 6 energy=-168.3410687730875  maxlinkdim=90 maxerr=9.98E-10 time=5.499
After sweep 7 energy=-168.34106747820968  maxlinkdim=88 maxerr=9.95E-10 time=5.546
After sweep 8 energy=-168.34106633151873  maxlinkdim=87 maxerr=9.85E-10 time=5.117
Energy difference less than 5.0e-5, stopping DMRG
13/31
After sweep 1 energy=-183.69256168431974  maxlinkdim=87 maxerr=8.19E-07 time=9.415
After sweep 2 energy=-183.6925685419588  maxlinkdim=87 maxerr=8.54E-07 time=10.085
After sweep 3 energy=-183.6925666220973  maxlinkdim=87 maxerr=8.51E-07 time=10.309
After sweep 4 energy=-183.69604788387772  maxlinkdim=174 maxerr=1.40E-08 time=23.672
After sweep 5 energy=-183.6960917688458  maxlinkdim=96 maxerr=9.96E-10 time=9.227
After sweep 6 energy=-183.6960901555608  maxlinkdim=94 maxerr=9.98E-10 time=6.218
After sweep 7 energy=-183.69608956146155  maxlinkdim=94 maxerr=9.95E-10 time=5.886
After sweep 8 energy=-183.6960887104551  maxlinkdim=93 maxerr=1.00E-09 time=5.859
Energy difference less than 5.0e-5, stopping DMRG
14/31
After sweep 1 energy=-200.7452094916097  maxlinkdim=93 maxerr=7.12E-07 time=11.634
After sweep 2 energy=-200.74514099071664  maxlinkdim=93 maxerr=7.39E-07 time=12.607
After sweep 3 energy=-200.74514240552355  maxlinkdim=93 maxerr=7.39E-07 time=12.806
After sweep 4 energy=-200.74809491823342  maxlinkdim=186 maxerr=1.26E-08 time=27.543
After sweep 5 energy=-200.74813697040776  maxlinkdim=103 maxerr=9.96E-10 time=9.718
After sweep 6 energy=-200.7481357706642  maxlinkdim=102 maxerr=9.91E-10 time=6.973
After sweep 7 energy=-200.7481344158513  maxlinkdim=99 maxerr=9.86E-10 time=6.730
After sweep 8 energy=-200.74813337610462  maxlinkdim=97 maxerr=9.94E-10 time=6.371
Energy difference less than 5.0e-5, stopping DMRG
15/31
After sweep 1 energy=-219.7429125755576  maxlinkdim=97 maxerr=6.76E-07 time=11.982
After sweep 2 energy=-219.74290839197724  maxlinkdim=97 maxerr=7.01E-07 time=13.636
After sweep 3 energy=-219.7429079096577  maxlinkdim=97 maxerr=6.99E-07 time=13.561
After sweep 4 energy=-219.74570362634472  maxlinkdim=194 maxerr=1.27E-08 time=29.981
After sweep 5 energy=-219.74575494772978  maxlinkdim=109 maxerr=9.95E-10 time=11.175
After sweep 6 energy=-219.74575405808264  maxlinkdim=108 maxerr=9.99E-10 time=7.272
After sweep 7 energy=-219.74575366388902  maxlinkdim=107 maxerr=9.84E-10 time=7.619
After sweep 8 energy=-219.74575271110885  maxlinkdim=105 maxerr=9.95E-10 time=7.692
Energy difference less than 5.0e-5, stopping DMRG
16/31
After sweep 1 energy=-240.99022964353375  maxlinkdim=105 maxerr=5.02E-07 time=14.411
After sweep 2 energy=-240.9902643196518  maxlinkdim=105 maxerr=5.23E-07 time=15.545
After sweep 3 energy=-240.99026380331435  maxlinkdim=105 maxerr=5.24E-07 time=15.405
After sweep 4 energy=-240.99221011245385  maxlinkdim=210 maxerr=1.01E-08 time=34.138
After sweep 5 energy=-240.99225985066548  maxlinkdim=121 maxerr=9.96E-10 time=12.645
After sweep 6 energy=-240.99225896423087  maxlinkdim=117 maxerr=9.99E-10 time=9.251
After sweep 7 energy=-240.99225746118657  maxlinkdim=114 maxerr=9.96E-10 time=8.736
After sweep 8 energy=-240.99225636002765  maxlinkdim=113 maxerr=9.97E-10 time=8.222
Energy difference less than 5.0e-5, stopping DMRG
17/31
After sweep 1 energy=-264.86120362565646  maxlinkdim=113 maxerr=4.12E-07 time=16.961
After sweep 2 energy=-264.8610841743138  maxlinkdim=113 maxerr=4.20E-07 time=17.808
After sweep 3 energy=-264.8610831875203  maxlinkdim=113 maxerr=4.20E-07 time=17.930
After sweep 4 energy=-264.8628860260683  maxlinkdim=226 maxerr=8.37E-09 time=37.469
After sweep 5 energy=-264.8629332040503  maxlinkdim=126 maxerr=9.88E-10 time=13.441
After sweep 6 energy=-264.86293241605136  maxlinkdim=124 maxerr=9.98E-10 time=9.973
After sweep 7 energy=-264.8629315929782  maxlinkdim=123 maxerr=9.99E-10 time=9.644
After sweep 8 energy=-264.8629314290745  maxlinkdim=121 maxerr=9.99E-10 time=9.523
Energy difference less than 5.0e-5, stopping DMRG
18/31
After sweep 1 energy=-291.82777891079274  maxlinkdim=121 maxerr=5.27E-07 time=19.246
After sweep 2 energy=-291.827733133911  maxlinkdim=121 maxerr=3.75E-07 time=19.806
After sweep 3 energy=-291.82773315424697  maxlinkdim=121 maxerr=3.75E-07 time=20.024
After sweep 4 energy=-291.8291255749739  maxlinkdim=242 maxerr=6.92E-09 time=42.673
After sweep 5 energy=-291.82917407342626  maxlinkdim=136 maxerr=1.00E-09 time=15.499
After sweep 6 energy=-291.8291733872389  maxlinkdim=134 maxerr=9.99E-10 time=10.870
After sweep 7 energy=-291.82917281928474  maxlinkdim=131 maxerr=9.77E-10 time=10.819
After sweep 8 energy=-291.8291720698056  maxlinkdim=130 maxerr=9.98E-10 time=10.266
Energy difference less than 5.0e-5, stopping DMRG
19/31
After sweep 1 energy=-322.49172274823275  maxlinkdim=130 maxerr=4.12E-07 time=22.285
After sweep 2 energy=-322.4917143066594  maxlinkdim=130 maxerr=3.92E-07 time=24.137
After sweep 3 energy=-322.4917141523491  maxlinkdim=130 maxerr=3.93E-07 time=25.781
After sweep 4 energy=-322.4929775544308  maxlinkdim=260 maxerr=5.94E-09 time=49.262
After sweep 5 energy=-322.4930276785755  maxlinkdim=145 maxerr=9.81E-10 time=16.274
After sweep 6 energy=-322.4930269987836  maxlinkdim=143 maxerr=9.90E-10 time=12.149
After sweep 7 energy=-322.49302654630003  maxlinkdim=141 maxerr=9.89E-10 time=11.856
After sweep 8 energy=-322.4930258740128  maxlinkdim=140 maxerr=9.88E-10 time=12.115
Energy difference less than 5.0e-5, stopping DMRG
20/31
After sweep 1 energy=-357.6365276323576  maxlinkdim=140 maxerr=4.07E-07 time=24.895
After sweep 2 energy=-357.63652761034047  maxlinkdim=140 maxerr=3.98E-07 time=28.110
After sweep 3 energy=-357.63652761782754  maxlinkdim=140 maxerr=3.98E-07 time=27.490
After sweep 4 energy=-357.63768230056183  maxlinkdim=280 maxerr=5.71E-09 time=52.558
After sweep 5 energy=-357.6377339112571  maxlinkdim=154 maxerr=9.99E-10 time=19.064
After sweep 6 energy=-357.63773344579886  maxlinkdim=152 maxerr=9.95E-10 time=13.442
After sweep 7 energy=-357.6377333948393  maxlinkdim=151 maxerr=9.93E-10 time=13.424
After sweep 8 energy=-357.6377331723101  maxlinkdim=151 maxerr=9.99E-10 time=13.488
Energy difference less than 5.0e-5, stopping DMRG
21/31
After sweep 1 energy=-398.30254437324686  maxlinkdim=151 maxerr=4.05E-07 time=28.107
After sweep 2 energy=-398.30259296344406  maxlinkdim=151 maxerr=3.80E-07 time=30.839
After sweep 3 energy=-398.3025931368927  maxlinkdim=151 maxerr=3.80E-07 time=31.070
After sweep 4 energy=-398.3035970458781  maxlinkdim=302 maxerr=5.94E-09 time=62.726
After sweep 5 energy=-398.30364768462186  maxlinkdim=162 maxerr=9.97E-10 time=20.404
After sweep 6 energy=-398.3036469335956  maxlinkdim=159 maxerr=9.97E-10 time=15.397
After sweep 7 energy=-398.30364674475743  maxlinkdim=159 maxerr=9.87E-10 time=14.481
After sweep 8 energy=-398.30364659942035  maxlinkdim=159 maxerr=9.85E-10 time=14.302
Energy difference less than 5.0e-5, stopping DMRG
22/31
After sweep 1 energy=-445.904748479041  maxlinkdim=159 maxerr=4.36E-07 time=30.689
After sweep 2 energy=-445.9047473943381  maxlinkdim=159 maxerr=4.36E-07 time=34.400
After sweep 3 energy=-445.9047475149405  maxlinkdim=159 maxerr=4.36E-07 time=34.412
After sweep 4 energy=-445.90566796994887  maxlinkdim=318 maxerr=7.05E-09 time=67.965
After sweep 5 energy=-445.9057213294578  maxlinkdim=171 maxerr=9.97E-10 time=22.035
After sweep 6 energy=-445.9057207069387  maxlinkdim=167 maxerr=9.99E-10 time=16.816
After sweep 7 energy=-445.90572059118847  maxlinkdim=165 maxerr=9.93E-10 time=16.124
After sweep 8 energy=-445.9057205789134  maxlinkdim=165 maxerr=9.91E-10 time=16.591
Energy difference less than 5.0e-5, stopping DMRG
23/31
After sweep 1 energy=-502.42063061733353  maxlinkdim=165 maxerr=5.51E-07 time=33.192
After sweep 2 energy=-502.42062944527186  maxlinkdim=165 maxerr=5.51E-07 time=35.938
After sweep 3 energy=-502.4206294159242  maxlinkdim=165 maxerr=5.51E-07 time=35.975
After sweep 4 energy=-502.4216359963606  maxlinkdim=330 maxerr=9.14E-09 time=75.557
After sweep 5 energy=-502.4216947185987  maxlinkdim=178 maxerr=9.96E-10 time=22.374
After sweep 6 energy=-502.4216941924382  maxlinkdim=176 maxerr=9.96E-10 time=17.899
After sweep 7 energy=-502.42169394425997  maxlinkdim=175 maxerr=9.98E-10 time=17.766
After sweep 8 energy=-502.42169390213184  maxlinkdim=175 maxerr=9.99E-10 time=17.711
Energy difference less than 5.0e-5, stopping DMRG
24/31
After sweep 1 energy=-570.7050673090878  maxlinkdim=175 maxerr=6.06E-07 time=36.429
After sweep 2 energy=-570.705064768344  maxlinkdim=175 maxerr=6.06E-07 time=40.013
After sweep 3 energy=-570.7050649130513  maxlinkdim=175 maxerr=6.06E-07 time=39.789
After sweep 4 energy=-570.7059928031701  maxlinkdim=350 maxerr=1.04E-08 time=81.449
After sweep 5 energy=-570.7060525444496  maxlinkdim=187 maxerr=9.98E-10 time=24.172
After sweep 6 energy=-570.7060516723806  maxlinkdim=183 maxerr=9.93E-10 time=19.587
After sweep 7 energy=-570.7060515957462  maxlinkdim=182 maxerr=9.99E-10 time=18.954
After sweep 8 energy=-570.7060516539077  maxlinkdim=182 maxerr=9.95E-10 time=18.984
Energy difference less than 5.0e-5, stopping DMRG
25/31
After sweep 1 energy=-655.0388881076983  maxlinkdim=182 maxerr=7.56E-07 time=40.077
After sweep 2 energy=-655.0388827768052  maxlinkdim=182 maxerr=7.55E-07 time=43.394
After sweep 3 energy=-655.0388832384608  maxlinkdim=182 maxerr=7.56E-07 time=43.947
After sweep 4 energy=-655.0397906530247  maxlinkdim=364 maxerr=1.36E-08 time=90.817
After sweep 5 energy=-655.0398547284851  maxlinkdim=196 maxerr=9.98E-10 time=26.988
After sweep 6 energy=-655.0398539197978  maxlinkdim=192 maxerr=1.00E-09 time=20.072
After sweep 7 energy=-655.0398536865708  maxlinkdim=191 maxerr=9.97E-10 time=19.959
After sweep 8 energy=-655.0398534755101  maxlinkdim=190 maxerr=1.00E-09 time=20.509
Energy difference less than 5.0e-5, stopping DMRG
26/31
After sweep 1 energy=-762.1513753733925  maxlinkdim=190 maxerr=9.10E-07 time=42.068
After sweep 2 energy=-762.1513727676081  maxlinkdim=190 maxerr=9.10E-07 time=46.399
After sweep 3 energy=-762.151372799126  maxlinkdim=190 maxerr=9.10E-07 time=46.593
After sweep 4 energy=-762.1522838094414  maxlinkdim=380 maxerr=1.76E-08 time=96.292
After sweep 5 energy=-762.1523517673029  maxlinkdim=206 maxerr=9.94E-10 time=28.835
After sweep 6 energy=-762.1523506238107  maxlinkdim=199 maxerr=9.98E-10 time=22.733
After sweep 7 energy=-762.152350241057  maxlinkdim=198 maxerr=9.94E-10 time=22.623
After sweep 8 energy=-762.1523501979091  maxlinkdim=198 maxerr=9.88E-10 time=22.030
Energy difference less than 5.0e-5, stopping DMRG
27/31
After sweep 1 energy=-903.2637951115955  maxlinkdim=198 maxerr=1.09E-06 time=45.377
After sweep 2 energy=-903.2638163068385  maxlinkdim=198 maxerr=1.09E-06 time=49.252
After sweep 3 energy=-903.2638162851753  maxlinkdim=198 maxerr=1.09E-06 time=49.868
After sweep 4 energy=-903.264700178705  maxlinkdim=396 maxerr=2.35E-08 time=103.843
After sweep 5 energy=-903.2647768731667  maxlinkdim=217 maxerr=9.99E-10 time=29.788
After sweep 6 energy=-903.2647757411228  maxlinkdim=209 maxerr=9.97E-10 time=24.920
After sweep 7 energy=-903.2647753391043  maxlinkdim=205 maxerr=1.00E-09 time=24.526
After sweep 8 energy=-903.2647752449801  maxlinkdim=205 maxerr=9.98E-10 time=24.684
Energy difference less than 5.0e-5, stopping DMRG
28/31
After sweep 1 energy=-1098.586130437758  maxlinkdim=205 maxerr=1.38E-06 time=46.524
After sweep 2 energy=-1098.5861297553345  maxlinkdim=205 maxerr=1.38E-06 time=51.489
After sweep 3 energy=-1098.5861297578915  maxlinkdim=205 maxerr=1.38E-06 time=51.102
After sweep 4 energy=-1098.5871600144876  maxlinkdim=410 maxerr=3.27E-08 time=110.524
After sweep 5 energy=-1098.5872449401254  maxlinkdim=225 maxerr=9.99E-10 time=31.053
After sweep 6 energy=-1098.5872437131552  maxlinkdim=218 maxerr=9.97E-10 time=24.238
After sweep 7 energy=-1098.587243166383  maxlinkdim=215 maxerr=9.99E-10 time=25.297
After sweep 8 energy=-1098.5872430163104  maxlinkdim=213 maxerr=9.97E-10 time=24.682
Energy difference less than 5.0e-5, stopping DMRG
29/31
After sweep 1 energy=-1388.5601617791672  maxlinkdim=213 maxerr=1.81E-06 time=48.002
After sweep 2 energy=-1388.5601618582605  maxlinkdim=213 maxerr=1.80E-06 time=52.712
After sweep 3 energy=-1388.5601618583407  maxlinkdim=213 maxerr=1.80E-06 time=53.838
After sweep 4 energy=-1388.5613153416684  maxlinkdim=426 maxerr=4.16E-08 time=116.516
After sweep 5 energy=-1388.5614183362138  maxlinkdim=231 maxerr=9.99E-10 time=32.842
After sweep 6 energy=-1388.5614171173438  maxlinkdim=226 maxerr=9.95E-10 time=26.043
After sweep 7 energy=-1388.5614166319656  maxlinkdim=223 maxerr=9.99E-10 time=26.223
After sweep 8 energy=-1388.5614166031587  maxlinkdim=222 maxerr=9.94E-10 time=27.046
Energy difference less than 5.0e-5, stopping DMRG
30/31
After sweep 1 energy=-1867.587139304482  maxlinkdim=222 maxerr=1.52E-06 time=52.521
After sweep 2 energy=-1867.587139499977  maxlinkdim=222 maxerr=1.51E-06 time=57.810
After sweep 3 energy=-1867.587139500231  maxlinkdim=222 maxerr=1.51E-06 time=58.533
After sweep 4 energy=-1867.5884358986318  maxlinkdim=444 maxerr=3.14E-08 time=123.764
After sweep 5 energy=-1867.5885678853588  maxlinkdim=234 maxerr=9.95E-10 time=34.764
After sweep 6 energy=-1867.5885664044895  maxlinkdim=230 maxerr=9.96E-10 time=27.193
After sweep 7 energy=-1867.5885658460095  maxlinkdim=228 maxerr=9.98E-10 time=27.149
After sweep 8 energy=-1867.5885656730034  maxlinkdim=227 maxerr=9.97E-10 time=28.035
Energy difference less than 5.0e-5, stopping DMRG
31/31
After sweep 1 energy=-2818.9390503253317  maxlinkdim=227 maxerr=1.28E-06 time=54.615
After sweep 2 energy=-2818.939050332553  maxlinkdim=227 maxerr=1.28E-06 time=60.011
After sweep 3 energy=-2818.9390503326067  maxlinkdim=227 maxerr=1.28E-06 time=60.253
After sweep 4 energy=-2818.940824964039  maxlinkdim=454 maxerr=2.52E-08 time=126.646
After sweep 5 energy=-2818.941024849568  maxlinkdim=236 maxerr=9.99E-10 time=34.224
After sweep 6 energy=-2818.9410224366084  maxlinkdim=232 maxerr=9.96E-10 time=27.093
After sweep 7 energy=-2818.94102194237  maxlinkdim=230 maxerr=9.88E-10 time=27.284
After sweep 8 energy=-2818.9410219216325  maxlinkdim=229 maxerr=9.94E-10 time=27.929
Energy difference less than 5.0e-5, stopping DMRG
