==== Slurm info ====
Job name:   sa_4_4to7
Job ID:     26506041
Node list:  node189
Num nodes:  1
Submit dir: /home/s39jleng_hpc/4xN_prec/string
===============
Using a 4 by 4 lattice:
1/31
After sweep 1 energy=75.08857525973383  maxlinkdim=20 maxerr=6.97E-06 time=15.102
After sweep 2 energy=74.5942728755214  maxlinkdim=20 maxerr=1.01E-04 time=0.522
After sweep 3 energy=74.5345257731042  maxlinkdim=20 maxerr=1.18E-04 time=0.635
After sweep 4 energy=74.26965258948717  maxlinkdim=40 maxerr=1.09E-06 time=0.539
After sweep 5 energy=74.22513473654816  maxlinkdim=40 maxerr=5.52E-06 time=1.271
After sweep 6 energy=74.21932127998392  maxlinkdim=40 maxerr=7.57E-06 time=0.849
After sweep 7 energy=74.21208546561866  maxlinkdim=160 maxerr=1.89E-09 time=3.503
After sweep 8 energy=74.21195831526892  maxlinkdim=160 maxerr=2.45E-09 time=5.574
After sweep 9 energy=74.21194231044646  maxlinkdim=160 maxerr=2.89E-09 time=5.134
After sweep 10 energy=74.21194000764876  maxlinkdim=320 maxerr=1.21E-11 time=6.284
After sweep 11 energy=74.21193988921232  maxlinkdim=320 maxerr=1.20E-11 time=6.479
After sweep 12 energy=74.21193988786852  maxlinkdim=320 maxerr=1.20E-11 time=6.759
After sweep 13 energy=74.21193988738167  maxlinkdim=401 maxerr=9.95E-13 time=7.330
After sweep 14 energy=74.21193988731329  maxlinkdim=401 maxerr=9.98E-13 time=6.596
After sweep 15 energy=74.21193988715405  maxlinkdim=401 maxerr=9.95E-13 time=6.799
After sweep 16 energy=74.21193988812638  maxlinkdim=103 maxerr=9.65E-13 time=6.488
After sweep 17 energy=74.21193988875184  maxlinkdim=101 maxerr=9.81E-13 time=2.522
After sweep 18 energy=74.21193988925597  maxlinkdim=100 maxerr=9.81E-13 time=2.520
After sweep 19 energy=74.21193988967919  maxlinkdim=99 maxerr=9.63E-13 time=2.345
After sweep 20 energy=74.2119398896252  maxlinkdim=98 maxerr=1.00E-12 time=2.261
After sweep 21 energy=74.21193989003855  maxlinkdim=98 maxerr=9.96E-13 time=2.169
After sweep 22 energy=74.21193989012596  maxlinkdim=98 maxerr=7.03E-13 time=2.037
After sweep 23 energy=74.2119398898192  maxlinkdim=98 maxerr=5.72E-13 time=2.223
After sweep 24 energy=74.21193989003996  maxlinkdim=98 maxerr=5.75E-13 time=2.102
After sweep 25 energy=74.21193989034782  maxlinkdim=98 maxerr=9.82E-13 time=2.226
After sweep 26 energy=74.2119398899631  maxlinkdim=98 maxerr=9.47E-13 time=2.021
After sweep 27 energy=74.21193989016174  maxlinkdim=98 maxerr=8.78E-13 time=2.129
After sweep 28 energy=74.21193988989788  maxlinkdim=98 maxerr=7.17E-13 time=2.047
After sweep 29 energy=74.211939890291  maxlinkdim=98 maxerr=7.91E-13 time=2.129
After sweep 30 energy=74.21193989026642  maxlinkdim=98 maxerr=5.66E-13 time=1.982
After sweep 31 energy=74.21193988998166  maxlinkdim=98 maxerr=5.45E-13 time=1.969
After sweep 32 energy=74.21193989009892  maxlinkdim=98 maxerr=9.89E-13 time=2.332
After sweep 33 energy=74.21193989031508  maxlinkdim=98 maxerr=9.08E-13 time=2.050
After sweep 34 energy=74.21193989060048  maxlinkdim=98 maxerr=6.82E-13 time=2.183
After sweep 35 energy=74.2119398904938  maxlinkdim=98 maxerr=6.50E-13 time=2.060
After sweep 36 energy=74.21193989059621  maxlinkdim=98 maxerr=6.35E-13 time=2.145
After sweep 37 energy=74.21193989020426  maxlinkdim=98 maxerr=6.23E-13 time=2.143
After sweep 38 energy=74.2119398906  maxlinkdim=98 maxerr=6.11E-13 time=1.991
After sweep 39 energy=74.21193989061743  maxlinkdim=98 maxerr=6.00E-13 time=2.289
After sweep 40 energy=74.21193989041014  maxlinkdim=98 maxerr=5.90E-13 time=1.996
After sweep 41 energy=74.21193989050822  maxlinkdim=98 maxerr=5.94E-13 time=2.136
Energy difference less than 5.0e-5, stopping DMRG
2/31
After sweep 1 energy=69.40934645935543  maxlinkdim=98 maxerr=1.10E-07 time=3.611
After sweep 2 energy=69.40931098385282  maxlinkdim=98 maxerr=1.12E-07 time=3.456
After sweep 3 energy=69.40930997859643  maxlinkdim=98 maxerr=1.13E-07 time=3.307
After sweep 4 energy=69.4092924185159  maxlinkdim=196 maxerr=1.04E-09 time=4.531
After sweep 5 energy=69.40929230138636  maxlinkdim=107 maxerr=9.82E-13 time=3.443
After sweep 6 energy=69.40929230023343  maxlinkdim=104 maxerr=9.48E-13 time=2.425
After sweep 7 energy=69.40929230061117  maxlinkdim=103 maxerr=9.77E-13 time=2.517
After sweep 8 energy=69.40929230097422  maxlinkdim=102 maxerr=9.71E-13 time=2.406
Energy difference less than 5.0e-5, stopping DMRG
3/31
After sweep 1 energy=64.42450240886993  maxlinkdim=102 maxerr=1.18E-07 time=4.146
After sweep 2 energy=64.42446947310461  maxlinkdim=102 maxerr=1.21E-07 time=3.960
After sweep 3 energy=64.42446784902768  maxlinkdim=102 maxerr=1.22E-07 time=3.590
After sweep 4 energy=64.42445130652955  maxlinkdim=204 maxerr=1.13E-09 time=5.020
After sweep 5 energy=64.42445119874719  maxlinkdim=109 maxerr=9.83E-13 time=3.447
After sweep 6 energy=64.42445119910893  maxlinkdim=108 maxerr=9.65E-13 time=2.818
After sweep 7 energy=64.4244511995471  maxlinkdim=109 maxerr=9.52E-13 time=2.677
After sweep 8 energy=64.42445119968437  maxlinkdim=107 maxerr=9.74E-13 time=2.623
Energy difference less than 5.0e-5, stopping DMRG
4/31
After sweep 1 energy=59.2368469560495  maxlinkdim=107 maxerr=1.25E-07 time=3.777
After sweep 2 energy=59.2368182954251  maxlinkdim=107 maxerr=1.27E-07 time=3.802
After sweep 3 energy=59.23681741465664  maxlinkdim=107 maxerr=1.27E-07 time=3.909
After sweep 4 energy=59.23679935288589  maxlinkdim=214 maxerr=1.12E-09 time=5.285
After sweep 5 energy=59.23679924281295  maxlinkdim=111 maxerr=9.88E-13 time=3.814
After sweep 6 energy=59.2367992431773  maxlinkdim=110 maxerr=9.34E-13 time=2.870
After sweep 7 energy=59.23679924340807  maxlinkdim=110 maxerr=9.97E-13 time=2.955
After sweep 8 energy=59.23679924318455  maxlinkdim=110 maxerr=9.84E-13 time=2.718
Energy difference less than 5.0e-5, stopping DMRG
5/31
After sweep 1 energy=53.82325512135936  maxlinkdim=110 maxerr=1.40E-07 time=3.878
After sweep 2 energy=53.82318997417995  maxlinkdim=110 maxerr=1.44E-07 time=4.299
After sweep 3 energy=53.823187775318246  maxlinkdim=110 maxerr=1.44E-07 time=4.053
After sweep 4 energy=53.82317296591374  maxlinkdim=220 maxerr=1.31E-09 time=5.211
After sweep 5 energy=53.82317284602573  maxlinkdim=115 maxerr=9.10E-13 time=3.882
After sweep 6 energy=53.82317284415236  maxlinkdim=115 maxerr=9.48E-13 time=3.042
After sweep 7 energy=53.82317284420349  maxlinkdim=113 maxerr=9.86E-13 time=3.081
After sweep 8 energy=53.82317284454657  maxlinkdim=112 maxerr=9.72E-13 time=2.845
Energy difference less than 5.0e-5, stopping DMRG
6/31
After sweep 1 energy=48.15753963717332  maxlinkdim=112 maxerr=1.67E-07 time=4.291
After sweep 2 energy=48.15750380082659  maxlinkdim=112 maxerr=1.71E-07 time=4.209
After sweep 3 energy=48.15750240483503  maxlinkdim=112 maxerr=1.71E-07 time=4.071
After sweep 4 energy=48.157482895135665  maxlinkdim=224 maxerr=1.64E-09 time=5.701
After sweep 5 energy=48.1574827345874  maxlinkdim=120 maxerr=9.47E-13 time=3.962
After sweep 6 energy=48.15748273438703  maxlinkdim=118 maxerr=9.78E-13 time=3.240
After sweep 7 energy=48.15748273492272  maxlinkdim=117 maxerr=9.83E-13 time=3.157
After sweep 8 energy=48.15748273482338  maxlinkdim=115 maxerr=9.58E-13 time=3.117
Energy difference less than 5.0e-5, stopping DMRG
7/31
After sweep 1 energy=42.21043239739168  maxlinkdim=115 maxerr=1.86E-07 time=4.051
After sweep 2 energy=42.21027336056644  maxlinkdim=115 maxerr=1.83E-07 time=4.345
After sweep 3 energy=42.21026877290808  maxlinkdim=115 maxerr=1.89E-07 time=4.252
After sweep 4 energy=42.210251870445354  maxlinkdim=230 maxerr=1.97E-09 time=6.023
After sweep 5 energy=42.210251705149105  maxlinkdim=125 maxerr=9.84E-13 time=4.612
After sweep 6 energy=42.2102517046869  maxlinkdim=122 maxerr=9.25E-13 time=3.410
After sweep 7 energy=42.21025170435223  maxlinkdim=125 maxerr=9.29E-13 time=3.400
After sweep 8 energy=42.21025170471381  maxlinkdim=124 maxerr=9.58E-13 time=3.413
Energy difference less than 5.0e-5, stopping DMRG
8/31
After sweep 1 energy=35.94822773812536  maxlinkdim=124 maxerr=1.42E-07 time=5.116
After sweep 2 energy=35.9480827364012  maxlinkdim=124 maxerr=1.42E-07 time=5.162
After sweep 3 energy=35.94806151499607  maxlinkdim=124 maxerr=1.44E-07 time=5.448
After sweep 4 energy=35.94804495467404  maxlinkdim=248 maxerr=1.59E-09 time=6.387
After sweep 5 energy=35.94804472331408  maxlinkdim=129 maxerr=9.92E-13 time=4.665
After sweep 6 energy=35.948044719837284  maxlinkdim=131 maxerr=9.58E-13 time=3.993
After sweep 7 energy=35.94804472017222  maxlinkdim=131 maxerr=9.37E-13 time=3.548
After sweep 8 energy=35.94804472060116  maxlinkdim=128 maxerr=9.62E-13 time=3.442
Energy difference less than 5.0e-5, stopping DMRG
9/31
After sweep 1 energy=29.33286188334744  maxlinkdim=128 maxerr=1.45E-07 time=5.558
After sweep 2 energy=29.33278375919826  maxlinkdim=128 maxerr=1.46E-07 time=6.007
After sweep 3 energy=29.33277843216142  maxlinkdim=128 maxerr=1.49E-07 time=5.488
After sweep 4 energy=29.33275861016354  maxlinkdim=256 maxerr=1.85E-09 time=7.030
After sweep 5 energy=29.332758493355414  maxlinkdim=135 maxerr=9.94E-13 time=4.918
After sweep 6 energy=29.332758493883702  maxlinkdim=133 maxerr=9.93E-13 time=3.712
After sweep 7 energy=29.33275849399797  maxlinkdim=132 maxerr=9.44E-13 time=3.942
After sweep 8 energy=29.3327584941203  maxlinkdim=131 maxerr=9.80E-13 time=4.001
Energy difference less than 5.0e-5, stopping DMRG
10/31
After sweep 1 energy=22.320833016598204  maxlinkdim=131 maxerr=1.69E-07 time=5.980
After sweep 2 energy=22.320748101007023  maxlinkdim=131 maxerr=1.73E-07 time=6.878
After sweep 3 energy=22.320745257107305  maxlinkdim=131 maxerr=1.74E-07 time=5.716
After sweep 4 energy=22.320726684150593  maxlinkdim=262 maxerr=2.31E-09 time=7.320
After sweep 5 energy=22.320726546763414  maxlinkdim=140 maxerr=9.95E-13 time=4.807
After sweep 6 energy=22.320726547191953  maxlinkdim=138 maxerr=9.97E-13 time=4.011
After sweep 7 energy=22.320726547066744  maxlinkdim=138 maxerr=9.59E-13 time=3.870
After sweep 8 energy=22.320726547277445  maxlinkdim=137 maxerr=8.92E-13 time=4.176
Energy difference less than 5.0e-5, stopping DMRG
11/31
After sweep 1 energy=14.861731113689594  maxlinkdim=137 maxerr=1.76E-07 time=6.049
After sweep 2 energy=14.861600890426063  maxlinkdim=137 maxerr=1.81E-07 time=6.354
After sweep 3 energy=14.86160017724838  maxlinkdim=137 maxerr=1.82E-07 time=5.588
After sweep 4 energy=14.861580638853887  maxlinkdim=274 maxerr=2.50E-09 time=7.424
After sweep 5 energy=14.861580481483998  maxlinkdim=147 maxerr=9.71E-13 time=5.191
After sweep 6 energy=14.861580481706824  maxlinkdim=145 maxerr=9.98E-13 time=4.422
After sweep 7 energy=14.861580481851888  maxlinkdim=143 maxerr=9.91E-13 time=3.946
After sweep 8 energy=14.86158048189327  maxlinkdim=143 maxerr=8.46E-13 time=4.246
Energy difference less than 5.0e-5, stopping DMRG
12/31
After sweep 1 energy=6.896895128473167  maxlinkdim=143 maxerr=1.87E-07 time=6.597
After sweep 2 energy=6.896805658565548  maxlinkdim=143 maxerr=1.89E-07 time=6.931
After sweep 3 energy=6.896802824687364  maxlinkdim=143 maxerr=1.91E-07 time=5.651
After sweep 4 energy=6.896786550258642  maxlinkdim=286 maxerr=2.74E-09 time=7.607
After sweep 5 energy=6.896786350812997  maxlinkdim=154 maxerr=9.45E-13 time=5.021
After sweep 6 energy=6.896786351117498  maxlinkdim=152 maxerr=9.42E-13 time=4.261
After sweep 7 energy=6.896786351218452  maxlinkdim=151 maxerr=8.78E-13 time=4.548
After sweep 8 energy=6.896786351338231  maxlinkdim=150 maxerr=9.07E-13 time=4.281
Energy difference less than 5.0e-5, stopping DMRG
13/31
After sweep 1 energy=-1.6421335700986406  maxlinkdim=150 maxerr=1.94E-07 time=6.785
After sweep 2 energy=-1.6422376707782245  maxlinkdim=150 maxerr=1.98E-07 time=6.873
After sweep 3 energy=-1.6422392235891883  maxlinkdim=150 maxerr=1.99E-07 time=6.486
After sweep 4 energy=-1.6422566402554128  maxlinkdim=300 maxerr=2.88E-09 time=8.315
After sweep 5 energy=-1.6422568377042808  maxlinkdim=160 maxerr=9.66E-13 time=5.338
After sweep 6 energy=-1.642256837504597  maxlinkdim=160 maxerr=9.35E-13 time=4.386
After sweep 7 energy=-1.6422568376647178  maxlinkdim=159 maxerr=9.46E-13 time=4.436
After sweep 8 energy=-1.6422568375696756  maxlinkdim=159 maxerr=9.83E-13 time=4.466
Energy difference less than 5.0e-5, stopping DMRG
14/31
After sweep 1 energy=-10.836575234224938  maxlinkdim=159 maxerr=1.86E-07 time=7.063
After sweep 2 energy=-10.83669573707507  maxlinkdim=159 maxerr=1.90E-07 time=8.033
After sweep 3 energy=-10.836699070327606  maxlinkdim=159 maxerr=1.91E-07 time=7.366
After sweep 4 energy=-10.836716951742302  maxlinkdim=318 maxerr=2.73E-09 time=9.325
After sweep 5 energy=-10.836717170951488  maxlinkdim=173 maxerr=9.41E-13 time=5.384
After sweep 6 energy=-10.836717171108758  maxlinkdim=171 maxerr=8.96E-13 time=4.911
After sweep 7 energy=-10.83671717101447  maxlinkdim=169 maxerr=9.66E-13 time=4.461
After sweep 8 energy=-10.836717170934131  maxlinkdim=166 maxerr=9.88E-13 time=4.360
Energy difference less than 5.0e-5, stopping DMRG
15/31
After sweep 1 energy=-20.783393677661074  maxlinkdim=166 maxerr=2.00E-07 time=7.508
After sweep 2 energy=-20.783632652736987  maxlinkdim=166 maxerr=2.02E-07 time=8.279
After sweep 3 energy=-20.78363854216027  maxlinkdim=166 maxerr=2.03E-07 time=7.195
After sweep 4 energy=-20.78366203174873  maxlinkdim=332 maxerr=2.85E-09 time=9.452
After sweep 5 energy=-20.783662194671024  maxlinkdim=178 maxerr=9.86E-13 time=5.457
After sweep 6 energy=-20.783662194871795  maxlinkdim=176 maxerr=9.88E-13 time=4.859
After sweep 7 energy=-20.783662194861865  maxlinkdim=177 maxerr=9.09E-13 time=4.835
After sweep 8 energy=-20.783662194489125  maxlinkdim=176 maxerr=9.95E-13 time=4.731
Energy difference less than 5.0e-5, stopping DMRG
16/31
After sweep 1 energy=-31.60042478518354  maxlinkdim=176 maxerr=1.91E-07 time=8.597
After sweep 2 energy=-31.600549323237964  maxlinkdim=176 maxerr=1.93E-07 time=8.545
After sweep 3 energy=-31.60055120507863  maxlinkdim=176 maxerr=1.94E-07 time=7.277
After sweep 4 energy=-31.600571269717488  maxlinkdim=352 maxerr=2.67E-09 time=10.311
After sweep 5 energy=-31.600571434176473  maxlinkdim=191 maxerr=9.37E-13 time=5.821
After sweep 6 energy=-31.60057143422523  maxlinkdim=192 maxerr=9.81E-13 time=5.124
After sweep 7 energy=-31.600571434086987  maxlinkdim=189 maxerr=9.39E-13 time=5.155
After sweep 8 energy=-31.60057143427025  maxlinkdim=189 maxerr=9.32E-13 time=5.417
Energy difference less than 5.0e-5, stopping DMRG
17/31
After sweep 1 energy=-43.43136429980453  maxlinkdim=189 maxerr=1.74E-07 time=8.559
After sweep 2 energy=-43.43153282607996  maxlinkdim=189 maxerr=1.76E-07 time=10.063
After sweep 3 energy=-43.43153923353991  maxlinkdim=189 maxerr=1.76E-07 time=7.506
After sweep 4 energy=-43.431557804417395  maxlinkdim=378 maxerr=2.16E-09 time=10.016
After sweep 5 energy=-43.431557895338905  maxlinkdim=199 maxerr=9.30E-13 time=6.221
After sweep 6 energy=-43.43155789536513  maxlinkdim=199 maxerr=9.86E-13 time=4.945
After sweep 7 energy=-43.4315578953624  maxlinkdim=198 maxerr=9.95E-13 time=5.101
After sweep 8 energy=-43.431557895470405  maxlinkdim=197 maxerr=9.84E-13 time=5.502
Energy difference less than 5.0e-5, stopping DMRG
18/31
After sweep 1 energy=-56.4559045374927  maxlinkdim=197 maxerr=1.87E-07 time=9.664
After sweep 2 energy=-56.45609368192003  maxlinkdim=197 maxerr=1.89E-07 time=11.149
After sweep 3 energy=-56.456098009683245  maxlinkdim=197 maxerr=1.89E-07 time=8.319
After sweep 4 energy=-56.456118908038995  maxlinkdim=394 maxerr=2.15E-09 time=11.111
After sweep 5 energy=-56.45611896556943  maxlinkdim=205 maxerr=9.74E-13 time=6.261
After sweep 6 energy=-56.45611896540959  maxlinkdim=206 maxerr=9.84E-13 time=5.338
After sweep 7 energy=-56.456118965562155  maxlinkdim=205 maxerr=9.82E-13 time=5.582
After sweep 8 energy=-56.45611896539822  maxlinkdim=205 maxerr=9.77E-13 time=5.393
Energy difference less than 5.0e-5, stopping DMRG
19/31
After sweep 1 energy=-70.90158439263153  maxlinkdim=205 maxerr=1.99E-07 time=10.363
After sweep 2 energy=-70.90169296620361  maxlinkdim=205 maxerr=2.01E-07 time=10.411
After sweep 3 energy=-70.90169539279233  maxlinkdim=205 maxerr=2.01E-07 time=8.787
After sweep 4 energy=-70.901715373126  maxlinkdim=410 maxerr=2.18E-09 time=11.808
After sweep 5 energy=-70.90171540980782  maxlinkdim=214 maxerr=9.98E-13 time=6.008
After sweep 6 energy=-70.90171540991491  maxlinkdim=213 maxerr=9.98E-13 time=5.434
After sweep 7 energy=-70.90171540988604  maxlinkdim=211 maxerr=9.73E-13 time=5.338
After sweep 8 energy=-70.90171540974143  maxlinkdim=211 maxerr=9.16E-13 time=5.411
Energy difference less than 5.0e-5, stopping DMRG
20/31
After sweep 1 energy=-87.06219690860078  maxlinkdim=211 maxerr=2.19E-07 time=10.835
After sweep 2 energy=-87.06225717759519  maxlinkdim=211 maxerr=2.20E-07 time=10.755
After sweep 3 energy=-87.06225809806519  maxlinkdim=211 maxerr=2.20E-07 time=9.328
After sweep 4 energy=-87.06228106959479  maxlinkdim=422 maxerr=2.34E-09 time=11.610
After sweep 5 energy=-87.0622811050323  maxlinkdim=219 maxerr=8.83E-13 time=6.550
After sweep 6 energy=-87.06228110498205  maxlinkdim=218 maxerr=9.57E-13 time=5.256
After sweep 7 energy=-87.06228110494635  maxlinkdim=218 maxerr=9.79E-13 time=5.525
After sweep 8 energy=-87.06228110492191  maxlinkdim=218 maxerr=8.58E-13 time=5.572
Energy difference less than 5.0e-5, stopping DMRG
21/31
After sweep 1 energy=-105.32611917057865  maxlinkdim=218 maxerr=2.32E-07 time=11.010
After sweep 2 energy=-105.32613699547822  maxlinkdim=218 maxerr=2.31E-07 time=9.844
After sweep 3 energy=-105.32613716441348  maxlinkdim=218 maxerr=2.31E-07 time=9.098
After sweep 4 energy=-105.32616231521604  maxlinkdim=436 maxerr=2.41E-09 time=11.584
After sweep 5 energy=-105.32616234599206  maxlinkdim=221 maxerr=9.39E-13 time=6.633
After sweep 6 energy=-105.32616234601119  maxlinkdim=221 maxerr=9.29E-13 time=5.647
After sweep 7 energy=-105.32616234607826  maxlinkdim=221 maxerr=9.21E-13 time=5.822
After sweep 8 energy=-105.32616234599739  maxlinkdim=221 maxerr=9.09E-13 time=5.570
Energy difference less than 5.0e-5, stopping DMRG
22/31
After sweep 1 energy=-126.21946801595007  maxlinkdim=221 maxerr=2.65E-07 time=11.215
After sweep 2 energy=-126.21948134179667  maxlinkdim=221 maxerr=2.66E-07 time=10.411
After sweep 3 energy=-126.21948147248331  maxlinkdim=221 maxerr=2.66E-07 time=9.309
After sweep 4 energy=-126.21951154370444  maxlinkdim=442 maxerr=2.85E-09 time=11.777
After sweep 5 energy=-126.21951158144297  maxlinkdim=223 maxerr=9.49E-13 time=6.427
After sweep 6 energy=-126.21951158139238  maxlinkdim=223 maxerr=9.30E-13 time=5.625
After sweep 7 energy=-126.21951158142753  maxlinkdim=223 maxerr=9.31E-13 time=5.732
After sweep 8 energy=-126.21951158138101  maxlinkdim=223 maxerr=9.26E-13 time=5.637
Energy difference less than 5.0e-5, stopping DMRG
23/31
After sweep 1 energy=-150.47591337844648  maxlinkdim=223 maxerr=3.09E-07 time=10.023
After sweep 2 energy=-150.47591953683963  maxlinkdim=223 maxerr=3.09E-07 time=9.952
After sweep 3 energy=-150.47591955801585  maxlinkdim=223 maxerr=3.09E-07 time=9.958
After sweep 4 energy=-150.475951896096  maxlinkdim=446 maxerr=3.40E-09 time=12.027
After sweep 5 energy=-150.47595193776263  maxlinkdim=227 maxerr=9.20E-13 time=6.662
After sweep 6 energy=-150.47595193773873  maxlinkdim=227 maxerr=9.32E-13 time=5.661
After sweep 7 energy=-150.4759519377993  maxlinkdim=227 maxerr=9.29E-13 time=5.623
After sweep 8 energy=-150.47595193784485  maxlinkdim=227 maxerr=8.94E-13 time=5.603
Energy difference less than 5.0e-5, stopping DMRG
24/31
After sweep 1 energy=-179.15287645166737  maxlinkdim=227 maxerr=3.36E-07 time=11.231
After sweep 2 energy=-179.1528806763596  maxlinkdim=227 maxerr=3.36E-07 time=9.133
After sweep 3 energy=-179.152880678953  maxlinkdim=227 maxerr=3.36E-07 time=9.208
After sweep 4 energy=-179.15291531014546  maxlinkdim=454 maxerr=3.65E-09 time=12.435
After sweep 5 energy=-179.15291534745583  maxlinkdim=230 maxerr=9.22E-13 time=6.686
After sweep 6 energy=-179.15291534741263  maxlinkdim=230 maxerr=9.42E-13 time=5.678
After sweep 7 energy=-179.15291534735672  maxlinkdim=230 maxerr=9.40E-13 time=5.582
After sweep 8 energy=-179.1529153474143  maxlinkdim=230 maxerr=9.22E-13 time=5.910
Energy difference less than 5.0e-5, stopping DMRG
25/31
After sweep 1 energy=-213.83539784955252  maxlinkdim=230 maxerr=3.67E-07 time=10.365
After sweep 2 energy=-213.83540059463868  maxlinkdim=230 maxerr=3.67E-07 time=9.964
After sweep 3 energy=-213.83540059403413  maxlinkdim=230 maxerr=3.67E-07 time=8.783
After sweep 4 energy=-213.83544390376363  maxlinkdim=460 maxerr=4.02E-09 time=12.059
After sweep 5 energy=-213.8354439482946  maxlinkdim=233 maxerr=9.30E-13 time=7.099
After sweep 6 energy=-213.83544394834286  maxlinkdim=233 maxerr=9.37E-13 time=6.060
After sweep 7 energy=-213.8354439482819  maxlinkdim=233 maxerr=9.20E-13 time=5.864
After sweep 8 energy=-213.83544394828417  maxlinkdim=233 maxerr=9.19E-13 time=5.575
Energy difference less than 5.0e-5, stopping DMRG
26/31
After sweep 1 energy=-257.01481305464574  maxlinkdim=233 maxerr=3.93E-07 time=11.046
After sweep 2 energy=-257.01481417728644  maxlinkdim=233 maxerr=3.94E-07 time=9.329
After sweep 3 energy=-257.01481417995876  maxlinkdim=233 maxerr=3.94E-07 time=9.004
After sweep 4 energy=-257.01486352713016  maxlinkdim=466 maxerr=4.33E-09 time=12.398
After sweep 5 energy=-257.01486358097293  maxlinkdim=235 maxerr=8.48E-13 time=6.760
After sweep 6 energy=-257.014863580943  maxlinkdim=235 maxerr=8.48E-13 time=5.802
After sweep 7 energy=-257.01486358096327  maxlinkdim=235 maxerr=8.48E-13 time=5.555
After sweep 8 energy=-257.0148635809329  maxlinkdim=235 maxerr=8.32E-13 time=5.675
Energy difference less than 5.0e-5, stopping DMRG
27/31
After sweep 1 energy=-312.84623435091373  maxlinkdim=235 maxerr=4.27E-07 time=11.616
After sweep 2 energy=-312.84623494194835  maxlinkdim=235 maxerr=4.27E-07 time=9.075
After sweep 3 energy=-312.8462349451885  maxlinkdim=235 maxerr=4.27E-07 time=8.669
After sweep 4 energy=-312.84629842013624  maxlinkdim=470 maxerr=4.74E-09 time=12.417
After sweep 5 energy=-312.8462984786388  maxlinkdim=236 maxerr=8.54E-13 time=6.438
After sweep 6 energy=-312.84629847856013  maxlinkdim=236 maxerr=8.57E-13 time=6.111
After sweep 7 energy=-312.84629847855996  maxlinkdim=236 maxerr=8.57E-13 time=5.710
After sweep 8 energy=-312.84629847856877  maxlinkdim=236 maxerr=8.53E-13 time=5.928
Energy difference less than 5.0e-5, stopping DMRG
28/31
After sweep 1 energy=-388.81527297076724  maxlinkdim=236 maxerr=4.69E-07 time=10.710
After sweep 2 energy=-388.81527316526757  maxlinkdim=236 maxerr=4.69E-07 time=9.354
After sweep 3 energy=-388.81527316664517  maxlinkdim=236 maxerr=4.69E-07 time=9.069
After sweep 4 energy=-388.8153574592726  maxlinkdim=472 maxerr=5.24E-09 time=12.965
After sweep 5 energy=-388.81535753231117  maxlinkdim=236 maxerr=8.96E-13 time=6.494
After sweep 6 energy=-388.81535753226524  maxlinkdim=236 maxerr=8.96E-13 time=5.713
After sweep 7 energy=-388.8153575322852  maxlinkdim=236 maxerr=8.93E-13 time=5.940
After sweep 8 energy=-388.81535753229883  maxlinkdim=236 maxerr=8.93E-13 time=5.872
Energy difference less than 5.0e-5, stopping DMRG
29/31
After sweep 1 energy=-499.90486862527575  maxlinkdim=236 maxerr=5.14E-07 time=10.456
After sweep 2 energy=-499.90486881038885  maxlinkdim=236 maxerr=5.14E-07 time=8.808
After sweep 3 energy=-499.9048688101443  maxlinkdim=236 maxerr=5.14E-07 time=9.023
After sweep 4 energy=-499.9049665884728  maxlinkdim=472 maxerr=5.86E-09 time=12.362
After sweep 5 energy=-499.9049666885313  maxlinkdim=236 maxerr=9.68E-13 time=6.980
After sweep 6 energy=-499.90496668850415  maxlinkdim=236 maxerr=9.67E-13 time=5.557
After sweep 7 energy=-499.9049666885006  maxlinkdim=236 maxerr=9.66E-13 time=5.934
After sweep 8 energy=-499.90496668849147  maxlinkdim=236 maxerr=9.66E-13 time=6.069
Energy difference less than 5.0e-5, stopping DMRG
30/31
After sweep 1 energy=-681.0957152274135  maxlinkdim=236 maxerr=5.53E-07 time=11.033
After sweep 2 energy=-681.0957154169299  maxlinkdim=236 maxerr=5.53E-07 time=9.220
After sweep 3 energy=-681.0957154169072  maxlinkdim=236 maxerr=5.53E-07 time=8.982
After sweep 4 energy=-681.0958566538513  maxlinkdim=472 maxerr=6.39E-09 time=12.344
After sweep 5 energy=-681.0958568003135  maxlinkdim=237 maxerr=8.04E-13 time=6.784
After sweep 6 energy=-681.0958568002881  maxlinkdim=237 maxerr=8.03E-13 time=6.054
After sweep 7 energy=-681.0958568003248  maxlinkdim=237 maxerr=8.03E-13 time=6.131
After sweep 8 energy=-681.0958568002675  maxlinkdim=237 maxerr=8.03E-13 time=5.939
Energy difference less than 5.0e-5, stopping DMRG
31/31
After sweep 1 energy=-1037.3679306359352  maxlinkdim=237 maxerr=5.70E-07 time=11.232
After sweep 2 energy=-1037.3679307998254  maxlinkdim=237 maxerr=5.70E-07 time=8.761
After sweep 3 energy=-1037.3679308001058  maxlinkdim=237 maxerr=5.70E-07 time=8.853
After sweep 4 energy=-1037.3681327308295  maxlinkdim=474 maxerr=6.56E-09 time=12.596
After sweep 5 energy=-1037.3681329494816  maxlinkdim=237 maxerr=8.88E-13 time=6.551
After sweep 6 energy=-1037.3681329494743  maxlinkdim=237 maxerr=8.86E-13 time=5.957
After sweep 7 energy=-1037.3681329494925  maxlinkdim=237 maxerr=8.86E-13 time=6.133
After sweep 8 energy=-1037.368132949481  maxlinkdim=237 maxerr=8.86E-13 time=5.631
Energy difference less than 5.0e-5, stopping DMRG
Using a 4 by 5 lattice:
1/31
After sweep 1 energy=92.03696229118836  maxlinkdim=25 maxerr=1.34E-06 time=15.322
After sweep 2 energy=91.49337291514334  maxlinkdim=25 maxerr=4.51E-05 time=1.105
After sweep 3 energy=91.45785557701097  maxlinkdim=25 maxerr=4.67E-05 time=0.596
After sweep 4 energy=91.2125777443555  maxlinkdim=50 maxerr=4.25E-07 time=1.650
After sweep 5 energy=91.15554818783366  maxlinkdim=50 maxerr=1.26E-06 time=2.048
After sweep 6 energy=91.14784126925043  maxlinkdim=50 maxerr=2.56E-06 time=1.910
After sweep 7 energy=91.14118550968215  maxlinkdim=200 maxerr=8.36E-10 time=8.637
After sweep 8 energy=91.14094614543076  maxlinkdim=200 maxerr=1.60E-09 time=16.424
After sweep 9 energy=91.14091045460806  maxlinkdim=200 maxerr=2.01E-09 time=15.844
After sweep 10 energy=91.1409036267637  maxlinkdim=400 maxerr=9.33E-12 time=18.642
After sweep 11 energy=91.14090244949861  maxlinkdim=400 maxerr=1.44E-11 time=20.000
After sweep 12 energy=91.14090239980177  maxlinkdim=400 maxerr=1.55E-11 time=19.230
After sweep 13 energy=91.14090239614019  maxlinkdim=530 maxerr=9.98E-13 time=20.005
After sweep 14 energy=91.14090239613493  maxlinkdim=529 maxerr=9.97E-13 time=21.074
After sweep 15 energy=91.14090239655393  maxlinkdim=529 maxerr=9.99E-13 time=21.672
After sweep 16 energy=91.14090239697725  maxlinkdim=168 maxerr=9.96E-13 time=14.209
After sweep 17 energy=91.14090239834437  maxlinkdim=159 maxerr=9.83E-13 time=6.522
After sweep 18 energy=91.14090239993327  maxlinkdim=155 maxerr=9.99E-13 time=6.138
After sweep 19 energy=91.14090240048043  maxlinkdim=151 maxerr=9.95E-13 time=5.591
After sweep 20 energy=91.14090240133959  maxlinkdim=149 maxerr=9.49E-13 time=5.754
After sweep 21 energy=91.14090240111375  maxlinkdim=148 maxerr=9.99E-13 time=5.776
After sweep 22 energy=91.14090240190583  maxlinkdim=146 maxerr=9.19E-13 time=5.482
After sweep 23 energy=91.14090240158184  maxlinkdim=145 maxerr=9.76E-13 time=5.783
After sweep 24 energy=91.14090240184578  maxlinkdim=145 maxerr=9.94E-13 time=5.739
After sweep 25 energy=91.14090240160567  maxlinkdim=145 maxerr=9.95E-13 time=5.549
After sweep 26 energy=91.1409024017127  maxlinkdim=145 maxerr=8.13E-13 time=5.429
After sweep 27 energy=91.14090240229488  maxlinkdim=145 maxerr=9.97E-13 time=5.812
After sweep 28 energy=91.14090240213274  maxlinkdim=144 maxerr=9.85E-13 time=5.172
After sweep 29 energy=91.1409024021632  maxlinkdim=144 maxerr=9.98E-13 time=5.320
After sweep 30 energy=91.14090240234657  maxlinkdim=144 maxerr=9.46E-13 time=5.251
After sweep 31 energy=91.14090240225731  maxlinkdim=144 maxerr=7.95E-13 time=5.463
After sweep 32 energy=91.1409024027496  maxlinkdim=144 maxerr=1.00E-12 time=5.420
After sweep 33 energy=91.14090240280575  maxlinkdim=144 maxerr=7.87E-13 time=5.225
After sweep 34 energy=91.14090240264808  maxlinkdim=144 maxerr=9.87E-13 time=5.349
After sweep 35 energy=91.14090240318455  maxlinkdim=143 maxerr=1.00E-12 time=5.459
After sweep 36 energy=91.14090240270694  maxlinkdim=144 maxerr=9.65E-13 time=5.234
After sweep 37 energy=91.14090240271061  maxlinkdim=144 maxerr=9.46E-13 time=5.371
After sweep 38 energy=91.14090240272297  maxlinkdim=144 maxerr=8.57E-13 time=5.234
After sweep 39 energy=91.14090240244131  maxlinkdim=144 maxerr=9.97E-13 time=5.113
After sweep 40 energy=91.14090240289053  maxlinkdim=144 maxerr=7.68E-13 time=5.384
After sweep 41 energy=91.1409024028352  maxlinkdim=144 maxerr=7.87E-13 time=5.340
Energy difference less than 5.0e-5, stopping DMRG
2/31
After sweep 1 energy=85.02025358330258  maxlinkdim=144 maxerr=2.47E-08 time=9.433
After sweep 2 energy=85.0201479029193  maxlinkdim=144 maxerr=2.51E-08 time=10.729
After sweep 3 energy=85.02014243464797  maxlinkdim=144 maxerr=2.64E-08 time=10.411
After sweep 4 energy=85.020136483534  maxlinkdim=288 maxerr=2.91E-10 time=15.521
After sweep 5 energy=85.0201363273261  maxlinkdim=170 maxerr=9.97E-13 time=10.938
After sweep 6 energy=85.02013632301859  maxlinkdim=166 maxerr=9.99E-13 time=7.604
After sweep 7 energy=85.02013632376429  maxlinkdim=164 maxerr=9.72E-13 time=7.029
After sweep 8 energy=85.0201363249909  maxlinkdim=161 maxerr=9.79E-13 time=7.003
Energy difference less than 5.0e-5, stopping DMRG
3/31
After sweep 1 energy=78.66230276822002  maxlinkdim=161 maxerr=1.63E-08 time=11.291
After sweep 2 energy=78.66218433358303  maxlinkdim=161 maxerr=1.84E-08 time=13.952
After sweep 3 energy=78.6621762962672  maxlinkdim=161 maxerr=1.89E-08 time=12.567
After sweep 4 energy=78.66217201933364  maxlinkdim=322 maxerr=2.02E-10 time=17.859
After sweep 5 energy=78.66217191370131  maxlinkdim=184 maxerr=9.85E-13 time=12.102
After sweep 6 energy=78.6621719125398  maxlinkdim=179 maxerr=9.80E-13 time=8.074
After sweep 7 energy=78.6621719134373  maxlinkdim=176 maxerr=9.82E-13 time=7.649
After sweep 8 energy=78.66217191415775  maxlinkdim=175 maxerr=9.83E-13 time=7.343
Energy difference less than 5.0e-5, stopping DMRG
4/31
After sweep 1 energy=72.04058108030866  maxlinkdim=175 maxerr=1.44E-08 time=12.215
After sweep 2 energy=72.04048521016392  maxlinkdim=175 maxerr=1.57E-08 time=16.620
After sweep 3 energy=72.04048022925767  maxlinkdim=175 maxerr=1.68E-08 time=14.451
After sweep 4 energy=72.04047689519403  maxlinkdim=350 maxerr=1.70E-10 time=20.817
After sweep 5 energy=72.04047681110706  maxlinkdim=197 maxerr=9.89E-13 time=13.375
After sweep 6 energy=72.04047680883929  maxlinkdim=198 maxerr=9.40E-13 time=8.647
After sweep 7 energy=72.04047680951908  maxlinkdim=193 maxerr=9.97E-13 time=8.473
After sweep 8 energy=72.04047681065231  maxlinkdim=188 maxerr=9.73E-13 time=8.431
Energy difference less than 5.0e-5, stopping DMRG
5/31
After sweep 1 energy=65.12538027063445  maxlinkdim=188 maxerr=1.25E-08 time=14.476
After sweep 2 energy=65.12527320331934  maxlinkdim=188 maxerr=1.47E-08 time=17.882
After sweep 3 energy=65.12526403667253  maxlinkdim=188 maxerr=1.52E-08 time=16.014
After sweep 4 energy=65.12526008301266  maxlinkdim=376 maxerr=1.62E-10 time=22.283
After sweep 5 energy=65.12525995822261  maxlinkdim=213 maxerr=9.88E-13 time=15.052
After sweep 6 energy=65.12525995636776  maxlinkdim=206 maxerr=9.98E-13 time=9.974
After sweep 7 energy=65.12525995717351  maxlinkdim=203 maxerr=9.94E-13 time=9.605
After sweep 8 energy=65.12525995811475  maxlinkdim=199 maxerr=9.89E-13 time=9.058
Energy difference less than 5.0e-5, stopping DMRG
6/31
After sweep 1 energy=57.88319591372209  maxlinkdim=199 maxerr=1.33E-08 time=15.897
After sweep 2 energy=57.882985893102585  maxlinkdim=199 maxerr=1.47E-08 time=18.142
After sweep 3 energy=57.882979812375254  maxlinkdim=199 maxerr=1.64E-08 time=17.398
After sweep 4 energy=57.88297661950383  maxlinkdim=398 maxerr=1.78E-10 time=23.555
After sweep 5 energy=57.882976571691756  maxlinkdim=228 maxerr=9.95E-13 time=16.170
After sweep 6 energy=57.88297657219146  maxlinkdim=218 maxerr=9.92E-13 time=10.488
After sweep 7 energy=57.882976572950994  maxlinkdim=214 maxerr=9.99E-13 time=10.456
After sweep 8 energy=57.882976573403184  maxlinkdim=211 maxerr=9.68E-13 time=10.241
Energy difference less than 5.0e-5, stopping DMRG
7/31
After sweep 1 energy=50.27589889495637  maxlinkdim=211 maxerr=1.46E-08 time=17.670
After sweep 2 energy=50.27573154168419  maxlinkdim=211 maxerr=1.61E-08 time=21.875
After sweep 3 energy=50.27572420070012  maxlinkdim=211 maxerr=1.77E-08 time=20.404
After sweep 4 energy=50.27572075692251  maxlinkdim=422 maxerr=1.77E-10 time=26.861
After sweep 5 energy=50.27572068944725  maxlinkdim=244 maxerr=9.95E-13 time=17.263
After sweep 6 energy=50.275720689079584  maxlinkdim=240 maxerr=9.89E-13 time=12.237
After sweep 7 energy=50.27572068969372  maxlinkdim=237 maxerr=9.87E-13 time=11.960
After sweep 8 energy=50.2757206903982  maxlinkdim=231 maxerr=9.89E-13 time=11.106
Energy difference less than 5.0e-5, stopping DMRG
8/31
After sweep 1 energy=42.2605887325285  maxlinkdim=231 maxerr=1.28E-08 time=19.920
After sweep 2 energy=42.260481871612164  maxlinkdim=231 maxerr=1.44E-08 time=23.371
After sweep 3 energy=42.2604747342433  maxlinkdim=231 maxerr=1.49E-08 time=22.626
After sweep 4 energy=42.26047127848536  maxlinkdim=462 maxerr=1.52E-10 time=28.610
After sweep 5 energy=42.260471209670264  maxlinkdim=263 maxerr=9.92E-13 time=19.858
After sweep 6 energy=42.26047120956446  maxlinkdim=261 maxerr=9.90E-13 time=14.540
After sweep 7 energy=42.26047121023796  maxlinkdim=254 maxerr=9.73E-13 time=14.473
After sweep 8 energy=42.2604712104976  maxlinkdim=249 maxerr=9.96E-13 time=13.293
Energy difference less than 5.0e-5, stopping DMRG
9/31
After sweep 1 energy=33.788324559253056  maxlinkdim=249 maxerr=1.32E-08 time=23.525
After sweep 2 energy=33.78815729549493  maxlinkdim=249 maxerr=1.37E-08 time=26.187
After sweep 3 energy=33.7881500475172  maxlinkdim=249 maxerr=1.52E-08 time=25.563
After sweep 4 energy=33.78814671124203  maxlinkdim=498 maxerr=1.37E-10 time=32.744
After sweep 5 energy=33.788146664212945  maxlinkdim=285 maxerr=9.98E-13 time=22.345
After sweep 6 energy=33.788146664059376  maxlinkdim=276 maxerr=9.81E-13 time=16.135
After sweep 7 energy=33.788146664277946  maxlinkdim=270 maxerr=9.87E-13 time=15.129
After sweep 8 energy=33.78814666533574  maxlinkdim=266 maxerr=9.95E-13 time=14.748
Energy difference less than 5.0e-5, stopping DMRG
10/31
After sweep 1 energy=24.80265941804631  maxlinkdim=256 maxerr=1.70E-08 time=24.577
After sweep 2 energy=24.802433508252438  maxlinkdim=256 maxerr=1.77E-08 time=29.268
After sweep 3 energy=24.802414250260636  maxlinkdim=256 maxerr=1.86E-08 time=27.396
After sweep 4 energy=24.80240982855805  maxlinkdim=512 maxerr=1.81E-10 time=36.296
After sweep 5 energy=24.802409756776804  maxlinkdim=305 maxerr=9.88E-13 time=25.538
After sweep 6 energy=24.80240975662315  maxlinkdim=301 maxerr=9.96E-13 time=17.579
After sweep 7 energy=24.802409757566164  maxlinkdim=293 maxerr=9.82E-13 time=17.152
After sweep 8 energy=24.802409757872812  maxlinkdim=288 maxerr=9.69E-13 time=17.277
Energy difference less than 5.0e-5, stopping DMRG
11/31
After sweep 1 energy=15.238372736829179  maxlinkdim=256 maxerr=2.35E-08 time=26.783
After sweep 2 energy=15.238174242678626  maxlinkdim=256 maxerr=2.50E-08 time=30.013
After sweep 3 energy=15.238151189676417  maxlinkdim=256 maxerr=2.69E-08 time=27.199
After sweep 4 energy=15.238143723780668  maxlinkdim=512 maxerr=3.01E-10 time=39.684
After sweep 5 energy=15.2381435643107  maxlinkdim=326 maxerr=9.89E-13 time=26.584
After sweep 6 energy=15.238143563807625  maxlinkdim=317 maxerr=9.99E-13 time=19.371
After sweep 7 energy=15.238143564140243  maxlinkdim=310 maxerr=9.95E-13 time=18.754
After sweep 8 energy=15.238143564499403  maxlinkdim=306 maxerr=9.88E-13 time=18.590
Energy difference less than 5.0e-5, stopping DMRG
12/31
After sweep 1 energy=5.01974073548328  maxlinkdim=256 maxerr=3.59E-08 time=27.844
After sweep 2 energy=5.019517239379228  maxlinkdim=256 maxerr=3.85E-08 time=29.959
After sweep 3 energy=5.019504434362142  maxlinkdim=256 maxerr=4.02E-08 time=28.538
After sweep 4 energy=5.019494657627769  maxlinkdim=512 maxerr=4.92E-10 time=40.345
After sweep 5 energy=5.019494485895149  maxlinkdim=349 maxerr=9.98E-13 time=29.097
After sweep 6 energy=5.0194944842198765  maxlinkdim=341 maxerr=9.97E-13 time=22.265
After sweep 7 energy=5.01949448447931  maxlinkdim=338 maxerr=9.80E-13 time=21.744
After sweep 8 energy=5.0194944854249  maxlinkdim=333 maxerr=9.80E-13 time=21.508
Energy difference less than 5.0e-5, stopping DMRG
13/31
After sweep 1 energy=-5.942294898396891  maxlinkdim=256 maxerr=4.66E-08 time=31.331
After sweep 2 energy=-5.94262506683136  maxlinkdim=256 maxerr=5.53E-08 time=34.008
After sweep 3 energy=-5.942647618860391  maxlinkdim=256 maxerr=5.74E-08 time=29.311
After sweep 4 energy=-5.94266164688871  maxlinkdim=512 maxerr=8.08E-10 time=43.495
After sweep 5 energy=-5.9426618668780975  maxlinkdim=370 maxerr=9.84E-13 time=31.712
After sweep 6 energy=-5.9426618674324345  maxlinkdim=369 maxerr=9.98E-13 time=25.423
After sweep 7 energy=-5.942661866585468  maxlinkdim=362 maxerr=9.83E-13 time=23.502
After sweep 8 energy=-5.942661866193248  maxlinkdim=358 maxerr=9.86E-13 time=24.042
Energy difference less than 5.0e-5, stopping DMRG
14/31
After sweep 1 energy=-17.75369362343628  maxlinkdim=256 maxerr=7.13E-08 time=32.089
After sweep 2 energy=-17.753996731331135  maxlinkdim=256 maxerr=8.07E-08 time=33.166
After sweep 3 energy=-17.754013332074404  maxlinkdim=256 maxerr=8.21E-08 time=29.860
After sweep 4 energy=-17.754034210001848  maxlinkdim=512 maxerr=1.27E-09 time=44.953
After sweep 5 energy=-17.754034578016217  maxlinkdim=399 maxerr=9.93E-13 time=33.262
After sweep 6 energy=-17.754034578476194  maxlinkdim=389 maxerr=9.95E-13 time=26.086
After sweep 7 energy=-17.754034578027937  maxlinkdim=383 maxerr=1.00E-12 time=27.123
After sweep 8 energy=-17.754034577641733  maxlinkdim=380 maxerr=9.89E-13 time=27.198
Energy difference less than 5.0e-5, stopping DMRG
15/31
After sweep 1 energy=-30.540939771903894  maxlinkdim=256 maxerr=9.84E-08 time=33.803
After sweep 2 energy=-30.54125491455465  maxlinkdim=256 maxerr=1.12E-07 time=35.487
After sweep 3 energy=-30.541274821846976  maxlinkdim=256 maxerr=1.15E-07 time=33.724
After sweep 4 energy=-30.541305667849283  maxlinkdim=512 maxerr=1.96E-09 time=46.028
After sweep 5 energy=-30.541306225597964  maxlinkdim=432 maxerr=9.96E-13 time=35.300
After sweep 6 energy=-30.54130622637922  maxlinkdim=422 maxerr=9.94E-13 time=30.094
After sweep 7 energy=-30.54130622603155  maxlinkdim=427 maxerr=9.99E-13 time=29.885
After sweep 8 energy=-30.541306225621156  maxlinkdim=419 maxerr=9.98E-13 time=29.462
Energy difference less than 5.0e-5, stopping DMRG
16/31
After sweep 1 energy=-44.45773307128559  maxlinkdim=256 maxerr=1.41E-07 time=33.811
After sweep 2 energy=-44.457989856538425  maxlinkdim=256 maxerr=1.56E-07 time=35.172
After sweep 3 energy=-44.457997009281186  maxlinkdim=256 maxerr=1.63E-07 time=30.431
After sweep 4 energy=-44.45803869233347  maxlinkdim=512 maxerr=2.98E-09 time=48.006
After sweep 5 energy=-44.45803956666106  maxlinkdim=464 maxerr=9.96E-13 time=38.717
After sweep 6 energy=-44.45803956753002  maxlinkdim=462 maxerr=9.95E-13 time=32.246
After sweep 7 energy=-44.4580395673418  maxlinkdim=455 maxerr=9.91E-13 time=32.227
After sweep 8 energy=-44.45803956703526  maxlinkdim=452 maxerr=9.98E-13 time=32.099
Energy difference less than 5.0e-5, stopping DMRG
17/31
After sweep 1 energy=-59.6923805524431  maxlinkdim=256 maxerr=2.00E-07 time=34.921
After sweep 2 energy=-59.692714332903584  maxlinkdim=256 maxerr=2.14E-07 time=33.323
After sweep 3 energy=-59.69272490163616  maxlinkdim=256 maxerr=2.19E-07 time=32.410
After sweep 4 energy=-59.692783280904756  maxlinkdim=512 maxerr=4.45E-09 time=50.231
After sweep 5 energy=-59.692784593904356  maxlinkdim=497 maxerr=1.12E-12 time=40.747
After sweep 6 energy=-59.69278459535849  maxlinkdim=500 maxerr=9.97E-13 time=34.476
After sweep 7 energy=-59.69278459500674  maxlinkdim=503 maxerr=1.00E-12 time=36.032
After sweep 8 energy=-59.6927845946218  maxlinkdim=489 maxerr=9.95E-13 time=34.591
Energy difference less than 5.0e-5, stopping DMRG
18/31
After sweep 1 energy=-76.48001343968055  maxlinkdim=256 maxerr=2.67E-07 time=35.877
After sweep 2 energy=-76.48035881383392  maxlinkdim=256 maxerr=2.88E-07 time=36.313
After sweep 3 energy=-76.48036827237694  maxlinkdim=256 maxerr=2.98E-07 time=33.886
After sweep 4 energy=-76.48045484330119  maxlinkdim=512 maxerr=6.36E-09 time=51.463
After sweep 5 energy=-76.4804569011842  maxlinkdim=512 maxerr=2.62E-12 time=42.459
After sweep 6 energy=-76.48045690210233  maxlinkdim=512 maxerr=2.15E-12 time=38.418
After sweep 7 energy=-76.48045690221556  maxlinkdim=520 maxerr=9.97E-13 time=37.743
After sweep 8 energy=-76.48045690202957  maxlinkdim=519 maxerr=9.98E-13 time=38.705
Energy difference less than 5.0e-5, stopping DMRG
19/31
After sweep 1 energy=-95.11840868783517  maxlinkdim=256 maxerr=3.81E-07 time=38.071
After sweep 2 energy=-95.11856356742504  maxlinkdim=256 maxerr=3.87E-07 time=35.626
After sweep 3 energy=-95.11856617877828  maxlinkdim=256 maxerr=3.91E-07 time=32.635
After sweep 4 energy=-95.11868948364946  maxlinkdim=512 maxerr=8.96E-09 time=50.820
After sweep 5 energy=-95.11869245011235  maxlinkdim=512 maxerr=5.33E-12 time=44.228
After sweep 6 energy=-95.11869245153035  maxlinkdim=512 maxerr=5.56E-12 time=39.481
After sweep 7 energy=-95.11869245279149  maxlinkdim=564 maxerr=9.91E-13 time=40.958
After sweep 8 energy=-95.11869245236599  maxlinkdim=559 maxerr=9.95E-13 time=40.716
Energy difference less than 5.0e-5, stopping DMRG
20/31
After sweep 1 energy=-115.99160785803012  maxlinkdim=256 maxerr=4.88E-07 time=39.101
After sweep 2 energy=-115.99176476011063  maxlinkdim=256 maxerr=5.05E-07 time=37.076
After sweep 3 energy=-115.99176792398706  maxlinkdim=256 maxerr=5.08E-07 time=34.535
After sweep 4 energy=-115.99193437034987  maxlinkdim=512 maxerr=1.27E-08 time=52.636
After sweep 5 energy=-115.99193856098164  maxlinkdim=512 maxerr=1.05E-11 time=45.327
After sweep 6 energy=-115.99193856170723  maxlinkdim=512 maxerr=9.09E-12 time=40.830
After sweep 7 energy=-115.99193856467582  maxlinkdim=596 maxerr=9.95E-13 time=42.872
After sweep 8 energy=-115.99193856449301  maxlinkdim=597 maxerr=9.98E-13 time=44.378
Energy difference less than 5.0e-5, stopping DMRG
21/31
After sweep 1 energy=-139.60755169891362  maxlinkdim=256 maxerr=6.25E-07 time=39.493
After sweep 2 energy=-139.60763915444787  maxlinkdim=256 maxerr=6.40E-07 time=36.213
After sweep 3 energy=-139.60764009317148  maxlinkdim=256 maxerr=6.41E-07 time=32.013
After sweep 4 energy=-139.60785219280132  maxlinkdim=512 maxerr=1.68E-08 time=55.924
After sweep 5 energy=-139.6078580559547  maxlinkdim=512 maxerr=1.78E-11 time=45.618
After sweep 6 energy=-139.607858056477  maxlinkdim=512 maxerr=1.89E-11 time=42.329
After sweep 7 energy=-139.60785806217245  maxlinkdim=624 maxerr=9.93E-13 time=45.273
After sweep 8 energy=-139.60785806218578  maxlinkdim=628 maxerr=9.98E-13 time=46.374
Energy difference less than 5.0e-5, stopping DMRG
22/31
After sweep 1 energy=-166.65355362663558  maxlinkdim=256 maxerr=7.78E-07 time=40.815
After sweep 2 energy=-166.6536111643987  maxlinkdim=256 maxerr=7.94E-07 time=36.076
After sweep 3 energy=-166.65361104492823  maxlinkdim=256 maxerr=7.95E-07 time=33.111
After sweep 4 energy=-166.65389640099272  maxlinkdim=512 maxerr=2.19E-08 time=55.179
After sweep 5 energy=-166.6539045281307  maxlinkdim=512 maxerr=3.03E-11 time=46.409
After sweep 6 energy=-166.65390452856462  maxlinkdim=512 maxerr=3.06E-11 time=42.754
After sweep 7 energy=-166.65390453859277  maxlinkdim=652 maxerr=9.96E-13 time=48.157
After sweep 8 energy=-166.6539045387725  maxlinkdim=667 maxerr=9.93E-13 time=48.440
Energy difference less than 5.0e-5, stopping DMRG
23/31
After sweep 1 energy=-198.08774598727632  maxlinkdim=256 maxerr=9.55E-07 time=41.665
After sweep 2 energy=-198.0877755601298  maxlinkdim=256 maxerr=9.69E-07 time=34.255
After sweep 3 energy=-198.0877756091098  maxlinkdim=256 maxerr=9.71E-07 time=32.970
After sweep 4 energy=-198.08815086924398  maxlinkdim=512 maxerr=2.78E-08 time=55.528
After sweep 5 energy=-198.08816178906864  maxlinkdim=512 maxerr=5.26E-11 time=47.221
After sweep 6 energy=-198.08816178980956  maxlinkdim=512 maxerr=4.94E-11 time=44.971
After sweep 7 energy=-198.08816180553936  maxlinkdim=683 maxerr=9.98E-13 time=49.478
After sweep 8 energy=-198.08816180576935  maxlinkdim=696 maxerr=9.95E-13 time=51.936
Energy difference less than 5.0e-5, stopping DMRG
24/31
After sweep 1 energy=-235.2905257543877  maxlinkdim=256 maxerr=1.15E-06 time=42.440
After sweep 2 energy=-235.29053476906282  maxlinkdim=256 maxerr=1.16E-06 time=33.531
After sweep 3 energy=-235.29053469024953  maxlinkdim=256 maxerr=1.16E-06 time=33.052
After sweep 4 energy=-235.29102570268245  maxlinkdim=512 maxerr=3.47E-08 time=56.357
After sweep 5 energy=-235.29104038080095  maxlinkdim=512 maxerr=7.75E-11 time=49.201
After sweep 6 energy=-235.29104038044989  maxlinkdim=512 maxerr=7.53E-11 time=45.658
After sweep 7 energy=-235.29104040681915  maxlinkdim=709 maxerr=9.87E-13 time=50.431
After sweep 8 energy=-235.29104040700076  maxlinkdim=723 maxerr=1.00E-12 time=53.013
Energy difference less than 5.0e-5, stopping DMRG
25/31
After sweep 1 energy=-280.3303640049078  maxlinkdim=256 maxerr=1.36E-06 time=41.957
After sweep 2 energy=-280.3303678221111  maxlinkdim=256 maxerr=1.36E-06 time=32.930
After sweep 3 energy=-280.3303678150427  maxlinkdim=256 maxerr=1.36E-06 time=32.716
After sweep 4 energy=-280.3310066243553  maxlinkdim=512 maxerr=4.23E-08 time=57.817
After sweep 5 energy=-280.3310259150287  maxlinkdim=512 maxerr=1.10E-10 time=49.241
After sweep 6 energy=-280.33102591477564  maxlinkdim=512 maxerr=1.10E-10 time=45.703
After sweep 7 energy=-280.33102595448946  maxlinkdim=728 maxerr=9.99E-13 time=51.980
After sweep 8 energy=-280.33102595482285  maxlinkdim=747 maxerr=9.98E-13 time=53.594
Energy difference less than 5.0e-5, stopping DMRG
26/31
After sweep 1 energy=-336.4576466004004  maxlinkdim=256 maxerr=1.57E-06 time=40.394
After sweep 2 energy=-336.4576493457084  maxlinkdim=256 maxerr=1.56E-06 time=31.569
After sweep 3 energy=-336.4576495497812  maxlinkdim=256 maxerr=1.56E-06 time=31.615
After sweep 4 energy=-336.45847334303767  maxlinkdim=512 maxerr=5.05E-08 time=56.669
After sweep 5 energy=-336.45849967467257  maxlinkdim=512 maxerr=1.47E-10 time=49.954
After sweep 6 energy=-336.4584996739254  maxlinkdim=512 maxerr=1.48E-10 time=46.132
After sweep 7 energy=-336.4584997344013  maxlinkdim=745 maxerr=9.99E-13 time=51.729
After sweep 8 energy=-336.4584997349421  maxlinkdim=766 maxerr=9.90E-13 time=55.187
Energy difference less than 5.0e-5, stopping DMRG
27/31
After sweep 1 energy=-409.09254679464806  maxlinkdim=256 maxerr=1.76E-06 time=41.185
After sweep 2 energy=-409.0925478042233  maxlinkdim=256 maxerr=1.76E-06 time=31.991
After sweep 3 energy=-409.09254780450954  maxlinkdim=256 maxerr=1.76E-06 time=31.605
After sweep 4 energy=-409.09366579201196  maxlinkdim=512 maxerr=5.88E-08 time=55.194
After sweep 5 energy=-409.0937008017146  maxlinkdim=512 maxerr=1.92E-10 time=50.471
After sweep 6 energy=-409.09370080076906  maxlinkdim=512 maxerr=1.96E-10 time=47.415
After sweep 7 energy=-409.09370088985304  maxlinkdim=760 maxerr=9.94E-13 time=53.250
After sweep 8 energy=-409.0937008904654  maxlinkdim=781 maxerr=9.98E-13 time=55.069
Energy difference less than 5.0e-5, stopping DMRG
28/31
After sweep 1 energy=-507.9990971785183  maxlinkdim=256 maxerr=1.95E-06 time=41.918
After sweep 2 energy=-507.99909797801416  maxlinkdim=256 maxerr=1.95E-06 time=31.659
After sweep 3 energy=-507.99909811538  maxlinkdim=256 maxerr=1.94E-06 time=30.853
After sweep 4 energy=-508.00054079094843  maxlinkdim=512 maxerr=6.68E-08 time=55.317
After sweep 5 energy=-508.0005884460896  maxlinkdim=512 maxerr=2.37E-10 time=49.684
After sweep 6 energy=-508.0005884454474  maxlinkdim=512 maxerr=2.42E-10 time=46.110
After sweep 7 energy=-508.00058857456696  maxlinkdim=773 maxerr=9.97E-13 time=53.671
After sweep 8 energy=-508.0005885752185  maxlinkdim=796 maxerr=9.98E-13 time=56.410
Energy difference less than 5.0e-5, stopping DMRG
29/31
After sweep 1 energy=-652.7197864003788  maxlinkdim=256 maxerr=2.12E-06 time=42.099
After sweep 2 energy=-652.7197866950455  maxlinkdim=256 maxerr=2.12E-06 time=31.416
After sweep 3 energy=-652.719786747296  maxlinkdim=256 maxerr=2.12E-06 time=32.046
After sweep 4 energy=-652.7217292346878  maxlinkdim=512 maxerr=7.42E-08 time=56.112
After sweep 5 energy=-652.7217950867362  maxlinkdim=512 maxerr=2.84E-10 time=51.123
After sweep 6 energy=-652.7217950867125  maxlinkdim=512 maxerr=2.85E-10 time=48.148
After sweep 7 energy=-652.7217952753815  maxlinkdim=782 maxerr=9.95E-13 time=54.072
After sweep 8 energy=-652.7217952763931  maxlinkdim=807 maxerr=1.00E-12 time=56.509
Energy difference less than 5.0e-5, stopping DMRG
30/31
After sweep 1 energy=-888.8807554273066  maxlinkdim=256 maxerr=2.27E-06 time=41.840
After sweep 2 energy=-888.8807559078692  maxlinkdim=256 maxerr=2.26E-06 time=31.627
After sweep 3 energy=-888.8807559950928  maxlinkdim=256 maxerr=2.26E-06 time=32.521
After sweep 4 energy=-888.8834666626557  maxlinkdim=512 maxerr=8.06E-08 time=55.899
After sweep 5 energy=-888.8835616036359  maxlinkdim=512 maxerr=3.24E-10 time=49.333
After sweep 6 energy=-888.8835616035836  maxlinkdim=512 maxerr=3.25E-10 time=48.673
After sweep 7 energy=-888.8835618872306  maxlinkdim=790 maxerr=1.00E-12 time=54.545
After sweep 8 energy=-888.8835618883762  maxlinkdim=816 maxerr=9.89E-13 time=58.085
Energy difference less than 5.0e-5, stopping DMRG
31/31
After sweep 1 energy=-1353.4104578648216  maxlinkdim=256 maxerr=2.38E-06 time=41.681
After sweep 2 energy=-1353.4104579583757  maxlinkdim=256 maxerr=2.37E-06 time=32.259
After sweep 3 energy=-1353.4104580543165  maxlinkdim=256 maxerr=2.37E-06 time=31.934
After sweep 4 energy=-1353.4147808466994  maxlinkdim=512 maxerr=8.56E-08 time=55.680
After sweep 5 energy=-1353.41493253629  maxlinkdim=512 maxerr=3.54E-10 time=51.468
After sweep 6 energy=-1353.4149325349094  maxlinkdim=512 maxerr=3.56E-10 time=48.178
After sweep 7 energy=-1353.4149329982129  maxlinkdim=796 maxerr=9.86E-13 time=54.912
After sweep 8 energy=-1353.4149330000175  maxlinkdim=821 maxerr=9.92E-13 time=58.877
Energy difference less than 5.0e-5, stopping DMRG
Using a 4 by 6 lattice:
1/31
After sweep 1 energy=109.14776630485851  maxlinkdim=30 maxerr=7.92E-08 time=15.357
After sweep 2 energy=108.38697376342628  maxlinkdim=30 maxerr=1.90E-05 time=1.646
After sweep 3 energy=108.29169951332439  maxlinkdim=30 maxerr=2.68E-05 time=1.210
After sweep 4 energy=108.11155234606254  maxlinkdim=60 maxerr=2.63E-07 time=2.732
After sweep 5 energy=108.08037809355591  maxlinkdim=60 maxerr=8.35E-07 time=3.754
After sweep 6 energy=108.0743152354238  maxlinkdim=60 maxerr=1.31E-06 time=3.744
After sweep 7 energy=108.06984492751032  maxlinkdim=240 maxerr=3.51E-10 time=15.513
After sweep 8 energy=108.06966804553046  maxlinkdim=240 maxerr=5.26E-10 time=33.608
After sweep 9 energy=108.06963544746739  maxlinkdim=240 maxerr=6.08E-10 time=29.132
After sweep 10 energy=108.06963015952587  maxlinkdim=480 maxerr=2.92E-12 time=34.838
After sweep 11 energy=108.06962983409598  maxlinkdim=480 maxerr=3.54E-12 time=36.501
After sweep 12 energy=108.06962981690894  maxlinkdim=480 maxerr=3.80E-12 time=35.927
After sweep 13 energy=108.06962981361598  maxlinkdim=546 maxerr=1.00E-12 time=38.012
After sweep 14 energy=108.06962981389239  maxlinkdim=547 maxerr=9.96E-13 time=37.842
After sweep 15 energy=108.06962981402214  maxlinkdim=546 maxerr=9.97E-13 time=38.968
After sweep 16 energy=108.06962981389552  maxlinkdim=177 maxerr=9.95E-13 time=24.018
After sweep 17 energy=108.06962981560562  maxlinkdim=168 maxerr=9.81E-13 time=11.416
After sweep 18 energy=108.06962981742353  maxlinkdim=165 maxerr=9.97E-13 time=10.797
After sweep 19 energy=108.06962981953328  maxlinkdim=160 maxerr=9.98E-13 time=9.985
After sweep 20 energy=108.06962982002464  maxlinkdim=158 maxerr=9.65E-13 time=10.381
After sweep 21 energy=108.06962982055893  maxlinkdim=155 maxerr=9.73E-13 time=9.926
After sweep 22 energy=108.06962982139612  maxlinkdim=154 maxerr=9.84E-13 time=9.297
After sweep 23 energy=108.06962982195238  maxlinkdim=153 maxerr=9.98E-13 time=9.717
After sweep 24 energy=108.06962982247572  maxlinkdim=152 maxerr=9.73E-13 time=9.283
After sweep 25 energy=108.0696298227034  maxlinkdim=152 maxerr=9.60E-13 time=9.275
After sweep 26 energy=108.06962982279349  maxlinkdim=152 maxerr=9.63E-13 time=9.397
After sweep 27 energy=108.0696298231579  maxlinkdim=151 maxerr=9.98E-13 time=9.679
After sweep 28 energy=108.06962982333864  maxlinkdim=151 maxerr=9.98E-13 time=9.441
After sweep 29 energy=108.0696298230841  maxlinkdim=151 maxerr=9.39E-13 time=9.177
After sweep 30 energy=108.06962982325373  maxlinkdim=151 maxerr=1.00E-12 time=8.871
After sweep 31 energy=108.06962982358088  maxlinkdim=151 maxerr=9.44E-13 time=8.741
After sweep 32 energy=108.06962982322425  maxlinkdim=151 maxerr=9.20E-13 time=9.000
After sweep 33 energy=108.06962982345892  maxlinkdim=151 maxerr=9.71E-13 time=9.387
After sweep 34 energy=108.06962982362322  maxlinkdim=151 maxerr=8.71E-13 time=9.319
After sweep 35 energy=108.06962982388532  maxlinkdim=151 maxerr=9.97E-13 time=9.698
After sweep 36 energy=108.06962982378424  maxlinkdim=151 maxerr=9.32E-13 time=9.122
After sweep 37 energy=108.06962982377078  maxlinkdim=151 maxerr=9.69E-13 time=8.880
After sweep 38 energy=108.06962982370004  maxlinkdim=151 maxerr=9.96E-13 time=8.939
After sweep 39 energy=108.06962982380355  maxlinkdim=151 maxerr=9.78E-13 time=9.487
After sweep 40 energy=108.06962982346698  maxlinkdim=151 maxerr=9.92E-13 time=8.826
After sweep 41 energy=108.069629823565  maxlinkdim=151 maxerr=8.28E-13 time=9.283
Energy difference less than 5.0e-5, stopping DMRG
2/31
After sweep 1 energy=100.63074461976097  maxlinkdim=151 maxerr=2.01E-08 time=15.322
After sweep 2 energy=100.6306607561122  maxlinkdim=151 maxerr=1.85E-08 time=18.735
After sweep 3 energy=100.63065598127638  maxlinkdim=151 maxerr=2.14E-08 time=18.405
After sweep 4 energy=100.63064631563525  maxlinkdim=302 maxerr=2.16E-10 time=26.546
After sweep 5 energy=100.63064599886638  maxlinkdim=177 maxerr=9.90E-13 time=19.547
After sweep 6 energy=100.63064598192183  maxlinkdim=173 maxerr=9.99E-13 time=12.784
After sweep 7 energy=100.63064598167794  maxlinkdim=174 maxerr=9.97E-13 time=11.818
After sweep 8 energy=100.63064598318563  maxlinkdim=169 maxerr=9.91E-13 time=11.572
Energy difference less than 5.0e-5, stopping DMRG
3/31
After sweep 1 energy=92.89958359713455  maxlinkdim=169 maxerr=1.41E-08 time=18.397
After sweep 2 energy=92.89943870873658  maxlinkdim=169 maxerr=1.54E-08 time=22.270
After sweep 3 energy=92.89942651033057  maxlinkdim=169 maxerr=1.63E-08 time=20.615
After sweep 4 energy=92.89941980107295  maxlinkdim=338 maxerr=1.63E-10 time=30.343
After sweep 5 energy=92.8994196474564  maxlinkdim=196 maxerr=9.97E-13 time=22.607
After sweep 6 energy=92.89941964371701  maxlinkdim=192 maxerr=9.82E-13 time=14.374
After sweep 7 energy=92.89941964498666  maxlinkdim=187 maxerr=1.00E-12 time=13.456
After sweep 8 energy=92.89941964628011  maxlinkdim=184 maxerr=9.75E-13 time=13.272
Energy difference less than 5.0e-5, stopping DMRG
4/31
After sweep 1 energy=84.8436965907075  maxlinkdim=184 maxerr=1.11E-08 time=21.235
After sweep 2 energy=84.843502196911  maxlinkdim=184 maxerr=1.32E-08 time=27.487
After sweep 3 energy=84.84349664963896  maxlinkdim=184 maxerr=1.40E-08 time=25.502
After sweep 4 energy=84.84349112383916  maxlinkdim=368 maxerr=1.38E-10 time=35.081
After sweep 5 energy=84.84349096528118  maxlinkdim=211 maxerr=9.98E-13 time=25.620
After sweep 6 energy=84.84349096063943  maxlinkdim=204 maxerr=9.98E-13 time=16.894
After sweep 7 energy=84.84349096095667  maxlinkdim=200 maxerr=9.91E-13 time=16.234
After sweep 8 energy=84.84349096267029  maxlinkdim=197 maxerr=9.90E-13 time=15.095
Energy difference less than 5.0e-5, stopping DMRG
5/31
After sweep 1 energy=76.42671829687356  maxlinkdim=197 maxerr=1.06E-08 time=24.706
After sweep 2 energy=76.42644468976874  maxlinkdim=197 maxerr=1.35E-08 time=30.562
After sweep 3 energy=76.42643392283298  maxlinkdim=197 maxerr=1.37E-08 time=28.179
After sweep 4 energy=76.42642746303413  maxlinkdim=394 maxerr=1.34E-10 time=39.503
After sweep 5 energy=76.42642729028931  maxlinkdim=226 maxerr=9.86E-13 time=29.119
After sweep 6 energy=76.42642728497685  maxlinkdim=223 maxerr=1.00E-12 time=18.731
After sweep 7 energy=76.42642728615186  maxlinkdim=219 maxerr=1.00E-12 time=17.787
After sweep 8 energy=76.42642728734582  maxlinkdim=220 maxerr=9.88E-13 time=17.030
Energy difference less than 5.0e-5, stopping DMRG
6/31
After sweep 1 energy=67.60767381745028  maxlinkdim=220 maxerr=8.76E-09 time=28.809
After sweep 2 energy=67.60724031935433  maxlinkdim=220 maxerr=9.90E-09 time=34.450
After sweep 3 energy=67.60722143304311  maxlinkdim=220 maxerr=9.77E-09 time=33.900
After sweep 4 energy=67.60721441905243  maxlinkdim=440 maxerr=9.64E-11 time=46.665
After sweep 5 energy=67.60721426307418  maxlinkdim=245 maxerr=9.96E-13 time=33.698
After sweep 6 energy=67.60721425888778  maxlinkdim=237 maxerr=9.89E-13 time=21.670
After sweep 7 energy=67.60721425984669  maxlinkdim=233 maxerr=9.95E-13 time=20.283
After sweep 8 energy=67.60721426124299  maxlinkdim=228 maxerr=9.87E-13 time=19.100
Energy difference less than 5.0e-5, stopping DMRG
7/31
After sweep 1 energy=58.339791775083505  maxlinkdim=228 maxerr=9.97E-09 time=32.334
After sweep 2 energy=58.33952534672297  maxlinkdim=228 maxerr=1.20E-08 time=38.781
After sweep 3 energy=58.33951275716108  maxlinkdim=228 maxerr=1.29E-08 time=36.581
After sweep 4 energy=58.339506853556315  maxlinkdim=456 maxerr=1.22E-10 time=52.808
After sweep 5 energy=58.33950672663468  maxlinkdim=266 maxerr=9.94E-13 time=36.913
After sweep 6 energy=58.339506725569606  maxlinkdim=260 maxerr=9.99E-13 time=24.582
After sweep 7 energy=58.33950672719175  maxlinkdim=254 maxerr=9.98E-13 time=24.106
After sweep 8 energy=58.33950672849484  maxlinkdim=248 maxerr=9.86E-13 time=22.401
Energy difference less than 5.0e-5, stopping DMRG
8/31
After sweep 1 energy=48.571034834532995  maxlinkdim=248 maxerr=9.89E-09 time=38.376
After sweep 2 energy=48.57072730934507  maxlinkdim=248 maxerr=1.13E-08 time=43.719
After sweep 3 energy=48.570705256295795  maxlinkdim=248 maxerr=1.21E-08 time=42.176
After sweep 4 energy=48.570697452858575  maxlinkdim=496 maxerr=1.07E-10 time=60.036
After sweep 5 energy=48.57069727916269  maxlinkdim=290 maxerr=1.00E-12 time=42.556
After sweep 6 energy=48.57069727687048  maxlinkdim=279 maxerr=9.99E-13 time=29.243
After sweep 7 energy=48.57069727828548  maxlinkdim=273 maxerr=9.93E-13 time=28.417
After sweep 8 energy=48.570697279345495  maxlinkdim=269 maxerr=9.90E-13 time=26.164
Energy difference less than 5.0e-5, stopping DMRG
9/31
After sweep 1 energy=38.24125288104966  maxlinkdim=256 maxerr=1.15E-08 time=40.551
After sweep 2 energy=38.24078966924415  maxlinkdim=256 maxerr=1.49E-08 time=47.491
After sweep 3 energy=38.24075749789201  maxlinkdim=256 maxerr=1.55E-08 time=47.765
After sweep 4 energy=38.240747500184334  maxlinkdim=512 maxerr=1.41E-10 time=68.973
After sweep 5 energy=38.24074729826407  maxlinkdim=315 maxerr=1.00E-12 time=49.359
After sweep 6 energy=38.24074729589478  maxlinkdim=305 maxerr=9.95E-13 time=32.171
After sweep 7 energy=38.24074729664153  maxlinkdim=297 maxerr=9.98E-13 time=31.635
After sweep 8 energy=38.24074729777236  maxlinkdim=291 maxerr=9.93E-13 time=29.298
Energy difference less than 5.0e-5, stopping DMRG
10/31
After sweep 1 energy=27.281162556372433  maxlinkdim=256 maxerr=1.86E-08 time=47.045
After sweep 2 energy=27.2807626614665  maxlinkdim=256 maxerr=2.22E-08 time=49.581
After sweep 3 energy=27.2807240189135  maxlinkdim=256 maxerr=2.34E-08 time=50.849
After sweep 4 energy=27.280708895654612  maxlinkdim=512 maxerr=2.43E-10 time=72.694
After sweep 5 energy=27.280708611989212  maxlinkdim=341 maxerr=1.00E-12 time=53.540
After sweep 6 energy=27.28070860719904  maxlinkdim=347 maxerr=1.00E-12 time=39.467
After sweep 7 energy=27.280708608440364  maxlinkdim=331 maxerr=9.99E-13 time=37.147
After sweep 8 energy=27.280708609164968  maxlinkdim=329 maxerr=9.99E-13 time=35.671
Energy difference less than 5.0e-5, stopping DMRG
11/31
After sweep 1 energy=15.611350908159999  maxlinkdim=256 maxerr=2.84E-08 time=48.912
After sweep 2 energy=15.610893752598033  maxlinkdim=256 maxerr=3.39E-08 time=51.663
After sweep 3 energy=15.610862328579808  maxlinkdim=256 maxerr=3.45E-08 time=48.039
After sweep 4 energy=15.61084183823356  maxlinkdim=512 maxerr=4.08E-10 time=76.346
After sweep 5 energy=15.61084145274305  maxlinkdim=368 maxerr=9.98E-13 time=60.095
After sweep 6 energy=15.610841450000635  maxlinkdim=357 maxerr=9.99E-13 time=43.065
After sweep 7 energy=15.610841450474107  maxlinkdim=350 maxerr=9.92E-13 time=41.147
After sweep 8 energy=15.610841450966872  maxlinkdim=343 maxerr=9.97E-13 time=39.661
Energy difference less than 5.0e-5, stopping DMRG
12/31
After sweep 1 energy=3.138926073812537  maxlinkdim=256 maxerr=4.75E-08 time=49.545
After sweep 2 energy=3.138255686329755  maxlinkdim=256 maxerr=4.98E-08 time=56.454
After sweep 3 energy=3.138235452638408  maxlinkdim=256 maxerr=5.21E-08 time=51.705
After sweep 4 energy=3.1382041528261664  maxlinkdim=512 maxerr=6.64E-10 time=80.709
After sweep 5 energy=3.138203476266426  maxlinkdim=390 maxerr=9.96E-13 time=63.683
After sweep 6 energy=3.138203469798327  maxlinkdim=390 maxerr=9.94E-13 time=51.161
After sweep 7 energy=3.1382034709863547  maxlinkdim=381 maxerr=9.99E-13 time=49.259
After sweep 8 energy=3.1382034718330223  maxlinkdim=376 maxerr=9.76E-13 time=46.758
Energy difference less than 5.0e-5, stopping DMRG
13/31
After sweep 1 energy=-10.245647616613066  maxlinkdim=256 maxerr=6.52E-08 time=54.002
After sweep 2 energy=-10.246396253321064  maxlinkdim=256 maxerr=7.56E-08 time=56.231
After sweep 3 energy=-10.246413286980616  maxlinkdim=256 maxerr=7.71E-08 time=52.146
After sweep 4 energy=-10.246459443531291  maxlinkdim=512 maxerr=1.11E-09 time=88.088
After sweep 5 energy=-10.246460526936906  maxlinkdim=422 maxerr=1.00E-12 time=72.443
After sweep 6 energy=-10.246460529810065  maxlinkdim=418 maxerr=9.95E-13 time=57.089
After sweep 7 energy=-10.246460529372387  maxlinkdim=408 maxerr=9.99E-13 time=56.343
After sweep 8 energy=-10.246460528499028  maxlinkdim=403 maxerr=9.93E-13 time=53.239
Energy difference less than 5.0e-5, stopping DMRG
14/31
After sweep 1 energy=-24.671814159046175  maxlinkdim=256 maxerr=9.46E-08 time=55.920
After sweep 2 energy=-24.67263017552273  maxlinkdim=256 maxerr=1.06E-07 time=57.140
After sweep 3 energy=-24.672692414297472  maxlinkdim=256 maxerr=1.13E-07 time=52.856
After sweep 4 energy=-24.672765541555417  maxlinkdim=512 maxerr=1.73E-09 time=92.861
After sweep 5 energy=-24.67276791852464  maxlinkdim=451 maxerr=9.92E-13 time=82.597
After sweep 6 energy=-24.672767933682962  maxlinkdim=455 maxerr=9.98E-13 time=63.541
After sweep 7 energy=-24.672767933342584  maxlinkdim=448 maxerr=9.99E-13 time=62.542
After sweep 8 energy=-24.67276793249198  maxlinkdim=442 maxerr=9.97E-13 time=59.051
Energy difference less than 5.0e-5, stopping DMRG
15/31
After sweep 1 energy=-40.29508858417189  maxlinkdim=256 maxerr=1.38E-07 time=58.784
After sweep 2 energy=-40.295896844631244  maxlinkdim=256 maxerr=1.57E-07 time=56.282
After sweep 3 energy=-40.295933239224965  maxlinkdim=256 maxerr=1.62E-07 time=53.598
After sweep 4 energy=-40.29603620002696  maxlinkdim=512 maxerr=2.83E-09 time=98.558
After sweep 5 energy=-40.29603887057033  maxlinkdim=484 maxerr=1.11E-12 time=85.602
After sweep 6 energy=-40.296038880046126  maxlinkdim=499 maxerr=1.17E-12 time=73.785
After sweep 7 energy=-40.296038879586604  maxlinkdim=494 maxerr=9.94E-13 time=71.435
After sweep 8 energy=-40.2960388790882  maxlinkdim=487 maxerr=9.96E-13 time=70.727
Energy difference less than 5.0e-5, stopping DMRG
16/31
After sweep 1 energy=-57.303626743910165  maxlinkdim=256 maxerr=1.95E-07 time=61.248
After sweep 2 energy=-57.30428316602288  maxlinkdim=256 maxerr=2.17E-07 time=54.622
After sweep 3 energy=-57.30431606518359  maxlinkdim=256 maxerr=2.30E-07 time=54.319
After sweep 4 energy=-57.304462487267934  maxlinkdim=512 maxerr=4.37E-09 time=98.517
After sweep 5 energy=-57.30446654712853  maxlinkdim=498 maxerr=2.99E-12 time=92.532
After sweep 6 energy=-57.30446655804762  maxlinkdim=512 maxerr=2.25E-12 time=80.921
After sweep 7 energy=-57.304466557901605  maxlinkdim=519 maxerr=9.98E-13 time=79.969
After sweep 8 energy=-57.304466557123305  maxlinkdim=516 maxerr=9.99E-13 time=76.598
Energy difference less than 5.0e-5, stopping DMRG
17/31
After sweep 1 energy=-75.92804029096703  maxlinkdim=256 maxerr=2.67E-07 time=63.867
After sweep 2 energy=-75.92873296362998  maxlinkdim=256 maxerr=3.05E-07 time=56.338
After sweep 3 energy=-75.92875086420682  maxlinkdim=256 maxerr=3.23E-07 time=54.329
After sweep 4 energy=-75.92895755443132  maxlinkdim=512 maxerr=6.56E-09 time=100.158
After sweep 5 energy=-75.92896371733423  maxlinkdim=512 maxerr=6.73E-12 time=98.238
After sweep 6 energy=-75.92896372422479  maxlinkdim=512 maxerr=5.44E-12 time=87.810
After sweep 7 energy=-75.92896372576706  maxlinkdim=572 maxerr=1.00E-12 time=86.290
After sweep 8 energy=-75.92896372579162  maxlinkdim=576 maxerr=9.98E-13 time=87.790
Energy difference less than 5.0e-5, stopping DMRG
18/31
After sweep 1 energy=-96.4561790741357  maxlinkdim=256 maxerr=3.60E-07 time=62.589
After sweep 2 energy=-96.45669090794024  maxlinkdim=256 maxerr=4.16E-07 time=53.223
After sweep 3 energy=-96.45670778243867  maxlinkdim=256 maxerr=4.44E-07 time=49.912
After sweep 4 energy=-96.4570224817216  maxlinkdim=512 maxerr=9.76E-09 time=102.557
After sweep 5 energy=-96.45703171272096  maxlinkdim=512 maxerr=1.43E-11 time=104.173
After sweep 6 energy=-96.45703171813864  maxlinkdim=512 maxerr=1.13E-11 time=90.510
After sweep 7 energy=-96.45703172297613  maxlinkdim=611 maxerr=9.99E-13 time=95.632
After sweep 8 energy=-96.45703172275034  maxlinkdim=617 maxerr=9.98E-13 time=96.028
Energy difference less than 5.0e-5, stopping DMRG
19/31
After sweep 1 energy=-119.25194471629135  maxlinkdim=256 maxerr=4.93E-07 time=63.791
After sweep 2 energy=-119.25234731595668  maxlinkdim=256 maxerr=5.74E-07 time=54.693
After sweep 3 energy=-119.25235582918296  maxlinkdim=256 maxerr=5.88E-07 time=51.424
After sweep 4 energy=-119.25278404304686  maxlinkdim=512 maxerr=1.41E-08 time=104.097
After sweep 5 energy=-119.25279813090013  maxlinkdim=512 maxerr=2.71E-11 time=111.045
After sweep 6 energy=-119.25279813480574  maxlinkdim=512 maxerr=2.30E-11 time=98.189
After sweep 7 energy=-119.2527981457456  maxlinkdim=656 maxerr=9.95E-13 time=106.437
After sweep 8 energy=-119.25279814582609  maxlinkdim=688 maxerr=9.98E-13 time=111.356
Energy difference less than 5.0e-5, stopping DMRG
20/31
After sweep 1 energy=-144.7856258090091  maxlinkdim=256 maxerr=7.07E-07 time=67.525
After sweep 2 energy=-144.78605171839004  maxlinkdim=256 maxerr=7.59E-07 time=55.103
After sweep 3 energy=-144.7860593610989  maxlinkdim=256 maxerr=7.60E-07 time=52.363
After sweep 4 energy=-144.78664638771468  maxlinkdim=512 maxerr=1.97E-08 time=106.516
After sweep 5 energy=-144.7866659701417  maxlinkdim=512 maxerr=4.82E-11 time=115.183
After sweep 6 energy=-144.7866659738088  maxlinkdim=512 maxerr=4.39E-11 time=105.450
After sweep 7 energy=-144.78666599433814  maxlinkdim=699 maxerr=9.98E-13 time=116.583
After sweep 8 energy=-144.7866659946253  maxlinkdim=734 maxerr=9.95E-13 time=123.341
Energy difference less than 5.0e-5, stopping DMRG
21/31
After sweep 1 energy=-173.6792685812002  maxlinkdim=256 maxerr=8.70E-07 time=69.863
After sweep 2 energy=-173.67940684387526  maxlinkdim=256 maxerr=9.61E-07 time=54.878
After sweep 3 energy=-173.67940461632045  maxlinkdim=256 maxerr=9.64E-07 time=51.030
After sweep 4 energy=-173.68019147927046  maxlinkdim=512 maxerr=2.63E-08 time=113.703
After sweep 5 energy=-173.68021888520275  maxlinkdim=512 maxerr=8.14E-11 time=116.950
After sweep 6 energy=-173.68021889011857  maxlinkdim=512 maxerr=7.48E-11 time=111.236
After sweep 7 energy=-173.6802189275038  maxlinkdim=737 maxerr=9.98E-13 time=124.778
After sweep 8 energy=-173.68021892832644  maxlinkdim=787 maxerr=9.99E-13 time=134.086
Energy difference less than 5.0e-5, stopping DMRG
22/31
After sweep 1 energy=-206.77482852242392  maxlinkdim=256 maxerr=1.12E-06 time=71.970
After sweep 2 energy=-206.7749466105157  maxlinkdim=256 maxerr=1.20E-06 time=56.617
After sweep 3 energy=-206.7749386690412  maxlinkdim=256 maxerr=1.20E-06 time=54.125
After sweep 4 energy=-206.7759689128198  maxlinkdim=512 maxerr=3.50E-08 time=113.356
After sweep 5 energy=-206.77600590430262  maxlinkdim=512 maxerr=1.31E-10 time=121.398
After sweep 6 energy=-206.77600590713408  maxlinkdim=512 maxerr=1.26E-10 time=116.156
After sweep 7 energy=-206.77600597149683  maxlinkdim=778 maxerr=9.97E-13 time=134.972
After sweep 8 energy=-206.77600597277183  maxlinkdim=835 maxerr=9.99E-13 time=150.194
Energy difference less than 5.0e-5, stopping DMRG
23/31
After sweep 1 energy=-245.24800996613558  maxlinkdim=256 maxerr=1.44E-06 time=73.847
After sweep 2 energy=-245.24805999001543  maxlinkdim=256 maxerr=1.47E-06 time=53.174
After sweep 3 energy=-245.2480582804753  maxlinkdim=256 maxerr=1.47E-06 time=51.858
After sweep 4 energy=-245.2493932396525  maxlinkdim=512 maxerr=4.48E-08 time=111.397
After sweep 5 energy=-245.2494438771488  maxlinkdim=512 maxerr=2.02E-10 time=121.136
After sweep 6 energy=-245.24944387785752  maxlinkdim=512 maxerr=2.02E-10 time=117.746
After sweep 7 energy=-245.24944398498974  maxlinkdim=818 maxerr=9.94E-13 time=143.016
After sweep 8 energy=-245.24944398633681  maxlinkdim=887 maxerr=9.99E-13 time=162.360
Energy difference less than 5.0e-5, stopping DMRG
24/31
After sweep 1 energy=-290.7936052684769  maxlinkdim=256 maxerr=1.75E-06 time=75.066
After sweep 2 energy=-290.793616606455  maxlinkdim=256 maxerr=1.77E-06 time=53.605
After sweep 3 energy=-290.7936162489338  maxlinkdim=256 maxerr=1.77E-06 time=50.281
After sweep 4 energy=-290.79534956378427  maxlinkdim=512 maxerr=5.62E-08 time=112.903
After sweep 5 energy=-290.7954170935777  maxlinkdim=512 maxerr=3.01E-10 time=124.168
After sweep 6 energy=-290.79541709482163  maxlinkdim=512 maxerr=3.03E-10 time=117.352
After sweep 7 energy=-290.79541726727734  maxlinkdim=845 maxerr=9.99E-13 time=150.168
After sweep 8 energy=-290.79541726906484  maxlinkdim=927 maxerr=9.99E-13 time=173.419
Energy difference less than 5.0e-5, stopping DMRG
25/31
After sweep 1 energy=-345.9525790751528  maxlinkdim=256 maxerr=2.08E-06 time=75.094
After sweep 2 energy=-345.95258247867895  maxlinkdim=256 maxerr=2.08E-06 time=50.728
After sweep 3 energy=-345.9525826629043  maxlinkdim=256 maxerr=2.08E-06 time=51.453
After sweep 4 energy=-345.9547602483105  maxlinkdim=512 maxerr=6.89E-08 time=112.000
After sweep 5 energy=-345.95484880034246  maxlinkdim=512 maxerr=4.26E-10 time=123.731
After sweep 6 energy=-345.95484879765837  maxlinkdim=512 maxerr=4.35E-10 time=118.963
After sweep 7 energy=-345.9548490668503  maxlinkdim=870 maxerr=9.96E-13 time=156.118
After sweep 8 energy=-345.95484906945387  maxlinkdim=967 maxerr=9.95E-13 time=182.879
Energy difference less than 5.0e-5, stopping DMRG
26/31
After sweep 1 energy=-414.7183785410718  maxlinkdim=256 maxerr=2.42E-06 time=76.630
After sweep 2 energy=-414.71837980766946  maxlinkdim=256 maxerr=2.41E-06 time=49.520
After sweep 3 energy=-414.71838021559256  maxlinkdim=256 maxerr=2.41E-06 time=49.093
After sweep 4 energy=-414.7211539056034  maxlinkdim=512 maxerr=8.29E-08 time=116.548
After sweep 5 energy=-414.72127061126747  maxlinkdim=512 maxerr=5.95E-10 time=121.690
After sweep 6 energy=-414.72127061390626  maxlinkdim=512 maxerr=6.11E-10 time=117.973
After sweep 7 energy=-414.72127101736055  maxlinkdim=888 maxerr=9.99E-13 time=158.484
After sweep 8 energy=-414.7212710210895  maxlinkdim=1005 maxerr=9.98E-13 time=189.561
Energy difference less than 5.0e-5, stopping DMRG
27/31
After sweep 1 energy=-503.75044212636925  maxlinkdim=256 maxerr=2.75E-06 time=75.174
After sweep 2 energy=-503.7504424240837  maxlinkdim=256 maxerr=2.74E-06 time=49.568
After sweep 3 energy=-503.750443349522  maxlinkdim=256 maxerr=2.74E-06 time=49.441
After sweep 4 energy=-503.7540676375532  maxlinkdim=512 maxerr=9.72E-08 time=106.178
After sweep 5 energy=-503.75422368555155  maxlinkdim=512 maxerr=7.91E-10 time=121.930
After sweep 6 energy=-503.75422368159275  maxlinkdim=512 maxerr=8.12E-10 time=118.577
After sweep 7 energy=-503.7542242938813  maxlinkdim=905 maxerr=9.99E-13 time=162.569
After sweep 8 energy=-503.7542242991517  maxlinkdim=1038 maxerr=9.95E-13 time=200.003
Energy difference less than 5.0e-5, stopping DMRG
28/31
After sweep 1 energy=-625.0441733597413  maxlinkdim=256 maxerr=3.08E-06 time=79.476
After sweep 2 energy=-625.0441734622929  maxlinkdim=256 maxerr=3.06E-06 time=50.897
After sweep 3 energy=-625.0441735687492  maxlinkdim=256 maxerr=3.06E-06 time=50.152
After sweep 4 energy=-625.0490445443959  maxlinkdim=512 maxerr=1.11E-07 time=113.791
After sweep 5 energy=-625.0492531018263  maxlinkdim=512 maxerr=1.00E-09 time=123.610
After sweep 6 energy=-625.0492530993913  maxlinkdim=512 maxerr=1.02E-09 time=122.034
After sweep 7 energy=-625.0492540044885  maxlinkdim=917 maxerr=9.99E-13 time=169.874
After sweep 8 energy=-625.0492540119243  maxlinkdim=1068 maxerr=9.99E-13 time=213.284
Energy difference less than 5.0e-5, stopping DMRG
29/31
After sweep 1 energy=-802.606865901191  maxlinkdim=256 maxerr=3.38E-06 time=79.176
After sweep 2 energy=-802.6068683643929  maxlinkdim=256 maxerr=3.36E-06 time=49.747
After sweep 3 energy=-802.6068665699423  maxlinkdim=256 maxerr=3.36E-06 time=50.364
After sweep 4 energy=-802.6133292014789  maxlinkdim=512 maxerr=1.24E-07 time=112.954
After sweep 5 energy=-802.6136153430482  maxlinkdim=512 maxerr=1.21E-09 time=126.612
After sweep 6 energy=-802.6136153422153  maxlinkdim=512 maxerr=1.22E-09 time=122.691
After sweep 7 energy=-802.613616687157  maxlinkdim=927 maxerr=9.99E-13 time=173.147
After sweep 8 energy=-802.6136166982566  maxlinkdim=1091 maxerr=1.00E-12 time=218.364
Energy difference less than 5.0e-5, stopping DMRG
30/31
After sweep 1 energy=-1092.4846259720046  maxlinkdim=256 maxerr=3.64E-06 time=79.859
After sweep 2 energy=-1092.4846307780772  maxlinkdim=256 maxerr=3.61E-06 time=49.463
After sweep 3 energy=-1092.4846317963  maxlinkdim=256 maxerr=3.61E-06 time=49.148
After sweep 4 energy=-1092.4937144036596  maxlinkdim=512 maxerr=1.35E-07 time=110.950
After sweep 5 energy=-1092.4941265305197  maxlinkdim=512 maxerr=1.39E-09 time=124.976
After sweep 6 energy=-1092.4941265294988  maxlinkdim=512 maxerr=1.41E-09 time=121.982
After sweep 7 energy=-1092.4941285746186  maxlinkdim=934 maxerr=9.98E-13 time=176.311
After sweep 8 energy=-1092.494128591269  maxlinkdim=1108 maxerr=1.00E-12 time=220.637
Energy difference less than 5.0e-5, stopping DMRG
31/31
After sweep 1 energy=-1662.8739037553985  maxlinkdim=256 maxerr=3.83E-06 time=78.429
After sweep 2 energy=-1662.873911004311  maxlinkdim=256 maxerr=3.80E-06 time=49.406
After sweep 3 energy=-1662.8739127129925  maxlinkdim=256 maxerr=3.80E-06 time=49.267
After sweep 4 energy=-1662.8881182973678  maxlinkdim=512 maxerr=1.44E-07 time=110.183
After sweep 5 energy=-1662.8887724845254  maxlinkdim=512 maxerr=1.54E-09 time=123.557
After sweep 6 energy=-1662.8887724825906  maxlinkdim=512 maxerr=1.55E-09 time=121.943
After sweep 7 energy=-1662.8887758499395  maxlinkdim=940 maxerr=1.00E-12 time=177.837
After sweep 8 energy=-1662.888775876849  maxlinkdim=1121 maxerr=1.00E-12 time=226.762
Energy difference less than 5.0e-5, stopping DMRG
Using a 4 by 7 lattice:
1/31
After sweep 1 energy=127.68260653866855  maxlinkdim=35 maxerr=1.43E-07 time=15.555
After sweep 2 energy=125.53066436480638  maxlinkdim=35 maxerr=8.49E-06 time=2.389
After sweep 3 energy=125.17414924326917  maxlinkdim=35 maxerr=1.56E-05 time=1.844
After sweep 4 energy=125.03544742685476  maxlinkdim=70 maxerr=1.61E-07 time=4.602
After sweep 5 energy=125.00800310318986  maxlinkdim=70 maxerr=5.96E-07 time=7.893
After sweep 6 energy=125.00071887595615  maxlinkdim=70 maxerr=7.20E-07 time=7.837
After sweep 7 energy=124.9986092571345  maxlinkdim=280 maxerr=1.18E-10 time=27.159
After sweep 8 energy=124.99843902631386  maxlinkdim=280 maxerr=1.97E-10 time=47.541
After sweep 9 energy=124.99839925238356  maxlinkdim=280 maxerr=2.14E-10 time=44.628
After sweep 10 energy=124.99839056941482  maxlinkdim=537 maxerr=9.99E-13 time=56.790
After sweep 11 energy=124.99838998695088  maxlinkdim=560 maxerr=1.08E-12 time=56.517
After sweep 12 energy=124.99838996316848  maxlinkdim=560 maxerr=1.22E-12 time=57.687
After sweep 13 energy=124.9983899619023  maxlinkdim=567 maxerr=9.97E-13 time=55.755
After sweep 14 energy=124.9983899617551  maxlinkdim=566 maxerr=9.99E-13 time=55.087
After sweep 15 energy=124.99838996191369  maxlinkdim=566 maxerr=9.96E-13 time=54.214
After sweep 16 energy=124.99838995956225  maxlinkdim=180 maxerr=9.97E-13 time=33.274
After sweep 17 energy=124.99838996181114  maxlinkdim=172 maxerr=9.84E-13 time=16.362
After sweep 18 energy=124.99838996430688  maxlinkdim=168 maxerr=9.85E-13 time=15.250
After sweep 19 energy=124.99838996600263  maxlinkdim=165 maxerr=9.96E-13 time=14.385
After sweep 20 energy=124.99838996728131  maxlinkdim=163 maxerr=9.98E-13 time=14.205
After sweep 21 energy=124.99838996858125  maxlinkdim=160 maxerr=9.76E-13 time=15.120
After sweep 22 energy=124.9983899693897  maxlinkdim=158 maxerr=9.89E-13 time=13.635
After sweep 23 energy=124.99838997037548  maxlinkdim=155 maxerr=9.76E-13 time=13.408
After sweep 24 energy=124.9983899708901  maxlinkdim=154 maxerr=9.85E-13 time=13.486
After sweep 25 energy=124.9983899713874  maxlinkdim=153 maxerr=9.66E-13 time=13.324
After sweep 26 energy=124.99838997162281  maxlinkdim=153 maxerr=9.94E-13 time=12.964
After sweep 27 energy=124.99838997164615  maxlinkdim=155 maxerr=9.98E-13 time=13.645
After sweep 28 energy=124.99838997186284  maxlinkdim=153 maxerr=1.00E-12 time=13.256
After sweep 29 energy=124.99838997215282  maxlinkdim=153 maxerr=9.70E-13 time=12.816
After sweep 30 energy=124.99838997216838  maxlinkdim=153 maxerr=9.87E-13 time=13.600
After sweep 31 energy=124.9983899729776  maxlinkdim=153 maxerr=9.99E-13 time=13.260
After sweep 32 energy=124.99838997278098  maxlinkdim=152 maxerr=9.93E-13 time=12.562
After sweep 33 energy=124.99838997289343  maxlinkdim=152 maxerr=9.93E-13 time=13.731
After sweep 34 energy=124.99838997296774  maxlinkdim=152 maxerr=9.29E-13 time=12.810
After sweep 35 energy=124.99838997275823  maxlinkdim=152 maxerr=9.95E-13 time=13.268
After sweep 36 energy=124.998389973067  maxlinkdim=152 maxerr=9.91E-13 time=13.154
After sweep 37 energy=124.99838997329161  maxlinkdim=152 maxerr=9.70E-13 time=12.952
After sweep 38 energy=124.99838997338851  maxlinkdim=152 maxerr=9.55E-13 time=12.963
After sweep 39 energy=124.99838997326378  maxlinkdim=152 maxerr=8.99E-13 time=13.088
After sweep 40 energy=124.9983899737782  maxlinkdim=152 maxerr=9.37E-13 time=12.886
After sweep 41 energy=124.99838997365985  maxlinkdim=151 maxerr=9.97E-13 time=13.410
Energy difference less than 5.0e-5, stopping DMRG
2/31
After sweep 1 energy=116.24157288704623  maxlinkdim=151 maxerr=1.79E-08 time=21.877
After sweep 2 energy=116.24124171145215  maxlinkdim=151 maxerr=2.01E-08 time=25.716
After sweep 3 energy=116.24122389119727  maxlinkdim=151 maxerr=2.03E-08 time=25.072
After sweep 4 energy=116.24120511150849  maxlinkdim=302 maxerr=2.18E-10 time=35.952
After sweep 5 energy=116.24120416522688  maxlinkdim=186 maxerr=9.89E-13 time=29.804
After sweep 6 energy=116.24120411564763  maxlinkdim=181 maxerr=9.80E-13 time=18.434
After sweep 7 energy=116.24120411394878  maxlinkdim=176 maxerr=9.97E-13 time=18.204
After sweep 8 energy=116.24120411593533  maxlinkdim=176 maxerr=9.95E-13 time=17.257
Energy difference less than 5.0e-5, stopping DMRG
3/31
After sweep 1 energy=107.13698786674723  maxlinkdim=176 maxerr=1.10E-08 time=26.646
After sweep 2 energy=107.13676612339782  maxlinkdim=176 maxerr=1.19E-08 time=32.479
After sweep 3 energy=107.13674913955697  maxlinkdim=176 maxerr=1.31E-08 time=30.649
After sweep 4 energy=107.13673997299914  maxlinkdim=352 maxerr=1.24E-10 time=45.961
After sweep 5 energy=107.13673963607289  maxlinkdim=199 maxerr=9.95E-13 time=32.989
After sweep 6 energy=107.13673961519862  maxlinkdim=194 maxerr=9.95E-13 time=21.336
After sweep 7 energy=107.13673961526582  maxlinkdim=196 maxerr=9.94E-13 time=20.870
After sweep 8 energy=107.1367396167152  maxlinkdim=192 maxerr=9.98E-13 time=20.072
Energy difference less than 5.0e-5, stopping DMRG
4/31
After sweep 1 energy=97.64685017085027  maxlinkdim=192 maxerr=9.98E-09 time=31.133
After sweep 2 energy=97.64663844761064  maxlinkdim=192 maxerr=9.95E-09 time=37.796
After sweep 3 energy=97.64662245725023  maxlinkdim=192 maxerr=1.15E-08 time=36.496
After sweep 4 energy=97.6466128250322  maxlinkdim=384 maxerr=1.02E-10 time=53.387
After sweep 5 energy=97.64661253439502  maxlinkdim=219 maxerr=9.94E-13 time=40.394
After sweep 6 energy=97.64661252545875  maxlinkdim=222 maxerr=1.00E-12 time=24.274
After sweep 7 energy=97.64661252657419  maxlinkdim=211 maxerr=9.96E-13 time=23.086
After sweep 8 energy=97.64661252841547  maxlinkdim=206 maxerr=9.92E-13 time=22.143
Energy difference less than 5.0e-5, stopping DMRG
5/31
After sweep 1 energy=87.72816713025486  maxlinkdim=206 maxerr=9.63E-09 time=34.648
After sweep 2 energy=87.72779048757272  maxlinkdim=206 maxerr=9.47E-09 time=44.301
After sweep 3 energy=87.72776368287276  maxlinkdim=206 maxerr=1.03E-08 time=43.944
After sweep 4 energy=87.72775319179428  maxlinkdim=412 maxerr=9.94E-11 time=59.597
After sweep 5 energy=87.72775285844432  maxlinkdim=232 maxerr=9.98E-13 time=44.741
After sweep 6 energy=87.72775284727777  maxlinkdim=234 maxerr=9.99E-13 time=28.469
After sweep 7 energy=87.72775284824344  maxlinkdim=231 maxerr=9.94E-13 time=26.413
After sweep 8 energy=87.72775285026819  maxlinkdim=225 maxerr=9.85E-13 time=24.955
Energy difference less than 5.0e-5, stopping DMRG
6/31
After sweep 1 energy=77.33231193713084  maxlinkdim=225 maxerr=8.26E-09 time=39.976
After sweep 2 energy=77.33174083575031  maxlinkdim=225 maxerr=8.75E-09 time=50.301
After sweep 3 energy=77.33169343336584  maxlinkdim=225 maxerr=9.28E-09 time=49.385
After sweep 4 energy=77.33168173835782  maxlinkdim=450 maxerr=9.35E-11 time=71.836
After sweep 5 energy=77.33168136516588  maxlinkdim=253 maxerr=9.95E-13 time=51.015
After sweep 6 energy=77.33168134780453  maxlinkdim=257 maxerr=9.92E-13 time=33.805
After sweep 7 energy=77.3316813484171  maxlinkdim=256 maxerr=9.94E-13 time=31.646
After sweep 8 energy=77.3316813509191  maxlinkdim=248 maxerr=9.81E-13 time=29.526
Energy difference less than 5.0e-5, stopping DMRG
7/31
After sweep 1 energy=66.40401977569218  maxlinkdim=248 maxerr=7.08E-09 time=47.021
After sweep 2 energy=66.40368281920323  maxlinkdim=248 maxerr=7.19E-09 time=59.710
After sweep 3 energy=66.40363078784563  maxlinkdim=248 maxerr=7.76E-09 time=59.463
After sweep 4 energy=66.40361826423936  maxlinkdim=496 maxerr=8.02E-11 time=85.781
After sweep 5 energy=66.40361778586208  maxlinkdim=279 maxerr=9.98E-13 time=60.096
After sweep 6 energy=66.4036177670223  maxlinkdim=272 maxerr=9.92E-13 time=40.328
After sweep 7 energy=66.40361776913707  maxlinkdim=267 maxerr=9.98E-13 time=37.406
After sweep 8 energy=66.40361777080723  maxlinkdim=263 maxerr=9.98E-13 time=34.598
Energy difference less than 5.0e-5, stopping DMRG
8/31
After sweep 1 energy=54.882058333908354  maxlinkdim=256 maxerr=1.02E-08 time=52.892
After sweep 2 energy=54.881421220974175  maxlinkdim=256 maxerr=1.07E-08 time=66.199
After sweep 3 energy=54.881381833256974  maxlinkdim=256 maxerr=1.09E-08 time=63.755
After sweep 4 energy=54.88136970556508  maxlinkdim=512 maxerr=1.16E-10 time=95.387
After sweep 5 energy=54.88136941700521  maxlinkdim=305 maxerr=9.98E-13 time=68.307
After sweep 6 energy=54.88136941309085  maxlinkdim=311 maxerr=9.95E-13 time=46.497
After sweep 7 energy=54.88136941458606  maxlinkdim=300 maxerr=9.85E-13 time=42.515
After sweep 8 energy=54.88136941622952  maxlinkdim=292 maxerr=9.95E-13 time=39.899
Energy difference less than 5.0e-5, stopping DMRG
9/31
After sweep 1 energy=42.69464216969105  maxlinkdim=256 maxerr=1.50E-08 time=59.841
After sweep 2 energy=42.69403359588328  maxlinkdim=256 maxerr=1.55E-08 time=69.321
After sweep 3 energy=42.69396005700502  maxlinkdim=256 maxerr=1.59E-08 time=67.610
After sweep 4 energy=42.69393485227719  maxlinkdim=512 maxerr=1.93E-10 time=106.303
After sweep 5 energy=42.69393382349677  maxlinkdim=330 maxerr=9.99E-13 time=79.875
After sweep 6 energy=42.69393379942858  maxlinkdim=341 maxerr=9.98E-13 time=53.880
After sweep 7 energy=42.69393380031943  maxlinkdim=327 maxerr=9.98E-13 time=51.743
After sweep 8 energy=42.693933801942876  maxlinkdim=321 maxerr=9.99E-13 time=47.828
Energy difference less than 5.0e-5, stopping DMRG
10/31
After sweep 1 energy=29.760585789186614  maxlinkdim=256 maxerr=2.00E-08 time=62.664
After sweep 2 energy=29.759842692725574  maxlinkdim=256 maxerr=2.24E-08 time=71.094
After sweep 3 energy=29.759763575590508  maxlinkdim=256 maxerr=2.41E-08 time=69.632
After sweep 4 energy=29.75973057224149  maxlinkdim=512 maxerr=3.41E-10 time=115.316
After sweep 5 energy=29.759729329884976  maxlinkdim=358 maxerr=1.00E-12 time=85.782
After sweep 6 energy=29.759729293701866  maxlinkdim=347 maxerr=1.00E-12 time=61.667
After sweep 7 energy=29.75972929329191  maxlinkdim=349 maxerr=9.93E-13 time=59.438
After sweep 8 energy=29.759729295042916  maxlinkdim=344 maxerr=9.95E-13 time=57.596
Energy difference less than 5.0e-5, stopping DMRG
11/31
After sweep 1 energy=15.98521014218014  maxlinkdim=256 maxerr=2.96E-08 time=70.178
After sweep 2 energy=15.984458863482304  maxlinkdim=256 maxerr=3.72E-08 time=73.097
After sweep 3 energy=15.984386752557176  maxlinkdim=256 maxerr=3.93E-08 time=72.145
After sweep 4 energy=15.984343327212647  maxlinkdim=512 maxerr=5.56E-10 time=121.248
After sweep 5 energy=15.984342008576732  maxlinkdim=383 maxerr=9.99E-13 time=98.268
After sweep 6 energy=15.984341978333305  maxlinkdim=403 maxerr=9.98E-13 time=75.396
After sweep 7 energy=15.984341979179817  maxlinkdim=394 maxerr=9.97E-13 time=70.632
After sweep 8 energy=15.984341980946738  maxlinkdim=388 maxerr=9.95E-13 time=68.773
Energy difference less than 5.0e-5, stopping DMRG
12/31
After sweep 1 energy=1.258687825796905  maxlinkdim=256 maxerr=5.22E-08 time=74.322
After sweep 2 energy=1.2577576155578745  maxlinkdim=256 maxerr=5.68E-08 time=73.242
After sweep 3 energy=1.2577075894246041  maxlinkdim=256 maxerr=6.01E-08 time=72.260
After sweep 4 energy=1.2576440182063868  maxlinkdim=512 maxerr=9.84E-10 time=130.389
After sweep 5 energy=1.2576423401400907  maxlinkdim=425 maxerr=9.99E-13 time=107.863
After sweep 6 energy=1.2576423141085797  maxlinkdim=415 maxerr=1.00E-12 time=82.774
After sweep 7 energy=1.2576423138984865  maxlinkdim=412 maxerr=9.98E-13 time=83.128
After sweep 8 energy=1.257642315564226  maxlinkdim=407 maxerr=1.00E-12 time=79.273
Energy difference less than 5.0e-5, stopping DMRG
13/31
After sweep 1 energy=-14.54885973890385  maxlinkdim=256 maxerr=6.70E-08 time=80.416
After sweep 2 energy=-14.549766040962114  maxlinkdim=256 maxerr=8.35E-08 time=77.855
After sweep 3 energy=-14.549819819136692  maxlinkdim=256 maxerr=8.67E-08 time=74.791
After sweep 4 energy=-14.54992175046138  maxlinkdim=512 maxerr=1.56E-09 time=134.132
After sweep 5 energy=-14.54992468316704  maxlinkdim=455 maxerr=1.00E-12 time=119.645
After sweep 6 energy=-14.549924727638654  maxlinkdim=477 maxerr=1.07E-12 time=98.226
After sweep 7 energy=-14.549924727903544  maxlinkdim=468 maxerr=9.99E-13 time=95.957
After sweep 8 energy=-14.549924726621839  maxlinkdim=460 maxerr=9.98E-13 time=92.860
Energy difference less than 5.0e-5, stopping DMRG
14/31
After sweep 1 energy=-31.590495327088387  maxlinkdim=256 maxerr=1.00E-07 time=84.249
After sweep 2 energy=-31.59190426588706  maxlinkdim=256 maxerr=1.21E-07 time=77.865
After sweep 3 energy=-31.591994035811748  maxlinkdim=256 maxerr=1.29E-07 time=74.721
After sweep 4 energy=-31.59214530255994  maxlinkdim=512 maxerr=2.54E-09 time=143.023
After sweep 5 energy=-31.59214962494919  maxlinkdim=487 maxerr=1.45E-12 time=133.124
After sweep 6 energy=-31.59214966001059  maxlinkdim=499 maxerr=1.71E-12 time=111.024
After sweep 7 energy=-31.592149660129508  maxlinkdim=496 maxerr=9.99E-13 time=109.054
After sweep 8 energy=-31.592149658791413  maxlinkdim=491 maxerr=9.95E-13 time=106.896
Energy difference less than 5.0e-5, stopping DMRG
15/31
After sweep 1 energy=-50.05146317730862  maxlinkdim=256 maxerr=1.51E-07 time=83.830
After sweep 2 energy=-50.053023342140136  maxlinkdim=256 maxerr=1.77E-07 time=77.425
After sweep 3 energy=-50.05314197251818  maxlinkdim=256 maxerr=1.87E-07 time=76.877
After sweep 4 energy=-50.05336482649326  maxlinkdim=512 maxerr=4.01E-09 time=147.853
After sweep 5 energy=-50.05337191393207  maxlinkdim=498 maxerr=3.61E-12 time=139.507
After sweep 6 energy=-50.05337198957568  maxlinkdim=512 maxerr=2.38E-12 time=120.002
After sweep 7 energy=-50.05337199258929  maxlinkdim=540 maxerr=9.99E-13 time=125.683
After sweep 8 energy=-50.05337199176256  maxlinkdim=544 maxerr=9.99E-13 time=121.424
Energy difference less than 5.0e-5, stopping DMRG
16/31
After sweep 1 energy=-70.15549803699584  maxlinkdim=256 maxerr=2.13E-07 time=88.821
After sweep 2 energy=-70.15652363520903  maxlinkdim=256 maxerr=2.62E-07 time=76.221
After sweep 3 energy=-70.15658179603088  maxlinkdim=256 maxerr=2.68E-07 time=74.111
After sweep 4 energy=-70.15691485888371  maxlinkdim=512 maxerr=6.29E-09 time=149.278
After sweep 5 energy=-70.15692463241373  maxlinkdim=512 maxerr=1.01E-11 time=151.328
After sweep 6 energy=-70.15692468203724  maxlinkdim=512 maxerr=1.73E-11 time=131.139
After sweep 7 energy=-70.15692468720795  maxlinkdim=585 maxerr=1.00E-12 time=135.132
After sweep 8 energy=-70.15692468718362  maxlinkdim=598 maxerr=1.00E-12 time=138.398
Energy difference less than 5.0e-5, stopping DMRG
17/31
After sweep 1 energy=-92.17489071800463  maxlinkdim=256 maxerr=3.15E-07 time=90.700
After sweep 2 energy=-92.17611660596046  maxlinkdim=256 maxerr=3.55E-07 time=76.183
After sweep 3 energy=-92.17619241601375  maxlinkdim=256 maxerr=3.79E-07 time=74.104
After sweep 4 energy=-92.17670372286727  maxlinkdim=512 maxerr=9.52E-09 time=155.955
After sweep 5 energy=-92.1767189586847  maxlinkdim=512 maxerr=1.85E-11 time=163.957
After sweep 6 energy=-92.17671900421806  maxlinkdim=512 maxerr=2.06E-11 time=142.741
After sweep 7 energy=-92.17671901616382  maxlinkdim=639 maxerr=9.99E-13 time=153.905
After sweep 8 energy=-92.17671901691028  maxlinkdim=678 maxerr=1.00E-12 time=158.531
Energy difference less than 5.0e-5, stopping DMRG
18/31
After sweep 1 energy=-116.4516593704452  maxlinkdim=256 maxerr=4.30E-07 time=92.329
After sweep 2 energy=-116.45284608341208  maxlinkdim=256 maxerr=5.01E-07 time=74.127
After sweep 3 energy=-116.45288082988144  maxlinkdim=256 maxerr=5.22E-07 time=71.947
After sweep 4 energy=-116.45357774615796  maxlinkdim=512 maxerr=1.38E-08 time=158.192
After sweep 5 energy=-116.45360079012153  maxlinkdim=512 maxerr=3.53E-11 time=172.545
After sweep 6 energy=-116.45360082207799  maxlinkdim=512 maxerr=3.61E-11 time=157.649
After sweep 7 energy=-116.45360084620415  maxlinkdim=681 maxerr=1.00E-12 time=174.508
After sweep 8 energy=-116.45360084692038  maxlinkdim=729 maxerr=9.99E-13 time=184.215
Energy difference less than 5.0e-5, stopping DMRG
19/31
After sweep 1 energy=-143.4173385547688  maxlinkdim=256 maxerr=6.25E-07 time=100.466
After sweep 2 energy=-143.4180853470659  maxlinkdim=256 maxerr=6.80E-07 time=76.120
After sweep 3 energy=-143.41809463356287  maxlinkdim=256 maxerr=6.89E-07 time=76.304
After sweep 4 energy=-143.41904588484223  maxlinkdim=512 maxerr=1.97E-08 time=164.688
After sweep 5 energy=-143.41908118365845  maxlinkdim=512 maxerr=6.71E-11 time=182.530
After sweep 6 energy=-143.41908121597857  maxlinkdim=512 maxerr=8.45E-11 time=168.337
After sweep 7 energy=-143.41908126118886  maxlinkdim=727 maxerr=9.99E-13 time=189.268
After sweep 8 energy=-143.4190812626082  maxlinkdim=783 maxerr=9.98E-13 time=205.272
Energy difference less than 5.0e-5, stopping DMRG
20/31
After sweep 1 energy=-173.62891651921635  maxlinkdim=256 maxerr=7.81E-07 time=99.410
After sweep 2 energy=-173.6292625248399  maxlinkdim=256 maxerr=8.85E-07 time=76.090
After sweep 3 energy=-173.6292600921099  maxlinkdim=256 maxerr=8.92E-07 time=71.154
After sweep 4 energy=-173.63052283398898  maxlinkdim=512 maxerr=2.70E-08 time=163.548
After sweep 5 energy=-173.63057331376302  maxlinkdim=512 maxerr=1.17E-10 time=190.397
After sweep 6 energy=-173.63057334296764  maxlinkdim=512 maxerr=1.50E-10 time=180.825
After sweep 7 energy=-173.63057342319303  maxlinkdim=773 maxerr=1.00E-12 time=211.382
After sweep 8 energy=-173.63057342570266  maxlinkdim=853 maxerr=9.99E-13 time=238.716
Energy difference less than 5.0e-5, stopping DMRG
21/31
After sweep 1 energy=-207.82292909874968  maxlinkdim=256 maxerr=1.01E-06 time=99.978
After sweep 2 energy=-207.82311788530345  maxlinkdim=256 maxerr=1.12E-06 time=73.755
After sweep 3 energy=-207.82311059776262  maxlinkdim=256 maxerr=1.12E-06 time=71.624
After sweep 4 energy=-207.82476097264393  maxlinkdim=512 maxerr=3.58E-08 time=163.852
After sweep 5 energy=-207.8248323102303  maxlinkdim=512 maxerr=2.08E-10 time=191.725
After sweep 6 energy=-207.82483232841787  maxlinkdim=512 maxerr=2.12E-10 time=187.904
After sweep 7 energy=-207.82483247046866  maxlinkdim=807 maxerr=9.98E-13 time=228.078
After sweep 8 energy=-207.82483247379764  maxlinkdim=912 maxerr=9.99E-13 time=264.375
Energy difference less than 5.0e-5, stopping DMRG
22/31
After sweep 1 energy=-246.99865977057712  maxlinkdim=256 maxerr=1.33E-06 time=106.453
After sweep 2 energy=-246.99873377517457  maxlinkdim=256 maxerr=1.39E-06 time=74.501
After sweep 3 energy=-246.99872320132832  maxlinkdim=256 maxerr=1.39E-06 time=69.218
After sweep 4 energy=-247.00086806687102  maxlinkdim=512 maxerr=4.68E-08 time=163.689
After sweep 5 energy=-247.00096430505334  maxlinkdim=512 maxerr=2.98E-10 time=191.935
After sweep 6 energy=-247.000964339755  maxlinkdim=512 maxerr=3.84E-10 time=185.681
After sweep 7 energy=-247.000964575281  maxlinkdim=859 maxerr=1.00E-12 time=244.584
After sweep 8 energy=-247.00096457932895  maxlinkdim=977 maxerr=9.99E-13 time=297.354
Energy difference less than 5.0e-5, stopping DMRG
23/31
After sweep 1 energy=-292.5503912364222  maxlinkdim=256 maxerr=1.64E-06 time=110.284
After sweep 2 energy=-292.55040485699556  maxlinkdim=256 maxerr=1.69E-06 time=70.312
After sweep 3 energy=-292.5504004084318  maxlinkdim=256 maxerr=1.69E-06 time=70.465
After sweep 4 energy=-292.55326588989226  maxlinkdim=512 maxerr=5.91E-08 time=165.331
After sweep 5 energy=-292.5533949247792  maxlinkdim=512 maxerr=5.13E-10 time=190.152
After sweep 6 energy=-292.5533949451182  maxlinkdim=512 maxerr=5.81E-10 time=187.770
After sweep 7 energy=-292.55339532876366  maxlinkdim=896 maxerr=9.98E-13 time=258.565
After sweep 8 energy=-292.55339533453093  maxlinkdim=1042 maxerr=1.00E-12 time=326.316
Energy difference less than 5.0e-5, stopping DMRG
24/31
After sweep 1 energy=-346.48943674588327  maxlinkdim=256 maxerr=2.00E-06 time=110.480
After sweep 2 energy=-346.4893951466454  maxlinkdim=256 maxerr=2.02E-06 time=69.633
After sweep 3 energy=-346.4893934932697  maxlinkdim=256 maxerr=2.02E-06 time=66.180
After sweep 4 energy=-346.49325584296577  maxlinkdim=512 maxerr=7.37E-08 time=161.677
After sweep 5 energy=-346.4934271197484  maxlinkdim=512 maxerr=7.51E-10 time=188.345
After sweep 6 energy=-346.4934271281222  maxlinkdim=512 maxerr=8.47E-10 time=186.522
After sweep 7 energy=-346.4934277355396  maxlinkdim=919 maxerr=9.98E-13 time=270.922
After sweep 8 energy=-346.4934277440509  maxlinkdim=1094 maxerr=9.99E-13 time=349.801
Energy difference less than 5.0e-5, stopping DMRG
25/31
After sweep 1 energy=-411.8315896124562  maxlinkdim=256 maxerr=2.37E-06 time=115.204
After sweep 2 energy=-411.8315971603724  maxlinkdim=256 maxerr=2.37E-06 time=71.243
After sweep 3 energy=-411.8315969597668  maxlinkdim=256 maxerr=2.37E-06 time=69.373
After sweep 4 energy=-411.83664701099997  maxlinkdim=512 maxerr=8.98E-08 time=165.404
After sweep 5 energy=-411.83687081363706  maxlinkdim=512 maxerr=1.12E-09 time=191.284
After sweep 6 energy=-411.83687081262576  maxlinkdim=512 maxerr=1.20E-09 time=187.505
After sweep 7 energy=-411.8368717461782  maxlinkdim=942 maxerr=9.99E-13 time=282.835
After sweep 8 energy=-411.8368717583147  maxlinkdim=1148 maxerr=9.99E-13 time=379.882
Energy difference less than 5.0e-5, stopping DMRG
26/31
After sweep 1 energy=-493.31733321436707  maxlinkdim=256 maxerr=2.76E-06 time=116.299
After sweep 2 energy=-493.3173440757402  maxlinkdim=256 maxerr=2.74E-06 time=72.545
After sweep 3 energy=-493.3173445743047  maxlinkdim=256 maxerr=2.74E-06 time=70.805
After sweep 4 energy=-493.3236849892651  maxlinkdim=512 maxerr=1.07E-07 time=165.732
After sweep 5 energy=-493.32397501596347  maxlinkdim=512 maxerr=1.53E-09 time=193.497
After sweep 6 energy=-493.3239749991839  maxlinkdim=512 maxerr=1.69E-09 time=191.996
After sweep 7 energy=-493.3239764266795  maxlinkdim=957 maxerr=1.00E-12 time=296.602
After sweep 8 energy=-493.3239764437151  maxlinkdim=1197 maxerr=9.99E-13 time=407.252
Energy difference less than 5.0e-5, stopping DMRG
27/31
After sweep 1 energy=-598.8513488305475  maxlinkdim=256 maxerr=3.13E-06 time=118.561
After sweep 2 energy=-598.851357643764  maxlinkdim=256 maxerr=3.10E-06 time=70.330
After sweep 3 energy=-598.8513594945521  maxlinkdim=256 maxerr=3.10E-06 time=69.272
After sweep 4 energy=-598.8592447618087  maxlinkdim=512 maxerr=1.25E-07 time=162.382
After sweep 5 energy=-598.8596195705405  maxlinkdim=512 maxerr=2.00E-09 time=192.619
After sweep 6 energy=-598.8596195496023  maxlinkdim=512 maxerr=2.21E-09 time=191.658
After sweep 7 energy=-598.8596216680937  maxlinkdim=969 maxerr=1.00E-12 time=305.142
After sweep 8 energy=-598.8596216942723  maxlinkdim=1243 maxerr=9.98E-13 time=429.304
Energy difference less than 5.0e-5, stopping DMRG
28/31
After sweep 1 energy=-742.6718034423562  maxlinkdim=256 maxerr=3.48E-06 time=118.770
After sweep 2 energy=-742.6718283100698  maxlinkdim=256 maxerr=3.46E-06 time=69.461
After sweep 3 energy=-742.6718366651734  maxlinkdim=256 maxerr=3.45E-06 time=69.284
After sweep 4 energy=-742.6818901036438  maxlinkdim=512 maxerr=1.44E-07 time=163.524
After sweep 5 energy=-742.6823884335462  maxlinkdim=512 maxerr=2.59E-09 time=189.913
After sweep 6 energy=-742.6823884221288  maxlinkdim=512 maxerr=2.77E-09 time=191.176
After sweep 7 energy=-742.6823915423189  maxlinkdim=978 maxerr=1.00E-12 time=314.072
After sweep 8 energy=-742.6823915807561  maxlinkdim=1282 maxerr=1.00E-12 time=449.936
Energy difference less than 5.0e-5, stopping DMRG
29/31
After sweep 1 energy=-953.2737203541241  maxlinkdim=256 maxerr=3.82E-06 time=120.763
After sweep 2 energy=-953.2737415294658  maxlinkdim=256 maxerr=3.79E-06 time=67.366
After sweep 3 energy=-953.2737437483535  maxlinkdim=256 maxerr=3.79E-06 time=67.750
After sweep 4 energy=-953.2874829622053  maxlinkdim=512 maxerr=1.61E-07 time=162.615
After sweep 5 energy=-953.2881626915644  maxlinkdim=512 maxerr=3.24E-09 time=189.264
After sweep 6 energy=-953.2881626931201  maxlinkdim=512 maxerr=3.33E-09 time=190.156
After sweep 7 energy=-953.2881673210263  maxlinkdim=983 maxerr=9.99E-13 time=316.249
After sweep 8 energy=-953.2881673781004  maxlinkdim=1315 maxerr=9.99E-13 time=469.314
Energy difference less than 5.0e-5, stopping DMRG
30/31
After sweep 1 energy=-1297.1815493273243  maxlinkdim=256 maxerr=4.11E-06 time=121.373
After sweep 2 energy=-1297.1815754281454  maxlinkdim=256 maxerr=4.07E-06 time=67.578
After sweep 3 energy=-1297.1815791871907  maxlinkdim=256 maxerr=4.06E-06 time=67.572
After sweep 4 energy=-1297.200858663236  maxlinkdim=512 maxerr=1.76E-07 time=163.668
After sweep 5 energy=-1297.2018357571587  maxlinkdim=512 maxerr=3.76E-09 time=192.598
After sweep 6 energy=-1297.2018357585725  maxlinkdim=512 maxerr=3.84E-09 time=190.995
After sweep 7 energy=-1297.201842813448  maxlinkdim=989 maxerr=9.99E-13 time=323.367
After sweep 8 energy=-1297.201842900622  maxlinkdim=1341 maxerr=1.00E-12 time=479.436
Energy difference less than 5.0e-5, stopping DMRG
31/31
After sweep 1 energy=-1974.0327542698155  maxlinkdim=256 maxerr=4.33E-06 time=119.922
After sweep 2 energy=-1974.0327877129778  maxlinkdim=256 maxerr=4.28E-06 time=66.567
After sweep 3 energy=-1974.032791595622  maxlinkdim=256 maxerr=4.28E-06 time=67.073
After sweep 4 energy=-1974.063026063129  maxlinkdim=512 maxerr=1.88E-07 time=163.106
After sweep 5 energy=-1974.0645705386728  maxlinkdim=512 maxerr=4.15E-09 time=194.321
After sweep 6 energy=-1974.0645705466027  maxlinkdim=512 maxerr=4.27E-09 time=191.298
After sweep 7 energy=-1974.0645821866729  maxlinkdim=993 maxerr=9.99E-13 time=329.639
After sweep 8 energy=-1974.0645823293492  maxlinkdim=1360 maxerr=1.00E-12 time=491.185
Energy difference less than 5.0e-5, stopping DMRG
