0.000000000000000000e+00
2.380000000000000000e+02
8.340000000000000000e+02
9.400000000000000000e+02
3.336000000000000000e+03
3.558000000000000000e+03
3.658000000000000000e+03
3.748000000000000000e+03
1.232400000000000000e+04
1.249000000000000000e+04
1.315800000000000000e+04
1.319200000000000000e+04
1.566000000000000000e+04
1.581000000000000000e+04
1.598200000000000000e+04
1.600000000000000000e+04
5.335800000000000000e+04
5.337600000000000000e+04
5.406000000000000000e+04
5.421000000000000000e+04
5.667800000000000000e+04
5.671200000000000000e+04
5.686800000000000000e+04
5.703400000000000000e+04
5.741800000000000000e+04
5.750800000000000000e+04
5.812000000000000000e+04
5.834200000000000000e+04
6.073800000000000000e+04
6.084400000000000000e+04
6.092800000000000000e+04
6.116600000000000000e+04
2.133140000000000000e+05
2.134200000000000000e+05
2.135040000000000000e+05
2.137420000000000000e+05
2.161380000000000000e+05
2.162280000000000000e+05
2.168400000000000000e+05
2.170620000000000000e+05
2.256380000000000000e+05
2.256720000000000000e+05
2.258280000000000000e+05
2.259940000000000000e+05
2.284620000000000000e+05
2.284800000000000000e+05
2.291640000000000000e+05
2.293140000000000000e+05
2.337720000000000000e+05
2.339220000000000000e+05
2.340940000000000000e+05
2.341120000000000000e+05
2.365800000000000000e+05
2.367460000000000000e+05
2.374140000000000000e+05
2.374480000000000000e+05
2.378320000000000000e+05
2.380540000000000000e+05
2.381540000000000000e+05
2.382440000000000000e+05
2.406400000000000000e+05
2.408780000000000000e+05
2.414740000000000000e+05
2.415800000000000000e+05
8.532560000000000000e+05
8.534780000000000000e+05
8.535780000000000000e+05
8.536680000000000000e+05
8.540160000000000000e+05
8.542540000000000000e+05
8.548500000000000000e+05
8.549560000000000000e+05
8.655800000000000000e+05
8.657300000000000000e+05
8.659020000000000000e+05
8.659200000000000000e+05
8.663400000000000000e+05
8.665060000000000000e+05
8.671740000000000000e+05
8.672080000000000000e+05
9.065980000000000000e+05
9.066320000000000000e+05
9.067880000000000000e+05
9.069540000000000000e+05
9.073740000000000000e+05
9.073920000000000000e+05
9.080760000000000000e+05
9.082260000000000000e+05
9.106580000000000000e+05
9.107640000000000000e+05
9.108480000000000000e+05
9.110860000000000000e+05
9.114340000000000000e+05
9.115240000000000000e+05
9.121360000000000000e+05
9.123580000000000000e+05
9.349860000000000000e+05
9.350760000000000000e+05
9.356880000000000000e+05
9.359100000000000000e+05
9.362580000000000000e+05
9.363640000000000000e+05
9.364480000000000000e+05
9.366860000000000000e+05
9.473100000000000000e+05
9.473280000000000000e+05
9.480120000000000000e+05
9.481620000000000000e+05
9.485820000000000000e+05
9.486160000000000000e+05
9.487720000000000000e+05
9.489380000000000000e+05
9.554280000000000000e+05
9.555940000000000000e+05
9.562620000000000000e+05
9.562960000000000000e+05
9.567160000000000000e+05
9.568660000000000000e+05
9.570380000000000000e+05
9.570560000000000000e+05
9.594880000000000000e+05
9.597260000000000000e+05
9.603220000000000000e+05
9.604280000000000000e+05
9.607760000000000000e+05
9.609980000000000000e+05
9.610980000000000000e+05
9.611880000000000000e+05
3.150884000000000000e+06
3.151050000000000000e+06
3.151718000000000000e+06
3.151752000000000000e+06
3.152172000000000000e+06
3.152322000000000000e+06
3.152494000000000000e+06
3.152512000000000000e+06
3.154944000000000000e+06
3.155182000000000000e+06
3.155778000000000000e+06
3.155884000000000000e+06
3.156232000000000000e+06
3.156454000000000000e+06
3.156554000000000000e+06
3.156644000000000000e+06
3.195978000000000000e+06
3.196068000000000000e+06
3.196680000000000000e+06
3.196902000000000000e+06
3.197250000000000000e+06
3.197356000000000000e+06
3.197440000000000000e+06
3.197678000000000000e+06
3.208302000000000000e+06
3.208320000000000000e+06
3.209004000000000000e+06
3.209154000000000000e+06
3.209574000000000000e+06
3.209608000000000000e+06
3.209764000000000000e+06
3.209930000000000000e+06
3.364198000000000000e+06
3.364232000000000000e+06
3.364388000000000000e+06
3.364554000000000000e+06
3.364974000000000000e+06
3.364992000000000000e+06
3.365676000000000000e+06
3.365826000000000000e+06
3.368258000000000000e+06
3.368364000000000000e+06
3.368448000000000000e+06
3.368686000000000000e+06
3.369034000000000000e+06
3.369124000000000000e+06
3.369736000000000000e+06
3.369958000000000000e+06
3.376392000000000000e+06
3.376614000000000000e+06
3.376714000000000000e+06
3.376804000000000000e+06
3.377152000000000000e+06
3.377390000000000000e+06
3.377986000000000000e+06
3.378092000000000000e+06
3.388716000000000000e+06
3.388866000000000000e+06
3.389038000000000000e+06
3.389056000000000000e+06
3.389476000000000000e+06
3.389642000000000000e+06
3.390310000000000000e+06
3.390344000000000000e+06
4.002092000000000000e+06
4.002242000000000000e+06
4.002414000000000000e+06
4.002432000000000000e+06
4.004900000000000000e+06
4.005066000000000000e+06
4.005734000000000000e+06
4.005768000000000000e+06
4.006152000000000000e+06
4.006374000000000000e+06
4.006474000000000000e+06
4.006564000000000000e+06
4.008960000000000000e+06
4.009198000000000000e+06
4.009794000000000000e+06
4.009900000000000000e+06
4.047170000000000000e+06
4.047276000000000000e+06
4.047360000000000000e+06
4.047598000000000000e+06
4.049994000000000000e+06
4.050084000000000000e+06
4.050696000000000000e+06
4.050918000000000000e+06
4.059494000000000000e+06
4.059528000000000000e+06
4.059684000000000000e+06
4.059850000000000000e+06
4.062318000000000000e+06
4.062336000000000000e+06
4.063020000000000000e+06
4.063170000000000000e+06
4.083822000000000000e+06
4.083840000000000000e+06
4.084524000000000000e+06
4.084674000000000000e+06
4.087142000000000000e+06
4.087176000000000000e+06
4.087332000000000000e+06
4.087498000000000000e+06
4.087882000000000000e+06
4.087972000000000000e+06
4.088584000000000000e+06
4.088806000000000000e+06
4.091202000000000000e+06
4.091308000000000000e+06
4.091392000000000000e+06
4.091630000000000000e+06
4.096000000000000000e+06
4.096238000000000000e+06
4.096834000000000000e+06
4.096940000000000000e+06
4.099336000000000000e+06
4.099558000000000000e+06
4.099658000000000000e+06
4.099748000000000000e+06
4.108324000000000000e+06
4.108490000000000000e+06
4.109158000000000000e+06
4.109192000000000000e+06
4.111660000000000000e+06
4.111810000000000000e+06
4.111982000000000000e+06
4.112000000000000000e+06
1.365207800000000000e+07
1.365209600000000000e+07
1.365278000000000000e+07
1.365293000000000000e+07
1.365539800000000000e+07
1.365543200000000000e+07
1.365558800000000000e+07
1.365575400000000000e+07
1.365613800000000000e+07
1.365622800000000000e+07
1.365684000000000000e+07
1.365706200000000000e+07
1.365945800000000000e+07
1.365956400000000000e+07
1.365964800000000000e+07
1.365988600000000000e+07
1.366425600000000000e+07
1.366449400000000000e+07
1.366509000000000000e+07
1.366519600000000000e+07
1.366759200000000000e+07
1.366781400000000000e+07
1.366791400000000000e+07
1.366800400000000000e+07
1.367658000000000000e+07
1.367674600000000000e+07
1.367741400000000000e+07
1.367744800000000000e+07
1.367991600000000000e+07
1.368006600000000000e+07
1.368023800000000000e+07
1.368025600000000000e+07
1.383249200000000000e+07
1.383264200000000000e+07
1.383281400000000000e+07
1.383283200000000000e+07
1.383530000000000000e+07
1.383546600000000000e+07
1.383613400000000000e+07
1.383616800000000000e+07
1.383655200000000000e+07
1.383677400000000000e+07
1.383687400000000000e+07
1.383696400000000000e+07
1.383936000000000000e+07
1.383959800000000000e+07
1.384019400000000000e+07
1.384030000000000000e+07
1.387757000000000000e+07
1.387767600000000000e+07
1.387776000000000000e+07
1.387799800000000000e+07
1.388039400000000000e+07
1.388048400000000000e+07
1.388109600000000000e+07
1.388131800000000000e+07
1.388989400000000000e+07
1.388992800000000000e+07
1.389008400000000000e+07
1.389025000000000000e+07
1.389271800000000000e+07
1.389273600000000000e+07
1.389342000000000000e+07
1.389357000000000000e+07
1.450531800000000000e+07
1.450535200000000000e+07
1.450550800000000000e+07
1.450567400000000000e+07
1.450609400000000000e+07
1.450611200000000000e+07
1.450679600000000000e+07
1.450694600000000000e+07
1.450937800000000000e+07
1.450948400000000000e+07
1.450956800000000000e+07
1.450980600000000000e+07
1.451015400000000000e+07
1.451024400000000000e+07
1.451085600000000000e+07
1.451107800000000000e+07
1.451751200000000000e+07
1.451773400000000000e+07
1.451783400000000000e+07
1.451792400000000000e+07
1.451827200000000000e+07
1.451851000000000000e+07
1.451910600000000000e+07
1.451921200000000000e+07
1.452983600000000000e+07
1.452998600000000000e+07
1.453015800000000000e+07
1.453017600000000000e+07
1.453059600000000000e+07
1.453076200000000000e+07
1.453143000000000000e+07
1.453146400000000000e+07
1.455414800000000000e+07
1.455431400000000000e+07
1.455498200000000000e+07
1.455501600000000000e+07
1.455543600000000000e+07
1.455558600000000000e+07
1.455575800000000000e+07
1.455577600000000000e+07
1.455820800000000000e+07
1.455844600000000000e+07
1.455904200000000000e+07
1.455914800000000000e+07
1.455949600000000000e+07
1.455971800000000000e+07
1.455981800000000000e+07
1.455990800000000000e+07
1.459924200000000000e+07
1.459933200000000000e+07
1.459994400000000000e+07
1.460016600000000000e+07
1.460051400000000000e+07
1.460062000000000000e+07
1.460070400000000000e+07
1.460094200000000000e+07
1.461156600000000000e+07
1.461158400000000000e+07
1.461226800000000000e+07
1.461241800000000000e+07
1.461283800000000000e+07
1.461287200000000000e+07
1.461302800000000000e+07
1.461319400000000000e+07
1.469754600000000000e+07
1.469763600000000000e+07
1.469824800000000000e+07
1.469847000000000000e+07
1.469881800000000000e+07
1.469892400000000000e+07
1.469900800000000000e+07
1.469924600000000000e+07
1.470987000000000000e+07
1.470988800000000000e+07
1.471057200000000000e+07
1.471072200000000000e+07
1.471114200000000000e+07
1.471117600000000000e+07
1.471133200000000000e+07
1.471149800000000000e+07
1.471798800000000000e+07
1.471815400000000000e+07
1.471882200000000000e+07
1.471885600000000000e+07
1.471927600000000000e+07
1.471942600000000000e+07
1.471959800000000000e+07
1.471961600000000000e+07
1.472204800000000000e+07
1.472228600000000000e+07
1.472288200000000000e+07
1.472298800000000000e+07
1.472333600000000000e+07
1.472355800000000000e+07
1.472365800000000000e+07
1.472374800000000000e+07
1.487796000000000000e+07
1.487818200000000000e+07
1.487828200000000000e+07
1.487837200000000000e+07
1.487872000000000000e+07
1.487895800000000000e+07
1.487955400000000000e+07
1.487966000000000000e+07
1.489028400000000000e+07
1.489043400000000000e+07
1.489060600000000000e+07
1.489062400000000000e+07
1.489104400000000000e+07
1.489121000000000000e+07
1.489187800000000000e+07
1.489191200000000000e+07
1.493130200000000000e+07
1.493133600000000000e+07
1.493149200000000000e+07
1.493165800000000000e+07
1.493207800000000000e+07
1.493209600000000000e+07
1.493278000000000000e+07
1.493293000000000000e+07
1.493536200000000000e+07
1.493546800000000000e+07
1.493555200000000000e+07
1.493579000000000000e+07
1.493613800000000000e+07
1.493622800000000000e+07
1.493684000000000000e+07
1.493706200000000000e+07
1.554873800000000000e+07
1.554884400000000000e+07
1.554892800000000000e+07
1.554916600000000000e+07
1.555156200000000000e+07
1.555165200000000000e+07
1.555226400000000000e+07
1.555248600000000000e+07
1.556106200000000000e+07
1.556109600000000000e+07
1.556125200000000000e+07
1.556141800000000000e+07
1.556388600000000000e+07
1.556390400000000000e+07
1.556458800000000000e+07
1.556473800000000000e+07
1.556919600000000000e+07
1.556934600000000000e+07
1.556951800000000000e+07
1.556953600000000000e+07
1.557200400000000000e+07
1.557217000000000000e+07
1.557283800000000000e+07
1.557287200000000000e+07
1.557325600000000000e+07
1.557347800000000000e+07
1.557357800000000000e+07
1.557366800000000000e+07
1.557606400000000000e+07
1.557630200000000000e+07
1.557689800000000000e+07
1.557700400000000000e+07
1.559756800000000000e+07
1.559780600000000000e+07
1.559840200000000000e+07
1.559850800000000000e+07
1.560090400000000000e+07
1.560112600000000000e+07
1.560122600000000000e+07
1.560131600000000000e+07
1.560989200000000000e+07
1.561005800000000000e+07
1.561072600000000000e+07
1.561076000000000000e+07
1.561322800000000000e+07
1.561337800000000000e+07
1.561355000000000000e+07
1.561356800000000000e+07
1.565092600000000000e+07
1.565094400000000000e+07
1.565162800000000000e+07
1.565177800000000000e+07
1.565424600000000000e+07
1.565428000000000000e+07
1.565443600000000000e+07
1.565460200000000000e+07
1.565498600000000000e+07
1.565507600000000000e+07
1.565568800000000000e+07
1.565591000000000000e+07
1.565830600000000000e+07
1.565841200000000000e+07
1.565849600000000000e+07
1.565873400000000000e+07
5.460819400000000000e+07
5.460830000000000000e+07
5.460838400000000000e+07
5.460862200000000000e+07
5.461101800000000000e+07
5.461110800000000000e+07
5.461172000000000000e+07
5.461194200000000000e+07
5.462051800000000000e+07
5.462055200000000000e+07
5.462070800000000000e+07
5.462087400000000000e+07
5.462334200000000000e+07
5.462336000000000000e+07
5.462404400000000000e+07
5.462419400000000000e+07
5.462865200000000000e+07
5.462880200000000000e+07
5.462897400000000000e+07
5.462899200000000000e+07
5.463146000000000000e+07
5.463162600000000000e+07
5.463229400000000000e+07
5.463232800000000000e+07
5.463271200000000000e+07
5.463293400000000000e+07
5.463303400000000000e+07
5.463312400000000000e+07
5.463552000000000000e+07
5.463575800000000000e+07
5.463635400000000000e+07
5.463646000000000000e+07
5.465702400000000000e+07
5.465726200000000000e+07
5.465785800000000000e+07
5.465796400000000000e+07
5.466036000000000000e+07
5.466058200000000000e+07
5.466068200000000000e+07
5.466077200000000000e+07
5.466934800000000000e+07
5.466951400000000000e+07
5.467018200000000000e+07
5.467021600000000000e+07
5.467268400000000000e+07
5.467283400000000000e+07
5.467300600000000000e+07
5.467302400000000000e+07
5.471038200000000000e+07
5.471040000000000000e+07
5.471108400000000000e+07
5.471123400000000000e+07
5.471370200000000000e+07
5.471373600000000000e+07
5.471389200000000000e+07
5.471405800000000000e+07
5.471444200000000000e+07
5.471453200000000000e+07
5.471514400000000000e+07
5.471536600000000000e+07
5.471776200000000000e+07
5.471786800000000000e+07
5.471795200000000000e+07
5.471819000000000000e+07
5.532986600000000000e+07
5.532995600000000000e+07
5.533056800000000000e+07
5.533079000000000000e+07
5.533113800000000000e+07
5.533124400000000000e+07
5.533132800000000000e+07
5.533156600000000000e+07
5.534219000000000000e+07
5.534220800000000000e+07
5.534289200000000000e+07
5.534304200000000000e+07
5.534346200000000000e+07
5.534349600000000000e+07
5.534365200000000000e+07
5.534381800000000000e+07
5.535030800000000000e+07
5.535047400000000000e+07
5.535114200000000000e+07
5.535117600000000000e+07
5.535159600000000000e+07
5.535174600000000000e+07
5.535191800000000000e+07
5.535193600000000000e+07
5.535436800000000000e+07
5.535460600000000000e+07
5.535520200000000000e+07
5.535530800000000000e+07
5.535565600000000000e+07
5.535587800000000000e+07
5.535597800000000000e+07
5.535606800000000000e+07
5.551028000000000000e+07
5.551050200000000000e+07
5.551060200000000000e+07
5.551069200000000000e+07
5.551104000000000000e+07
5.551127800000000000e+07
5.551187400000000000e+07
5.551198000000000000e+07
5.552260400000000000e+07
5.552275400000000000e+07
5.552292600000000000e+07
5.552294400000000000e+07
5.552336400000000000e+07
5.552353000000000000e+07
5.552419800000000000e+07
5.552423200000000000e+07
5.556362200000000000e+07
5.556365600000000000e+07
5.556381200000000000e+07
5.556397800000000000e+07
5.556439800000000000e+07
5.556441600000000000e+07
5.556510000000000000e+07
5.556525000000000000e+07
5.556768200000000000e+07
5.556778800000000000e+07
5.556787200000000000e+07
5.556811000000000000e+07
5.556845800000000000e+07
5.556854800000000000e+07
5.556916000000000000e+07
5.556938200000000000e+07
5.775907800000000000e+07
5.775911200000000000e+07
5.775926800000000000e+07
5.775943400000000000e+07
5.775985400000000000e+07
5.775987200000000000e+07
5.776055600000000000e+07
5.776070600000000000e+07
5.776313800000000000e+07
5.776324400000000000e+07
5.776332800000000000e+07
5.776356600000000000e+07
5.776391400000000000e+07
5.776400400000000000e+07
5.776461600000000000e+07
5.776483800000000000e+07
5.777127200000000000e+07
5.777149400000000000e+07
5.777159400000000000e+07
5.777168400000000000e+07
5.777203200000000000e+07
5.777227000000000000e+07
5.777286600000000000e+07
5.777297200000000000e+07
5.778359600000000000e+07
5.778374600000000000e+07
5.778391800000000000e+07
5.778393600000000000e+07
5.778435600000000000e+07
5.778452200000000000e+07
5.778519000000000000e+07
5.778522400000000000e+07
5.780790800000000000e+07
5.780807400000000000e+07
5.780874200000000000e+07
5.780877600000000000e+07
5.780919600000000000e+07
5.780934600000000000e+07
5.780951800000000000e+07
5.780953600000000000e+07
5.781196800000000000e+07
5.781220600000000000e+07
5.781280200000000000e+07
5.781290800000000000e+07
5.781325600000000000e+07
5.781347800000000000e+07
5.781357800000000000e+07
5.781366800000000000e+07
5.785300200000000000e+07
5.785309200000000000e+07
5.785370400000000000e+07
5.785392600000000000e+07
5.785427400000000000e+07
5.785438000000000000e+07
5.785446400000000000e+07
5.785470200000000000e+07
5.786532600000000000e+07
5.786534400000000000e+07
5.786602800000000000e+07
5.786617800000000000e+07
5.786659800000000000e+07
5.786663200000000000e+07
5.786678800000000000e+07
5.786695400000000000e+07
5.847870200000000000e+07
5.847872000000000000e+07
5.847940400000000000e+07
5.847955400000000000e+07
5.848202200000000000e+07
5.848205600000000000e+07
5.848221200000000000e+07
5.848237800000000000e+07
5.848276200000000000e+07
5.848285200000000000e+07
5.848346400000000000e+07
5.848368600000000000e+07
5.848608200000000000e+07
5.848618800000000000e+07
5.848627200000000000e+07
5.848651000000000000e+07
5.849088000000000000e+07
5.849111800000000000e+07
5.849171400000000000e+07
5.849182000000000000e+07
5.849421600000000000e+07
5.849443800000000000e+07
5.849453800000000000e+07
5.849462800000000000e+07
5.850320400000000000e+07
5.850337000000000000e+07
5.850403800000000000e+07
5.850407200000000000e+07
5.850654000000000000e+07
5.850669000000000000e+07
5.850686200000000000e+07
5.850688000000000000e+07
5.865911600000000000e+07
5.865926600000000000e+07
5.865943800000000000e+07
5.865945600000000000e+07
5.866192400000000000e+07
5.866209000000000000e+07
5.866275800000000000e+07
5.866279200000000000e+07
5.866317600000000000e+07
5.866339800000000000e+07
5.866349800000000000e+07
5.866358800000000000e+07
5.866598400000000000e+07
5.866622200000000000e+07
5.866681800000000000e+07
5.866692400000000000e+07
5.870419400000000000e+07
5.870430000000000000e+07
5.870438400000000000e+07
5.870462200000000000e+07
5.870701800000000000e+07
5.870710800000000000e+07
5.870772000000000000e+07
5.870794200000000000e+07
5.871651800000000000e+07
5.871655200000000000e+07
5.871670800000000000e+07
5.871687400000000000e+07
5.871934200000000000e+07
5.871936000000000000e+07
5.872004400000000000e+07
5.872019400000000000e+07
5.983876400000000000e+07
5.983891400000000000e+07
5.983908600000000000e+07
5.983910400000000000e+07
5.984157200000000000e+07
5.984173800000000000e+07
5.984240600000000000e+07
5.984244000000000000e+07
5.984282400000000000e+07
5.984304600000000000e+07
5.984314600000000000e+07
5.984323600000000000e+07
5.984563200000000000e+07
5.984587000000000000e+07
5.984646600000000000e+07
5.984657200000000000e+07
5.988384200000000000e+07
5.988394800000000000e+07
5.988403200000000000e+07
5.988427000000000000e+07
5.988666600000000000e+07
5.988675600000000000e+07
5.988736800000000000e+07
5.988759000000000000e+07
5.989616600000000000e+07
5.989620000000000000e+07
5.989635600000000000e+07
5.989652200000000000e+07
5.989899000000000000e+07
5.989900800000000000e+07
5.989969200000000000e+07
5.989984200000000000e+07
5.992049400000000000e+07
5.992051200000000000e+07
5.992119600000000000e+07
5.992134600000000000e+07
5.992381400000000000e+07
5.992384800000000000e+07
5.992400400000000000e+07
5.992417000000000000e+07
5.992455400000000000e+07
5.992464400000000000e+07
5.992525600000000000e+07
5.992547800000000000e+07
5.992787400000000000e+07
5.992798000000000000e+07
5.992806400000000000e+07
5.992830200000000000e+07
5.993267200000000000e+07
5.993291000000000000e+07
5.993350600000000000e+07
5.993361200000000000e+07
5.993600800000000000e+07
5.993623000000000000e+07
5.993633000000000000e+07
5.993642000000000000e+07
5.994499600000000000e+07
5.994516200000000000e+07
5.994583000000000000e+07
5.994586400000000000e+07
5.994833200000000000e+07
5.994848200000000000e+07
5.994865400000000000e+07
5.994867200000000000e+07
6.056042000000000000e+07
6.056058600000000000e+07
6.056125400000000000e+07
6.056128800000000000e+07
6.056170800000000000e+07
6.056185800000000000e+07
6.056203000000000000e+07
6.056204800000000000e+07
6.056448000000000000e+07
6.056471800000000000e+07
6.056531400000000000e+07
6.056542000000000000e+07
6.056576800000000000e+07
6.056599000000000000e+07
6.056609000000000000e+07
6.056618000000000000e+07
6.060551400000000000e+07
6.060560400000000000e+07
6.060621600000000000e+07
6.060643800000000000e+07
6.060678600000000000e+07
6.060689200000000000e+07
6.060697600000000000e+07
6.060721400000000000e+07
6.061783800000000000e+07
6.061785600000000000e+07
6.061854000000000000e+07
6.061869000000000000e+07
6.061911000000000000e+07
6.061914400000000000e+07
6.061930000000000000e+07
6.061946600000000000e+07
6.077373400000000000e+07
6.077376800000000000e+07
6.077392400000000000e+07
6.077409000000000000e+07
6.077451000000000000e+07
6.077452800000000000e+07
6.077521200000000000e+07
6.077536200000000000e+07
6.077779400000000000e+07
6.077790000000000000e+07
6.077798400000000000e+07
6.077822200000000000e+07
6.077857000000000000e+07
6.077866000000000000e+07
6.077927200000000000e+07
6.077949400000000000e+07
6.078592800000000000e+07
6.078615000000000000e+07
6.078625000000000000e+07
6.078634000000000000e+07
6.078668800000000000e+07
6.078692600000000000e+07
6.078752200000000000e+07
6.078762800000000000e+07
6.079825200000000000e+07
6.079840200000000000e+07
6.079857400000000000e+07
6.079859200000000000e+07
6.079901200000000000e+07
6.079917800000000000e+07
6.079984600000000000e+07
6.079988000000000000e+07
6.088423200000000000e+07
6.088445400000000000e+07
6.088455400000000000e+07
6.088464400000000000e+07
6.088499200000000000e+07
6.088523000000000000e+07
6.088582600000000000e+07
6.088593200000000000e+07
6.089655600000000000e+07
6.089670600000000000e+07
6.089687800000000000e+07
6.089689600000000000e+07
6.089731600000000000e+07
6.089748200000000000e+07
6.089815000000000000e+07
6.089818400000000000e+07
6.093757400000000000e+07
6.093760800000000000e+07
6.093776400000000000e+07
6.093793000000000000e+07
6.093835000000000000e+07
6.093836800000000000e+07
6.093905200000000000e+07
6.093920200000000000e+07
6.094163400000000000e+07
6.094174000000000000e+07
6.094182400000000000e+07
6.094206200000000000e+07
6.094241000000000000e+07
6.094250000000000000e+07
6.094311200000000000e+07
6.094333400000000000e+07
6.096596200000000000e+07
6.096605200000000000e+07
6.096666400000000000e+07
6.096688600000000000e+07
6.096723400000000000e+07
6.096734000000000000e+07
6.096742400000000000e+07
6.096766200000000000e+07
6.097828600000000000e+07
6.097830400000000000e+07
6.097898800000000000e+07
6.097913800000000000e+07
6.097955800000000000e+07
6.097959200000000000e+07
6.097974800000000000e+07
6.097991400000000000e+07
6.098640400000000000e+07
6.098657000000000000e+07
6.098723800000000000e+07
6.098727200000000000e+07
6.098769200000000000e+07
6.098784200000000000e+07
6.098801400000000000e+07
6.098803200000000000e+07
6.099046400000000000e+07
6.099070200000000000e+07
6.099129800000000000e+07
6.099140400000000000e+07
6.099175200000000000e+07
6.099197400000000000e+07
6.099207400000000000e+07
6.099216400000000000e+07
6.160384000000000000e+07
6.160407800000000000e+07
6.160467400000000000e+07
6.160478000000000000e+07
6.160717600000000000e+07
6.160739800000000000e+07
6.160749800000000000e+07
6.160758800000000000e+07
6.161616400000000000e+07
6.161633000000000000e+07
6.161699800000000000e+07
6.161703200000000000e+07
6.161950000000000000e+07
6.161965000000000000e+07
6.161982200000000000e+07
6.161984000000000000e+07
6.165719800000000000e+07
6.165721600000000000e+07
6.165790000000000000e+07
6.165805000000000000e+07
6.166051800000000000e+07
6.166055200000000000e+07
6.166070800000000000e+07
6.166087400000000000e+07
6.166125800000000000e+07
6.166134800000000000e+07
6.166196000000000000e+07
6.166218200000000000e+07
6.166457800000000000e+07
6.166468400000000000e+07
6.166476800000000000e+07
6.166500600000000000e+07
6.181715400000000000e+07
6.181726000000000000e+07
6.181734400000000000e+07
6.181758200000000000e+07
6.181997800000000000e+07
6.182006800000000000e+07
6.182068000000000000e+07
6.182090200000000000e+07
6.182947800000000000e+07
6.182951200000000000e+07
6.182966800000000000e+07
6.182983400000000000e+07
6.183230200000000000e+07
6.183232000000000000e+07
6.183300400000000000e+07
6.183315400000000000e+07
6.183761200000000000e+07
6.183776200000000000e+07
6.183793400000000000e+07
6.183795200000000000e+07
6.184042000000000000e+07
6.184058600000000000e+07
6.184125400000000000e+07
6.184128800000000000e+07
6.184167200000000000e+07
6.184189400000000000e+07
6.184199400000000000e+07
6.184208400000000000e+07
6.184448000000000000e+07
6.184471800000000000e+07
6.184531400000000000e+07
6.184542000000000000e+07
2.184327760000000000e+08
2.184329980000000000e+08
2.184330980000000000e+08
2.184331880000000000e+08
2.184335360000000000e+08
2.184337740000000000e+08
2.184343700000000000e+08
2.184344760000000000e+08
2.184451000000000000e+08
2.184452500000000000e+08
2.184454220000000000e+08
2.184454400000000000e+08
2.184458600000000000e+08
2.184460260000000000e+08
2.184466940000000000e+08
2.184467280000000000e+08
2.184861180000000000e+08
2.184861520000000000e+08
2.184863080000000000e+08
2.184864740000000000e+08
2.184868940000000000e+08
2.184869120000000000e+08
2.184875960000000000e+08
2.184877460000000000e+08
2.184901780000000000e+08
2.184902840000000000e+08
2.184903680000000000e+08
2.184906060000000000e+08
2.184909540000000000e+08
2.184910440000000000e+08
2.184916560000000000e+08
2.184918780000000000e+08
2.185145060000000000e+08
2.185145960000000000e+08
2.185152080000000000e+08
2.185154300000000000e+08
2.185157780000000000e+08
2.185158840000000000e+08
2.185159680000000000e+08
2.185162060000000000e+08
2.185268300000000000e+08
2.185268480000000000e+08
2.185275320000000000e+08
2.185276820000000000e+08
2.185281020000000000e+08
2.185281360000000000e+08
2.185282920000000000e+08
2.185284580000000000e+08
2.185349480000000000e+08
2.185351140000000000e+08
2.185357820000000000e+08
2.185358160000000000e+08
2.185362360000000000e+08
2.185363860000000000e+08
2.185365580000000000e+08
2.185365760000000000e+08
2.185390080000000000e+08
2.185392460000000000e+08
2.185398420000000000e+08
2.185399480000000000e+08
2.185402960000000000e+08
2.185405180000000000e+08
2.185406180000000000e+08
2.185407080000000000e+08
2.186280960000000000e+08
2.186283340000000000e+08
2.186289300000000000e+08
2.186290360000000000e+08
2.186314320000000000e+08
2.186316540000000000e+08
2.186317540000000000e+08
2.186318440000000000e+08
2.186404200000000000e+08
2.186405860000000000e+08
2.186412540000000000e+08
2.186412880000000000e+08
2.186437560000000000e+08
2.186439060000000000e+08
2.186440780000000000e+08
2.186440960000000000e+08
2.186814540000000000e+08
2.186814720000000000e+08
2.186821560000000000e+08
2.186823060000000000e+08
2.186847740000000000e+08
2.186848080000000000e+08
2.186849640000000000e+08
2.186851300000000000e+08
2.186855140000000000e+08
2.186856040000000000e+08
2.186862160000000000e+08
2.186864380000000000e+08
2.186888340000000000e+08
2.186889400000000000e+08
2.186890240000000000e+08
2.186892620000000000e+08
2.188414100000000000e+08
2.188415160000000000e+08
2.188416000000000000e+08
2.188418380000000000e+08
2.188442340000000000e+08
2.188443240000000000e+08
2.188449360000000000e+08
2.188451580000000000e+08
2.188537340000000000e+08
2.188537680000000000e+08
2.188539240000000000e+08
2.188540900000000000e+08
2.188565580000000000e+08
2.188565760000000000e+08
2.188572600000000000e+08
2.188574100000000000e+08
2.188618680000000000e+08
2.188620180000000000e+08
2.188621900000000000e+08
2.188622080000000000e+08
2.188646760000000000e+08
2.188648420000000000e+08
2.188655100000000000e+08
2.188655440000000000e+08
2.188659280000000000e+08
2.188661500000000000e+08
2.188662500000000000e+08
2.188663400000000000e+08
2.188687360000000000e+08
2.188689740000000000e+08
2.188695700000000000e+08
2.188696760000000000e+08
2.215816120000000000e+08
2.215817620000000000e+08
2.215819340000000000e+08
2.215819520000000000e+08
2.215844200000000000e+08
2.215845860000000000e+08
2.215852540000000000e+08
2.215852880000000000e+08
2.215856720000000000e+08
2.215858940000000000e+08
2.215859940000000000e+08
2.215860840000000000e+08
2.215884800000000000e+08
2.215887180000000000e+08
2.215893140000000000e+08
2.215894200000000000e+08
2.216266900000000000e+08
2.216267960000000000e+08
2.216268800000000000e+08
2.216271180000000000e+08
2.216295140000000000e+08
2.216296040000000000e+08
2.216302160000000000e+08
2.216304380000000000e+08
2.216390140000000000e+08
2.216390480000000000e+08
2.216392040000000000e+08
2.216393700000000000e+08
2.216418380000000000e+08
2.216418560000000000e+08
2.216425400000000000e+08
2.216426900000000000e+08
2.216633420000000000e+08
2.216633600000000000e+08
2.216640440000000000e+08
2.216641940000000000e+08
2.216666620000000000e+08
2.216666960000000000e+08
2.216668520000000000e+08
2.216670180000000000e+08
2.216674020000000000e+08
2.216674920000000000e+08
2.216681040000000000e+08
2.216683260000000000e+08
2.216707220000000000e+08
2.216708280000000000e+08
2.216709120000000000e+08
2.216711500000000000e+08
2.216755200000000000e+08
2.216757580000000000e+08
2.216763540000000000e+08
2.216764600000000000e+08
2.216788560000000000e+08
2.216790780000000000e+08
2.216791780000000000e+08
2.216792680000000000e+08
2.216878440000000000e+08
2.216880100000000000e+08
2.216886780000000000e+08
2.216887120000000000e+08
2.216911800000000000e+08
2.216913300000000000e+08
2.216915020000000000e+08
2.216915200000000000e+08
2.217789800000000000e+08
2.217791460000000000e+08
2.217798140000000000e+08
2.217798480000000000e+08
2.217802680000000000e+08
2.217804180000000000e+08
2.217805900000000000e+08
2.217806080000000000e+08
2.217830400000000000e+08
2.217832780000000000e+08
2.217838740000000000e+08
2.217839800000000000e+08
2.217843280000000000e+08
2.217845500000000000e+08
2.217846500000000000e+08
2.217847400000000000e+08
2.218240740000000000e+08
2.218241640000000000e+08
2.218247760000000000e+08
2.218249980000000000e+08
2.218253460000000000e+08
2.218254520000000000e+08
2.218255360000000000e+08
2.218257740000000000e+08
2.218363980000000000e+08
2.218364160000000000e+08
2.218371000000000000e+08
2.218372500000000000e+08
2.218376700000000000e+08
2.218377040000000000e+08
2.218378600000000000e+08
2.218380260000000000e+08
2.219922940000000000e+08
2.219923280000000000e+08
2.219924840000000000e+08
2.219926500000000000e+08
2.219930700000000000e+08
2.219930880000000000e+08
2.219937720000000000e+08
2.219939220000000000e+08
2.219963540000000000e+08
2.219964600000000000e+08
2.219965440000000000e+08
2.219967820000000000e+08
2.219971300000000000e+08
2.219972200000000000e+08
2.219978320000000000e+08
2.219980540000000000e+08
2.220044880000000000e+08
2.220047100000000000e+08
2.220048100000000000e+08
2.220049000000000000e+08
2.220052480000000000e+08
2.220054860000000000e+08
2.220060820000000000e+08
2.220061880000000000e+08
2.220168120000000000e+08
2.220169620000000000e+08
2.220171340000000000e+08
2.220171520000000000e+08
2.220175720000000000e+08
2.220177380000000000e+08
2.220184060000000000e+08
2.220184400000000000e+08
2.320848380000000000e+08
2.320848720000000000e+08
2.320850280000000000e+08
2.320851940000000000e+08
2.320856140000000000e+08
2.320856320000000000e+08
2.320863160000000000e+08
2.320864660000000000e+08
2.320888980000000000e+08
2.320890040000000000e+08
2.320890880000000000e+08
2.320893260000000000e+08
2.320896740000000000e+08
2.320897640000000000e+08
2.320903760000000000e+08
2.320905980000000000e+08
2.320970320000000000e+08
2.320972540000000000e+08
2.320973540000000000e+08
2.320974440000000000e+08
2.320977920000000000e+08
2.320980300000000000e+08
2.320986260000000000e+08
2.320987320000000000e+08
2.321093560000000000e+08
2.321095060000000000e+08
2.321096780000000000e+08
2.321096960000000000e+08
2.321101160000000000e+08
2.321102820000000000e+08
2.321109500000000000e+08
2.321109840000000000e+08
2.321336680000000000e+08
2.321338340000000000e+08
2.321345020000000000e+08
2.321345360000000000e+08
2.321349560000000000e+08
2.321351060000000000e+08
2.321352780000000000e+08
2.321352960000000000e+08
2.321377280000000000e+08
2.321379660000000000e+08
2.321385620000000000e+08
2.321386680000000000e+08
2.321390160000000000e+08
2.321392380000000000e+08
2.321393380000000000e+08
2.321394280000000000e+08
2.321787620000000000e+08
2.321788520000000000e+08
2.321794640000000000e+08
2.321796860000000000e+08
2.321800340000000000e+08
2.321801400000000000e+08
2.321802240000000000e+08
2.321804620000000000e+08
2.321910860000000000e+08
2.321911040000000000e+08
2.321917880000000000e+08
2.321919380000000000e+08
2.321923580000000000e+08
2.321923920000000000e+08
2.321925480000000000e+08
2.321927140000000000e+08
2.322801740000000000e+08
2.322801920000000000e+08
2.322808760000000000e+08
2.322810260000000000e+08
2.322834940000000000e+08
2.322835280000000000e+08
2.322836840000000000e+08
2.322838500000000000e+08
2.322842340000000000e+08
2.322843240000000000e+08
2.322849360000000000e+08
2.322851580000000000e+08
2.322875540000000000e+08
2.322876600000000000e+08
2.322877440000000000e+08
2.322879820000000000e+08
2.322923520000000000e+08
2.322925900000000000e+08
2.322931860000000000e+08
2.322932920000000000e+08
2.322956880000000000e+08
2.322959100000000000e+08
2.322960100000000000e+08
2.322961000000000000e+08
2.323046760000000000e+08
2.323048420000000000e+08
2.323055100000000000e+08
2.323055440000000000e+08
2.323080120000000000e+08
2.323081620000000000e+08
2.323083340000000000e+08
2.323083520000000000e+08
2.324605880000000000e+08
2.324607380000000000e+08
2.324609100000000000e+08
2.324609280000000000e+08
2.324633960000000000e+08
2.324635620000000000e+08
2.324642300000000000e+08
2.324642640000000000e+08
2.324646480000000000e+08
2.324648700000000000e+08
2.324649700000000000e+08
2.324650600000000000e+08
2.324674560000000000e+08
2.324676940000000000e+08
2.324682900000000000e+08
2.324683960000000000e+08
2.325056660000000000e+08
2.325057720000000000e+08
2.325058560000000000e+08
2.325060940000000000e+08
2.325084900000000000e+08
2.325085800000000000e+08
2.325091920000000000e+08
2.325094140000000000e+08
2.325179900000000000e+08
2.325180240000000000e+08
2.325181800000000000e+08
2.325183460000000000e+08
2.325208140000000000e+08
2.325208320000000000e+08
2.325215160000000000e+08
2.325216660000000000e+08
2.331282580000000000e+08
2.331283640000000000e+08
2.331284480000000000e+08
2.331286860000000000e+08
2.331310820000000000e+08
2.331311720000000000e+08
2.331317840000000000e+08
2.331320060000000000e+08
2.331405820000000000e+08
2.331406160000000000e+08
2.331407720000000000e+08
2.331409380000000000e+08
2.331434060000000000e+08
2.331434240000000000e+08
2.331441080000000000e+08
2.331442580000000000e+08
2.331487160000000000e+08
2.331488660000000000e+08
2.331490380000000000e+08
2.331490560000000000e+08
2.331515240000000000e+08
2.331516900000000000e+08
2.331523580000000000e+08
2.331523920000000000e+08
2.331527760000000000e+08
2.331529980000000000e+08
2.331530980000000000e+08
2.331531880000000000e+08
2.331555840000000000e+08
2.331558220000000000e+08
2.331564180000000000e+08
2.331565240000000000e+08
2.331770880000000000e+08
2.331773260000000000e+08
2.331779220000000000e+08
2.331780280000000000e+08
2.331804240000000000e+08
2.331806460000000000e+08
2.331807460000000000e+08
2.331808360000000000e+08
2.331894120000000000e+08
2.331895780000000000e+08
2.331902460000000000e+08
2.331902800000000000e+08
2.331927480000000000e+08
2.331928980000000000e+08
2.331930700000000000e+08
2.331930880000000000e+08
2.332304460000000000e+08
2.332304640000000000e+08
2.332311480000000000e+08
2.332312980000000000e+08
2.332337660000000000e+08
2.332338000000000000e+08
2.332339560000000000e+08
2.332341220000000000e+08
2.332345060000000000e+08
2.332345960000000000e+08
2.332352080000000000e+08
2.332354300000000000e+08
2.332378260000000000e+08
2.332379320000000000e+08
2.332380160000000000e+08
2.332382540000000000e+08
2.333256420000000000e+08
2.333257320000000000e+08
2.333263440000000000e+08
2.333265660000000000e+08
2.333269140000000000e+08
2.333270200000000000e+08
2.333271040000000000e+08
2.333273420000000000e+08
2.333379660000000000e+08
2.333379840000000000e+08
2.333386680000000000e+08
2.333388180000000000e+08
2.333392380000000000e+08
2.333392720000000000e+08
2.333394280000000000e+08
2.333395940000000000e+08
2.333460840000000000e+08
2.333462500000000000e+08
2.333469180000000000e+08
2.333469520000000000e+08
2.333473720000000000e+08
2.333475220000000000e+08
2.333476940000000000e+08
2.333477120000000000e+08
2.333501440000000000e+08
2.333503820000000000e+08
2.333509780000000000e+08
2.333510840000000000e+08
2.333514320000000000e+08
2.333516540000000000e+08
2.333517540000000000e+08
2.333518440000000000e+08
2.335060560000000000e+08
2.335062780000000000e+08
2.335063780000000000e+08
2.335064680000000000e+08
2.335068160000000000e+08
2.335070540000000000e+08
2.335076500000000000e+08
2.335077560000000000e+08
2.335183800000000000e+08
2.335185300000000000e+08
2.335187020000000000e+08
2.335187200000000000e+08
2.335191400000000000e+08
2.335193060000000000e+08
2.335199740000000000e+08
2.335200080000000000e+08
2.335593980000000000e+08
2.335594320000000000e+08
2.335595880000000000e+08
2.335597540000000000e+08
2.335601740000000000e+08
2.335601920000000000e+08
2.335608760000000000e+08
2.335610260000000000e+08
2.335634580000000000e+08
2.335635640000000000e+08
2.335636480000000000e+08
2.335638860000000000e+08
2.335642340000000000e+08
2.335643240000000000e+08
2.335649360000000000e+08
2.335651580000000000e+08
2.393549540000000000e+08
2.393550440000000000e+08
2.393556560000000000e+08
2.393558780000000000e+08
2.393562260000000000e+08
2.393563320000000000e+08
2.393564160000000000e+08
2.393566540000000000e+08
2.393672780000000000e+08
2.393672960000000000e+08
2.393679800000000000e+08
2.393681300000000000e+08
2.393685500000000000e+08
2.393685840000000000e+08
2.393687400000000000e+08
2.393689060000000000e+08
2.393753960000000000e+08
2.393755620000000000e+08
2.393762300000000000e+08
2.393762640000000000e+08
2.393766840000000000e+08
2.393768340000000000e+08
2.393770060000000000e+08
2.393770240000000000e+08
2.393794560000000000e+08
2.393796940000000000e+08
2.393802900000000000e+08
2.393803960000000000e+08
2.393807440000000000e+08
2.393809660000000000e+08
2.393810660000000000e+08
2.393811560000000000e+08
2.395353680000000000e+08
2.395355900000000000e+08
2.395356900000000000e+08
2.395357800000000000e+08
2.395361280000000000e+08
2.395363660000000000e+08
2.395369620000000000e+08
2.395370680000000000e+08
2.395476920000000000e+08
2.395478420000000000e+08
2.395480140000000000e+08
2.395480320000000000e+08
2.395484520000000000e+08
2.395486180000000000e+08
2.395492860000000000e+08
2.395493200000000000e+08
2.395887100000000000e+08
2.395887440000000000e+08
2.395889000000000000e+08
2.395890660000000000e+08
2.395894860000000000e+08
2.395895040000000000e+08
2.395901880000000000e+08
2.395903380000000000e+08
2.395927700000000000e+08
2.395928760000000000e+08
2.395929600000000000e+08
2.395931980000000000e+08
2.395935460000000000e+08
2.395936360000000000e+08
2.395942480000000000e+08
2.395944700000000000e+08
2.396818580000000000e+08
2.396819640000000000e+08
2.396820480000000000e+08
2.396822860000000000e+08
2.396846820000000000e+08
2.396847720000000000e+08
2.396853840000000000e+08
2.396856060000000000e+08
2.396941820000000000e+08
2.396942160000000000e+08
2.396943720000000000e+08
2.396945380000000000e+08
2.396970060000000000e+08
2.396970240000000000e+08
2.396977080000000000e+08
2.396978580000000000e+08
2.397023160000000000e+08
2.397024660000000000e+08
2.397026380000000000e+08
2.397026560000000000e+08
2.397051240000000000e+08
2.397052900000000000e+08
2.397059580000000000e+08
2.397059920000000000e+08
2.397063760000000000e+08
2.397065980000000000e+08
2.397066980000000000e+08
2.397067880000000000e+08
2.397091840000000000e+08
2.397094220000000000e+08
2.397100180000000000e+08
2.397101240000000000e+08
2.397306880000000000e+08
2.397309260000000000e+08
2.397315220000000000e+08
2.397316280000000000e+08
2.397340240000000000e+08
2.397342460000000000e+08
2.397343460000000000e+08
2.397344360000000000e+08
2.397430120000000000e+08
2.397431780000000000e+08
2.397438460000000000e+08
2.397438800000000000e+08
2.397463480000000000e+08
2.397464980000000000e+08
2.397466700000000000e+08
2.397466880000000000e+08
2.397840460000000000e+08
2.397840640000000000e+08
2.397847480000000000e+08
2.397848980000000000e+08
2.397873660000000000e+08
2.397874000000000000e+08
2.397875560000000000e+08
2.397877220000000000e+08
2.397881060000000000e+08
2.397881960000000000e+08
2.397888080000000000e+08
2.397890300000000000e+08
2.397914260000000000e+08
2.397915320000000000e+08
2.397916160000000000e+08
2.397918540000000000e+08
2.425037900000000000e+08
2.425038080000000000e+08
2.425044920000000000e+08
2.425046420000000000e+08
2.425071100000000000e+08
2.425071440000000000e+08
2.425073000000000000e+08
2.425074660000000000e+08
2.425078500000000000e+08
2.425079400000000000e+08
2.425085520000000000e+08
2.425087740000000000e+08
2.425111700000000000e+08
2.425112760000000000e+08
2.425113600000000000e+08
2.425115980000000000e+08
2.425159680000000000e+08
2.425162060000000000e+08
2.425168020000000000e+08
2.425169080000000000e+08
2.425193040000000000e+08
2.425195260000000000e+08
2.425196260000000000e+08
2.425197160000000000e+08
2.425282920000000000e+08
2.425284580000000000e+08
2.425291260000000000e+08
2.425291600000000000e+08
2.425316280000000000e+08
2.425317780000000000e+08
2.425319500000000000e+08
2.425319680000000000e+08
2.426842040000000000e+08
2.426843540000000000e+08
2.426845260000000000e+08
2.426845440000000000e+08
2.426870120000000000e+08
2.426871780000000000e+08
2.426878460000000000e+08
2.426878800000000000e+08
2.426882640000000000e+08
2.426884860000000000e+08
2.426885860000000000e+08
2.426886760000000000e+08
2.426910720000000000e+08
2.426913100000000000e+08
2.426919060000000000e+08
2.426920120000000000e+08
2.427292820000000000e+08
2.427293880000000000e+08
2.427294720000000000e+08
2.427297100000000000e+08
2.427321060000000000e+08
2.427321960000000000e+08
2.427328080000000000e+08
2.427330300000000000e+08
2.427416060000000000e+08
2.427416400000000000e+08
2.427417960000000000e+08
2.427419620000000000e+08
2.427444300000000000e+08
2.427444480000000000e+08
2.427451320000000000e+08
2.427452820000000000e+08
2.428327420000000000e+08
2.428327760000000000e+08
2.428329320000000000e+08
2.428330980000000000e+08
2.428335180000000000e+08
2.428335360000000000e+08
2.428342200000000000e+08
2.428343700000000000e+08
2.428368020000000000e+08
2.428369080000000000e+08
2.428369920000000000e+08
2.428372300000000000e+08
2.428375780000000000e+08
2.428376680000000000e+08
2.428382800000000000e+08
2.428385020000000000e+08
2.428449360000000000e+08
2.428451580000000000e+08
2.428452580000000000e+08
2.428453480000000000e+08
2.428456960000000000e+08
2.428459340000000000e+08
2.428465300000000000e+08
2.428466360000000000e+08
2.428572600000000000e+08
2.428574100000000000e+08
2.428575820000000000e+08
2.428576000000000000e+08
2.428580200000000000e+08
2.428581860000000000e+08
2.428588540000000000e+08
2.428588880000000000e+08
2.428815720000000000e+08
2.428817380000000000e+08
2.428824060000000000e+08
2.428824400000000000e+08
2.428828600000000000e+08
2.428830100000000000e+08
2.428831820000000000e+08
2.428832000000000000e+08
2.428856320000000000e+08
2.428858700000000000e+08
2.428864660000000000e+08
2.428865720000000000e+08
2.428869200000000000e+08
2.428871420000000000e+08
2.428872420000000000e+08
2.428873320000000000e+08
2.429266660000000000e+08
2.429267560000000000e+08
2.429273680000000000e+08
2.429275900000000000e+08
2.429279380000000000e+08
2.429280440000000000e+08
2.429281280000000000e+08
2.429283660000000000e+08
2.429389900000000000e+08
2.429390080000000000e+08
2.429396920000000000e+08
2.429398420000000000e+08
2.429402620000000000e+08
2.429402960000000000e+08
2.429404520000000000e+08
2.429406180000000000e+08
2.445855080000000000e+08
2.445856740000000000e+08
2.445863420000000000e+08
2.445863760000000000e+08
2.445867960000000000e+08
2.445869460000000000e+08
2.445871180000000000e+08
2.445871360000000000e+08
2.445895680000000000e+08
2.445898060000000000e+08
2.445904020000000000e+08
2.445905080000000000e+08
2.445908560000000000e+08
2.445910780000000000e+08
2.445911780000000000e+08
2.445912680000000000e+08
2.446306020000000000e+08
2.446306920000000000e+08
2.446313040000000000e+08
2.446315260000000000e+08
2.446318740000000000e+08
2.446319800000000000e+08
2.446320640000000000e+08
2.446323020000000000e+08
2.446429260000000000e+08
2.446429440000000000e+08
2.446436280000000000e+08
2.446437780000000000e+08
2.446441980000000000e+08
2.446442320000000000e+08
2.446443880000000000e+08
2.446445540000000000e+08
2.447988220000000000e+08
2.447988560000000000e+08
2.447990120000000000e+08
2.447991780000000000e+08
2.447995980000000000e+08
2.447996160000000000e+08
2.448003000000000000e+08
2.448004500000000000e+08
2.448028820000000000e+08
2.448029880000000000e+08
2.448030720000000000e+08
2.448033100000000000e+08
2.448036580000000000e+08
2.448037480000000000e+08
2.448043600000000000e+08
2.448045820000000000e+08
2.448110160000000000e+08
2.448112380000000000e+08
2.448113380000000000e+08
2.448114280000000000e+08
2.448117760000000000e+08
2.448120140000000000e+08
2.448126100000000000e+08
2.448127160000000000e+08
2.448233400000000000e+08
2.448234900000000000e+08
2.448236620000000000e+08
2.448236800000000000e+08
2.448241000000000000e+08
2.448242660000000000e+08
2.448249340000000000e+08
2.448249680000000000e+08
2.449124280000000000e+08
2.449125780000000000e+08
2.449127500000000000e+08
2.449127680000000000e+08
2.449152360000000000e+08
2.449154020000000000e+08
2.449160700000000000e+08
2.449161040000000000e+08
2.449164880000000000e+08
2.449167100000000000e+08
2.449168100000000000e+08
2.449169000000000000e+08
2.449192960000000000e+08
2.449195340000000000e+08
2.449201300000000000e+08
2.449202360000000000e+08
2.449575060000000000e+08
2.449576120000000000e+08
2.449576960000000000e+08
2.449579340000000000e+08
2.449603300000000000e+08
2.449604200000000000e+08
2.449610320000000000e+08
2.449612540000000000e+08
2.449698300000000000e+08
2.449698640000000000e+08
2.449700200000000000e+08
2.449701860000000000e+08
2.449726540000000000e+08
2.449726720000000000e+08
2.449733560000000000e+08
2.449735060000000000e+08
2.449941580000000000e+08
2.449941760000000000e+08
2.449948600000000000e+08
2.449950100000000000e+08
2.449974780000000000e+08
2.449975120000000000e+08
2.449976680000000000e+08
2.449978340000000000e+08
2.449982180000000000e+08
2.449983080000000000e+08
2.449989200000000000e+08
2.449991420000000000e+08
2.450015380000000000e+08
2.450016440000000000e+08
2.450017280000000000e+08
2.450019660000000000e+08
2.450063360000000000e+08
2.450065740000000000e+08
2.450071700000000000e+08
2.450072760000000000e+08
2.450096720000000000e+08
2.450098940000000000e+08
2.450099940000000000e+08
2.450100840000000000e+08
2.450186600000000000e+08
2.450188260000000000e+08
2.450194940000000000e+08
2.450195280000000000e+08
2.450219960000000000e+08
2.450221460000000000e+08
2.450223180000000000e+08
2.450223360000000000e+08
2.456289280000000000e+08
2.456291660000000000e+08
2.456297620000000000e+08
2.456298680000000000e+08
2.456322640000000000e+08
2.456324860000000000e+08
2.456325860000000000e+08
2.456326760000000000e+08
2.456412520000000000e+08
2.456414180000000000e+08
2.456420860000000000e+08
2.456421200000000000e+08
2.456445880000000000e+08
2.456447380000000000e+08
2.456449100000000000e+08
2.456449280000000000e+08
2.456822860000000000e+08
2.456823040000000000e+08
2.456829880000000000e+08
2.456831380000000000e+08
2.456856060000000000e+08
2.456856400000000000e+08
2.456857960000000000e+08
2.456859620000000000e+08
2.456863460000000000e+08
2.456864360000000000e+08
2.456870480000000000e+08
2.456872700000000000e+08
2.456896660000000000e+08
2.456897720000000000e+08
2.456898560000000000e+08
2.456900940000000000e+08
2.458422420000000000e+08
2.458423480000000000e+08
2.458424320000000000e+08
2.458426700000000000e+08
2.458450660000000000e+08
2.458451560000000000e+08
2.458457680000000000e+08
2.458459900000000000e+08
2.458545660000000000e+08
2.458546000000000000e+08
2.458547560000000000e+08
2.458549220000000000e+08
2.458573900000000000e+08
2.458574080000000000e+08
2.458580920000000000e+08
2.458582420000000000e+08
2.458627000000000000e+08
2.458628500000000000e+08
2.458630220000000000e+08
2.458630400000000000e+08
2.458655080000000000e+08
2.458656740000000000e+08
2.458663420000000000e+08
2.458663760000000000e+08
2.458667600000000000e+08
2.458669820000000000e+08
2.458670820000000000e+08
2.458671720000000000e+08
2.458695680000000000e+08
2.458698060000000000e+08
2.458704020000000000e+08
2.458705080000000000e+08
2.459578960000000000e+08
2.459581180000000000e+08
2.459582180000000000e+08
2.459583080000000000e+08
2.459586560000000000e+08
2.459588940000000000e+08
2.459594900000000000e+08
2.459595960000000000e+08
2.459702200000000000e+08
2.459703700000000000e+08
2.459705420000000000e+08
2.459705600000000000e+08
2.459709800000000000e+08
2.459711460000000000e+08
2.459718140000000000e+08
2.459718480000000000e+08
2.460112380000000000e+08
2.460112720000000000e+08
2.460114280000000000e+08
2.460115940000000000e+08
2.460120140000000000e+08
2.460120320000000000e+08
2.460127160000000000e+08
2.460128660000000000e+08
2.460152980000000000e+08
2.460154040000000000e+08
2.460154880000000000e+08
2.460157260000000000e+08
2.460160740000000000e+08
2.460161640000000000e+08
2.460167760000000000e+08
2.460169980000000000e+08
2.460396260000000000e+08
2.460397160000000000e+08
2.460403280000000000e+08
2.460405500000000000e+08
2.460408980000000000e+08
2.460410040000000000e+08
2.460410880000000000e+08
2.460413260000000000e+08
2.460519500000000000e+08
2.460519680000000000e+08
2.460526520000000000e+08
2.460528020000000000e+08
2.460532220000000000e+08
2.460532560000000000e+08
2.460534120000000000e+08
2.460535780000000000e+08
2.460600680000000000e+08
2.460602340000000000e+08
2.460609020000000000e+08
2.460609360000000000e+08
2.460613560000000000e+08
2.460615060000000000e+08
2.460616780000000000e+08
2.460616960000000000e+08
2.460641280000000000e+08
2.460643660000000000e+08
2.460649620000000000e+08
2.460650680000000000e+08
2.460654160000000000e+08
2.460656380000000000e+08
2.460657380000000000e+08
2.460658280000000000e+08
8.066222440000000000e+08
8.066224100000000000e+08
8.066230780000000000e+08
8.066231120000000000e+08
8.066235320000000000e+08
8.066236820000000000e+08
8.066238540000000000e+08
8.066238720000000000e+08
8.066263040000000000e+08
8.066265420000000000e+08
8.066271380000000000e+08
8.066272440000000000e+08
8.066275920000000000e+08
8.066278140000000000e+08
8.066279140000000000e+08
8.066280040000000000e+08
8.066673380000000000e+08
8.066674280000000000e+08
8.066680400000000000e+08
8.066682620000000000e+08
8.066686100000000000e+08
8.066687160000000000e+08
8.066688000000000000e+08
8.066690380000000000e+08
8.066796620000000000e+08
8.066796800000000000e+08
8.066803640000000000e+08
8.066805140000000000e+08
8.066809340000000000e+08
8.066809680000000000e+08
8.066811240000000000e+08
8.066812900000000000e+08
8.068355580000000000e+08
8.068355920000000000e+08
8.068357480000000000e+08
8.068359140000000000e+08
8.068363340000000000e+08
8.068363520000000000e+08
8.068370360000000000e+08
8.068371860000000000e+08
8.068396180000000000e+08
8.068397240000000000e+08
8.068398080000000000e+08
8.068400460000000000e+08
8.068403940000000000e+08
8.068404840000000000e+08
8.068410960000000000e+08
8.068413180000000000e+08
8.068477520000000000e+08
8.068479740000000000e+08
8.068480740000000000e+08
8.068481640000000000e+08
8.068485120000000000e+08
8.068487500000000000e+08
8.068493460000000000e+08
8.068494520000000000e+08
8.068600760000000000e+08
8.068602260000000000e+08
8.068603980000000000e+08
8.068604160000000000e+08
8.068608360000000000e+08
8.068610020000000000e+08
8.068616700000000000e+08
8.068617040000000000e+08
8.069491640000000000e+08
8.069493140000000000e+08
8.069494860000000000e+08
8.069495040000000000e+08
8.069519720000000000e+08
8.069521380000000000e+08
8.069528060000000000e+08
8.069528400000000000e+08
8.069532240000000000e+08
8.069534460000000000e+08
8.069535460000000000e+08
8.069536360000000000e+08
8.069560320000000000e+08
8.069562700000000000e+08
8.069568660000000000e+08
8.069569720000000000e+08
8.069942420000000000e+08
8.069943480000000000e+08
8.069944320000000000e+08
8.069946700000000000e+08
8.069970660000000000e+08
8.069971560000000000e+08
8.069977680000000000e+08
8.069979900000000000e+08
8.070065660000000000e+08
8.070066000000000000e+08
8.070067560000000000e+08
8.070069220000000000e+08
8.070093900000000000e+08
8.070094080000000000e+08
8.070100920000000000e+08
8.070102420000000000e+08
8.070308940000000000e+08
8.070309120000000000e+08
8.070315960000000000e+08
8.070317460000000000e+08
8.070342140000000000e+08
8.070342480000000000e+08
8.070344040000000000e+08
8.070345700000000000e+08
8.070349540000000000e+08
8.070350440000000000e+08
8.070356560000000000e+08
8.070358780000000000e+08
8.070382740000000000e+08
8.070383800000000000e+08
8.070384640000000000e+08
8.070387020000000000e+08
8.070430720000000000e+08
8.070433100000000000e+08
8.070439060000000000e+08
8.070440120000000000e+08
8.070464080000000000e+08
8.070466300000000000e+08
8.070467300000000000e+08
8.070468200000000000e+08
8.070553960000000000e+08
8.070555620000000000e+08
8.070562300000000000e+08
8.070562640000000000e+08
8.070587320000000000e+08
8.070588820000000000e+08
8.070590540000000000e+08
8.070590720000000000e+08
8.076656640000000000e+08
8.076659020000000000e+08
8.076664980000000000e+08
8.076666040000000000e+08
8.076690000000000000e+08
8.076692220000000000e+08
8.076693220000000000e+08
8.076694120000000000e+08
8.076779880000000000e+08
8.076781540000000000e+08
8.076788220000000000e+08
8.076788560000000000e+08
8.076813240000000000e+08
8.076814740000000000e+08
8.076816460000000000e+08
8.076816640000000000e+08
8.077190220000000000e+08
8.077190400000000000e+08
8.077197240000000000e+08
8.077198740000000000e+08
8.077223420000000000e+08
8.077223760000000000e+08
8.077225320000000000e+08
8.077226980000000000e+08
8.077230820000000000e+08
8.077231720000000000e+08
8.077237840000000000e+08
8.077240060000000000e+08
8.077264020000000000e+08
8.077265080000000000e+08
8.077265920000000000e+08
8.077268300000000000e+08
8.078789780000000000e+08
8.078790840000000000e+08
8.078791680000000000e+08
8.078794060000000000e+08
8.078818020000000000e+08
8.078818920000000000e+08
8.078825040000000000e+08
8.078827260000000000e+08
8.078913020000000000e+08
8.078913360000000000e+08
8.078914920000000000e+08
8.078916580000000000e+08
8.078941260000000000e+08
8.078941440000000000e+08
8.078948280000000000e+08
8.078949780000000000e+08
8.078994360000000000e+08
8.078995860000000000e+08
8.078997580000000000e+08
8.078997760000000000e+08
8.079022440000000000e+08
8.079024100000000000e+08
8.079030780000000000e+08
8.079031120000000000e+08
8.079034960000000000e+08
8.079037180000000000e+08
8.079038180000000000e+08
8.079039080000000000e+08
8.079063040000000000e+08
8.079065420000000000e+08
8.079071380000000000e+08
8.079072440000000000e+08
8.079946320000000000e+08
8.079948540000000000e+08
8.079949540000000000e+08
8.079950440000000000e+08
8.079953920000000000e+08
8.079956300000000000e+08
8.079962260000000000e+08
8.079963320000000000e+08
8.080069560000000000e+08
8.080071060000000000e+08
8.080072780000000000e+08
8.080072960000000000e+08
8.080077160000000000e+08
8.080078820000000000e+08
8.080085500000000000e+08
8.080085840000000000e+08
8.080479740000000000e+08
8.080480080000000000e+08
8.080481640000000000e+08
8.080483300000000000e+08
8.080487500000000000e+08
8.080487680000000000e+08
8.080494520000000000e+08
8.080496020000000000e+08
8.080520340000000000e+08
8.080521400000000000e+08
8.080522240000000000e+08
8.080524620000000000e+08
8.080528100000000000e+08
8.080529000000000000e+08
8.080535120000000000e+08
8.080537340000000000e+08
8.080763620000000000e+08
8.080764520000000000e+08
8.080770640000000000e+08
8.080772860000000000e+08
8.080776340000000000e+08
8.080777400000000000e+08
8.080778240000000000e+08
8.080780620000000000e+08
8.080886860000000000e+08
8.080887040000000000e+08
8.080893880000000000e+08
8.080895380000000000e+08
8.080899580000000000e+08
8.080899920000000000e+08
8.080901480000000000e+08
8.080903140000000000e+08
8.080968040000000000e+08
8.080969700000000000e+08
8.080976380000000000e+08
8.080976720000000000e+08
8.080980920000000000e+08
8.080982420000000000e+08
8.080984140000000000e+08
8.080984320000000000e+08
8.081008640000000000e+08
8.081011020000000000e+08
8.081016980000000000e+08
8.081018040000000000e+08
8.081021520000000000e+08
8.081023740000000000e+08
8.081024740000000000e+08
8.081025640000000000e+08
8.181689060000000000e+08
8.181689960000000000e+08
8.181696080000000000e+08
8.181698300000000000e+08
8.181701780000000000e+08
8.181702840000000000e+08
8.181703680000000000e+08
8.181706060000000000e+08
8.181812300000000000e+08
8.181812480000000000e+08
8.181819320000000000e+08
8.181820820000000000e+08
8.181825020000000000e+08
8.181825360000000000e+08
8.181826920000000000e+08
8.181828580000000000e+08
8.181893480000000000e+08
8.181895140000000000e+08
8.181901820000000000e+08
8.181902160000000000e+08
8.181906360000000000e+08
8.181907860000000000e+08
8.181909580000000000e+08
8.181909760000000000e+08
8.181934080000000000e+08
8.181936460000000000e+08
8.181942420000000000e+08
8.181943480000000000e+08
8.181946960000000000e+08
8.181949180000000000e+08
8.181950180000000000e+08
8.181951080000000000e+08
8.183493200000000000e+08
8.183495420000000000e+08
8.183496420000000000e+08
8.183497320000000000e+08
8.183500800000000000e+08
8.183503180000000000e+08
8.183509140000000000e+08
8.183510200000000000e+08
8.183616440000000000e+08
8.183617940000000000e+08
8.183619660000000000e+08
8.183619840000000000e+08
8.183624040000000000e+08
8.183625700000000000e+08
8.183632380000000000e+08
8.183632720000000000e+08
8.184026620000000000e+08
8.184026960000000000e+08
8.184028520000000000e+08
8.184030180000000000e+08
8.184034380000000000e+08
8.184034560000000000e+08
8.184041400000000000e+08
8.184042900000000000e+08
8.184067220000000000e+08
8.184068280000000000e+08
8.184069120000000000e+08
8.184071500000000000e+08
8.184074980000000000e+08
8.184075880000000000e+08
8.184082000000000000e+08
8.184084220000000000e+08
8.184958100000000000e+08
8.184959160000000000e+08
8.184960000000000000e+08
8.184962380000000000e+08
8.184986340000000000e+08
8.184987240000000000e+08
8.184993360000000000e+08
8.184995580000000000e+08
8.185081340000000000e+08
8.185081680000000000e+08
8.185083240000000000e+08
8.185084900000000000e+08
8.185109580000000000e+08
8.185109760000000000e+08
8.185116600000000000e+08
8.185118100000000000e+08
8.185162680000000000e+08
8.185164180000000000e+08
8.185165900000000000e+08
8.185166080000000000e+08
8.185190760000000000e+08
8.185192420000000000e+08
8.185199100000000000e+08
8.185199440000000000e+08
8.185203280000000000e+08
8.185205500000000000e+08
8.185206500000000000e+08
8.185207400000000000e+08
8.185231360000000000e+08
8.185233740000000000e+08
8.185239700000000000e+08
8.185240760000000000e+08
8.185446400000000000e+08
8.185448780000000000e+08
8.185454740000000000e+08
8.185455800000000000e+08
8.185479760000000000e+08
8.185481980000000000e+08
8.185482980000000000e+08
8.185483880000000000e+08
8.185569640000000000e+08
8.185571300000000000e+08
8.185577980000000000e+08
8.185578320000000000e+08
8.185603000000000000e+08
8.185604500000000000e+08
8.185606220000000000e+08
8.185606400000000000e+08
8.185979980000000000e+08
8.185980160000000000e+08
8.185987000000000000e+08
8.185988500000000000e+08
8.186013180000000000e+08
8.186013520000000000e+08
8.186015080000000000e+08
8.186016740000000000e+08
8.186020580000000000e+08
8.186021480000000000e+08
8.186027600000000000e+08
8.186029820000000000e+08
8.186053780000000000e+08
8.186054840000000000e+08
8.186055680000000000e+08
8.186058060000000000e+08
8.213177420000000000e+08
8.213177600000000000e+08
8.213184440000000000e+08
8.213185940000000000e+08
8.213210620000000000e+08
8.213210960000000000e+08
8.213212520000000000e+08
8.213214180000000000e+08
8.213218020000000000e+08
8.213218920000000000e+08
8.213225040000000000e+08
8.213227260000000000e+08
8.213251220000000000e+08
8.213252280000000000e+08
8.213253120000000000e+08
8.213255500000000000e+08
8.213299200000000000e+08
8.213301580000000000e+08
8.213307540000000000e+08
8.213308600000000000e+08
8.213332560000000000e+08
8.213334780000000000e+08
8.213335780000000000e+08
8.213336680000000000e+08
8.213422440000000000e+08
8.213424100000000000e+08
8.213430780000000000e+08
8.213431120000000000e+08
8.213455800000000000e+08
8.213457300000000000e+08
8.213459020000000000e+08
8.213459200000000000e+08
8.214981560000000000e+08
8.214983060000000000e+08
8.214984780000000000e+08
8.214984960000000000e+08
8.215009640000000000e+08
8.215011300000000000e+08
8.215017980000000000e+08
8.215018320000000000e+08
8.215022160000000000e+08
8.215024380000000000e+08
8.215025380000000000e+08
8.215026280000000000e+08
8.215050240000000000e+08
8.215052620000000000e+08
8.215058580000000000e+08
8.215059640000000000e+08
8.215432340000000000e+08
8.215433400000000000e+08
8.215434240000000000e+08
8.215436620000000000e+08
8.215460580000000000e+08
8.215461480000000000e+08
8.215467600000000000e+08
8.215469820000000000e+08
8.215555580000000000e+08
8.215555920000000000e+08
8.215557480000000000e+08
8.215559140000000000e+08
8.215583820000000000e+08
8.215584000000000000e+08
8.215590840000000000e+08
8.215592340000000000e+08
8.216466940000000000e+08
8.216467280000000000e+08
8.216468840000000000e+08
8.216470500000000000e+08
8.216474700000000000e+08
8.216474880000000000e+08
8.216481720000000000e+08
8.216483220000000000e+08
8.216507540000000000e+08
8.216508600000000000e+08
8.216509440000000000e+08
8.216511820000000000e+08
8.216515300000000000e+08
8.216516200000000000e+08
8.216522320000000000e+08
8.216524540000000000e+08
8.216588880000000000e+08
8.216591100000000000e+08
8.216592100000000000e+08
8.216593000000000000e+08
8.216596480000000000e+08
8.216598860000000000e+08
8.216604820000000000e+08
8.216605880000000000e+08
8.216712120000000000e+08
8.216713620000000000e+08
8.216715340000000000e+08
8.216715520000000000e+08
8.216719720000000000e+08
8.216721380000000000e+08
8.216728060000000000e+08
8.216728400000000000e+08
8.216955240000000000e+08
8.216956900000000000e+08
8.216963580000000000e+08
8.216963920000000000e+08
8.216968120000000000e+08
8.216969620000000000e+08
8.216971340000000000e+08
8.216971520000000000e+08
8.216995840000000000e+08
8.216998220000000000e+08
8.217004180000000000e+08
8.217005240000000000e+08
8.217008720000000000e+08
8.217010940000000000e+08
8.217011940000000000e+08
8.217012840000000000e+08
8.217406180000000000e+08
8.217407080000000000e+08
8.217413200000000000e+08
8.217415420000000000e+08
8.217418900000000000e+08
8.217419960000000000e+08
8.217420800000000000e+08
8.217423180000000000e+08
8.217529420000000000e+08
8.217529600000000000e+08
8.217536440000000000e+08
8.217537940000000000e+08
8.217542140000000000e+08
8.217542480000000000e+08
8.217544040000000000e+08
8.217545700000000000e+08
8.612304380000000000e+08
8.612304720000000000e+08
8.612306280000000000e+08
8.612307940000000000e+08
8.612312140000000000e+08
8.612312320000000000e+08
8.612319160000000000e+08
8.612320660000000000e+08
8.612344980000000000e+08
8.612346040000000000e+08
8.612346880000000000e+08
8.612349260000000000e+08
8.612352740000000000e+08
8.612353640000000000e+08
8.612359760000000000e+08
8.612361980000000000e+08
8.612426320000000000e+08
8.612428540000000000e+08
8.612429540000000000e+08
8.612430440000000000e+08
8.612433920000000000e+08
8.612436300000000000e+08
8.612442260000000000e+08
8.612443320000000000e+08
8.612549560000000000e+08
8.612551060000000000e+08
8.612552780000000000e+08
8.612552960000000000e+08
8.612557160000000000e+08
8.612558820000000000e+08
8.612565500000000000e+08
8.612565840000000000e+08
8.612792680000000000e+08
8.612794340000000000e+08
8.612801020000000000e+08
8.612801360000000000e+08
8.612805560000000000e+08
8.612807060000000000e+08
8.612808780000000000e+08
8.612808960000000000e+08
8.612833280000000000e+08
8.612835660000000000e+08
8.612841620000000000e+08
8.612842680000000000e+08
8.612846160000000000e+08
8.612848380000000000e+08
8.612849380000000000e+08
8.612850280000000000e+08
8.613243620000000000e+08
8.613244520000000000e+08
8.613250640000000000e+08
8.613252860000000000e+08
8.613256340000000000e+08
8.613257400000000000e+08
8.613258240000000000e+08
8.613260620000000000e+08
8.613366860000000000e+08
8.613367040000000000e+08
8.613373880000000000e+08
8.613375380000000000e+08
8.613379580000000000e+08
8.613379920000000000e+08
8.613381480000000000e+08
8.613383140000000000e+08
8.614257740000000000e+08
8.614257920000000000e+08
8.614264760000000000e+08
8.614266260000000000e+08
8.614290940000000000e+08
8.614291280000000000e+08
8.614292840000000000e+08
8.614294500000000000e+08
8.614298340000000000e+08
8.614299240000000000e+08
8.614305360000000000e+08
8.614307580000000000e+08
8.614331540000000000e+08
8.614332600000000000e+08
8.614333440000000000e+08
8.614335820000000000e+08
8.614379520000000000e+08
8.614381900000000000e+08
8.614387860000000000e+08
8.614388920000000000e+08
8.614412880000000000e+08
8.614415100000000000e+08
8.614416100000000000e+08
8.614417000000000000e+08
8.614502760000000000e+08
8.614504420000000000e+08
8.614511100000000000e+08
8.614511440000000000e+08
8.614536120000000000e+08
8.614537620000000000e+08
8.614539340000000000e+08
8.614539520000000000e+08
8.616061880000000000e+08
8.616063380000000000e+08
8.616065100000000000e+08
8.616065280000000000e+08
8.616089960000000000e+08
8.616091620000000000e+08
8.616098300000000000e+08
8.616098640000000000e+08
8.616102480000000000e+08
8.616104700000000000e+08
8.616105700000000000e+08
8.616106600000000000e+08
8.616130560000000000e+08
8.616132940000000000e+08
8.616138900000000000e+08
8.616139960000000000e+08
8.616512660000000000e+08
8.616513720000000000e+08
8.616514560000000000e+08
8.616516940000000000e+08
8.616540900000000000e+08
8.616541800000000000e+08
8.616547920000000000e+08
8.616550140000000000e+08
8.616635900000000000e+08
8.616636240000000000e+08
8.616637800000000000e+08
8.616639460000000000e+08
8.616664140000000000e+08
8.616664320000000000e+08
8.616671160000000000e+08
8.616672660000000000e+08
8.622738580000000000e+08
8.622739640000000000e+08
8.622740480000000000e+08
8.622742860000000000e+08
8.622766820000000000e+08
8.622767720000000000e+08
8.622773840000000000e+08
8.622776060000000000e+08
8.622861820000000000e+08
8.622862160000000000e+08
8.622863720000000000e+08
8.622865380000000000e+08
8.622890060000000000e+08
8.622890240000000000e+08
8.622897080000000000e+08
8.622898580000000000e+08
8.622943160000000000e+08
8.622944660000000000e+08
8.622946380000000000e+08
8.622946560000000000e+08
8.622971240000000000e+08
8.622972900000000000e+08
8.622979580000000000e+08
8.622979920000000000e+08
8.622983760000000000e+08
8.622985980000000000e+08
8.622986980000000000e+08
8.622987880000000000e+08
8.623011840000000000e+08
8.623014220000000000e+08
8.623020180000000000e+08
8.623021240000000000e+08
8.623226880000000000e+08
8.623229260000000000e+08
8.623235220000000000e+08
8.623236280000000000e+08
8.623260240000000000e+08
8.623262460000000000e+08
8.623263460000000000e+08
8.623264360000000000e+08
8.623350120000000000e+08
8.623351780000000000e+08
8.623358460000000000e+08
8.623358800000000000e+08
8.623383480000000000e+08
8.623384980000000000e+08
8.623386700000000000e+08
8.623386880000000000e+08
8.623760460000000000e+08
8.623760640000000000e+08
8.623767480000000000e+08
8.623768980000000000e+08
8.623793660000000000e+08
8.623794000000000000e+08
8.623795560000000000e+08
8.623797220000000000e+08
8.623801060000000000e+08
8.623801960000000000e+08
8.623808080000000000e+08
8.623810300000000000e+08
8.623834260000000000e+08
8.623835320000000000e+08
8.623836160000000000e+08
8.623838540000000000e+08
8.624712420000000000e+08
8.624713320000000000e+08
8.624719440000000000e+08
8.624721660000000000e+08
8.624725140000000000e+08
8.624726200000000000e+08
8.624727040000000000e+08
8.624729420000000000e+08
8.624835660000000000e+08
8.624835840000000000e+08
8.624842680000000000e+08
8.624844180000000000e+08
8.624848380000000000e+08
8.624848720000000000e+08
8.624850280000000000e+08
8.624851940000000000e+08
8.624916840000000000e+08
8.624918500000000000e+08
8.624925180000000000e+08
8.624925520000000000e+08
8.624929720000000000e+08
8.624931220000000000e+08
8.624932940000000000e+08
8.624933120000000000e+08
8.624957440000000000e+08
8.624959820000000000e+08
8.624965780000000000e+08
8.624966840000000000e+08
8.624970320000000000e+08
8.624972540000000000e+08
8.624973540000000000e+08
8.624974440000000000e+08
8.626516560000000000e+08
8.626518780000000000e+08
8.626519780000000000e+08
8.626520680000000000e+08
8.626524160000000000e+08
8.626526540000000000e+08
8.626532500000000000e+08
8.626533560000000000e+08
8.626639800000000000e+08
8.626641300000000000e+08
8.626643020000000000e+08
8.626643200000000000e+08
8.626647400000000000e+08
8.626649060000000000e+08
8.626655740000000000e+08
8.626656080000000000e+08
8.627049980000000000e+08
8.627050320000000000e+08
8.627051880000000000e+08
8.627053540000000000e+08
8.627057740000000000e+08
8.627057920000000000e+08
8.627064760000000000e+08
8.627066260000000000e+08
8.627090580000000000e+08
8.627091640000000000e+08
8.627092480000000000e+08
8.627094860000000000e+08
8.627098340000000000e+08
8.627099240000000000e+08
8.627105360000000000e+08
8.627107580000000000e+08
8.643555920000000000e+08
8.643558140000000000e+08
8.643559140000000000e+08
8.643560040000000000e+08
8.643563520000000000e+08
8.643565900000000000e+08
8.643571860000000000e+08
8.643572920000000000e+08
8.643679160000000000e+08
8.643680660000000000e+08
8.643682380000000000e+08
8.643682560000000000e+08
8.643686760000000000e+08
8.643688420000000000e+08
8.643695100000000000e+08
8.643695440000000000e+08
8.644089340000000000e+08
8.644089680000000000e+08
8.644091240000000000e+08
8.644092900000000000e+08
8.644097100000000000e+08
8.644097280000000000e+08
8.644104120000000000e+08
8.644105620000000000e+08
8.644129940000000000e+08
8.644131000000000000e+08
8.644131840000000000e+08
8.644134220000000000e+08
8.644137700000000000e+08
8.644138600000000000e+08
8.644144720000000000e+08
8.644146940000000000e+08
8.644373220000000000e+08
8.644374120000000000e+08
8.644380240000000000e+08
8.644382460000000000e+08
8.644385940000000000e+08
8.644387000000000000e+08
8.644387840000000000e+08
8.644390220000000000e+08
8.644496460000000000e+08
8.644496640000000000e+08
8.644503480000000000e+08
8.644504980000000000e+08
8.644509180000000000e+08
8.644509520000000000e+08
8.644511080000000000e+08
8.644512740000000000e+08
8.644577640000000000e+08
8.644579300000000000e+08
8.644585980000000000e+08
8.644586320000000000e+08
8.644590520000000000e+08
8.644592020000000000e+08
8.644593740000000000e+08
8.644593920000000000e+08
8.644618240000000000e+08
8.644620620000000000e+08
8.644626580000000000e+08
8.644627640000000000e+08
8.644631120000000000e+08
8.644633340000000000e+08
8.644634340000000000e+08
8.644635240000000000e+08
8.645509120000000000e+08
8.645511500000000000e+08
8.645517460000000000e+08
8.645518520000000000e+08
8.645542480000000000e+08
8.645544700000000000e+08
8.645545700000000000e+08
8.645546600000000000e+08
8.645632360000000000e+08
8.645634020000000000e+08
8.645640700000000000e+08
8.645641040000000000e+08
8.645665720000000000e+08
8.645667220000000000e+08
8.645668940000000000e+08
8.645669120000000000e+08
8.646042700000000000e+08
8.646042880000000000e+08
8.646049720000000000e+08
8.646051220000000000e+08
8.646075900000000000e+08
8.646076240000000000e+08
8.646077800000000000e+08
8.646079460000000000e+08
8.646083300000000000e+08
8.646084200000000000e+08
8.646090320000000000e+08
8.646092540000000000e+08
8.646116500000000000e+08
8.646117560000000000e+08
8.646118400000000000e+08
8.646120780000000000e+08
8.647642260000000000e+08
8.647643320000000000e+08
8.647644160000000000e+08
8.647646540000000000e+08
8.647670500000000000e+08
8.647671400000000000e+08
8.647677520000000000e+08
8.647679740000000000e+08
8.647765500000000000e+08
8.647765840000000000e+08
8.647767400000000000e+08
8.647769060000000000e+08
8.647793740000000000e+08
8.647793920000000000e+08
8.647800760000000000e+08
8.647802260000000000e+08
8.647846840000000000e+08
8.647848340000000000e+08
8.647850060000000000e+08
8.647850240000000000e+08
8.647874920000000000e+08
8.647876580000000000e+08
8.647883260000000000e+08
8.647883600000000000e+08
8.647887440000000000e+08
8.647889660000000000e+08
8.647890660000000000e+08
8.647891560000000000e+08
8.647915520000000000e+08
8.647917900000000000e+08
8.647923860000000000e+08
8.647924920000000000e+08
8.675044280000000000e+08
8.675045780000000000e+08
8.675047500000000000e+08
8.675047680000000000e+08
8.675072360000000000e+08
8.675074020000000000e+08
8.675080700000000000e+08
8.675081040000000000e+08
8.675084880000000000e+08
8.675087100000000000e+08
8.675088100000000000e+08
8.675089000000000000e+08
8.675112960000000000e+08
8.675115340000000000e+08
8.675121300000000000e+08
8.675122360000000000e+08
8.675495060000000000e+08
8.675496120000000000e+08
8.675496960000000000e+08
8.675499340000000000e+08
8.675523300000000000e+08
8.675524200000000000e+08
8.675530320000000000e+08
8.675532540000000000e+08
8.675618300000000000e+08
8.675618640000000000e+08
8.675620200000000000e+08
8.675621860000000000e+08
8.675646540000000000e+08
8.675646720000000000e+08
8.675653560000000000e+08
8.675655060000000000e+08
8.675861580000000000e+08
8.675861760000000000e+08
8.675868600000000000e+08
8.675870100000000000e+08
8.675894780000000000e+08
8.675895120000000000e+08
8.675896680000000000e+08
8.675898340000000000e+08
8.675902180000000000e+08
8.675903080000000000e+08
8.675909200000000000e+08
8.675911420000000000e+08
8.675935380000000000e+08
8.675936440000000000e+08
8.675937280000000000e+08
8.675939660000000000e+08
8.675983360000000000e+08
8.675985740000000000e+08
8.675991700000000000e+08
8.675992760000000000e+08
8.676016720000000000e+08
8.676018940000000000e+08
8.676019940000000000e+08
8.676020840000000000e+08
8.676106600000000000e+08
8.676108260000000000e+08
8.676114940000000000e+08
8.676115280000000000e+08
8.676139960000000000e+08
8.676141460000000000e+08
8.676143180000000000e+08
8.676143360000000000e+08
8.677017960000000000e+08
8.677019620000000000e+08
8.677026300000000000e+08
8.677026640000000000e+08
8.677030840000000000e+08
8.677032340000000000e+08
8.677034060000000000e+08
8.677034240000000000e+08
8.677058560000000000e+08
8.677060940000000000e+08
8.677066900000000000e+08
8.677067960000000000e+08
8.677071440000000000e+08
8.677073660000000000e+08
8.677074660000000000e+08
8.677075560000000000e+08
8.677468900000000000e+08
8.677469800000000000e+08
8.677475920000000000e+08
8.677478140000000000e+08
8.677481620000000000e+08
8.677482680000000000e+08
8.677483520000000000e+08
8.677485900000000000e+08
8.677592140000000000e+08
8.677592320000000000e+08
8.677599160000000000e+08
8.677600660000000000e+08
8.677604860000000000e+08
8.677605200000000000e+08
8.677606760000000000e+08
8.677608420000000000e+08
8.679151100000000000e+08
8.679151440000000000e+08
8.679153000000000000e+08
8.679154660000000000e+08
8.679158860000000000e+08
8.679159040000000000e+08
8.679165880000000000e+08
8.679167380000000000e+08
8.679191700000000000e+08
8.679192760000000000e+08
8.679193600000000000e+08
8.679195980000000000e+08
8.679199460000000000e+08
8.679200360000000000e+08
8.679206480000000000e+08
8.679208700000000000e+08
8.679273040000000000e+08
8.679275260000000000e+08
8.679276260000000000e+08
8.679277160000000000e+08
8.679280640000000000e+08
8.679283020000000000e+08
8.679288980000000000e+08
8.679290040000000000e+08
8.679396280000000000e+08
8.679397780000000000e+08
8.679399500000000000e+08
8.679399680000000000e+08
8.679403880000000000e+08
8.679405540000000000e+08
8.679412220000000000e+08
8.679412560000000000e+08
1.024528684000000000e+09
1.024528834000000000e+09
1.024529006000000000e+09
1.024529024000000000e+09
1.024531492000000000e+09
1.024531658000000000e+09
1.024532326000000000e+09
1.024532360000000000e+09
1.024532744000000000e+09
1.024532966000000000e+09
1.024533066000000000e+09
1.024533156000000000e+09
1.024535552000000000e+09
1.024535790000000000e+09
1.024536386000000000e+09
1.024536492000000000e+09
1.024573762000000000e+09
1.024573868000000000e+09
1.024573952000000000e+09
1.024574190000000000e+09
1.024576586000000000e+09
1.024576676000000000e+09
1.024577288000000000e+09
1.024577510000000000e+09
1.024586086000000000e+09
1.024586120000000000e+09
1.024586276000000000e+09
1.024586442000000000e+09
1.024588910000000000e+09
1.024588928000000000e+09
1.024589612000000000e+09
1.024589762000000000e+09
1.024610414000000000e+09
1.024610432000000000e+09
1.024611116000000000e+09
1.024611266000000000e+09
1.024613734000000000e+09
1.024613768000000000e+09
1.024613924000000000e+09
1.024614090000000000e+09
1.024614474000000000e+09
1.024614564000000000e+09
1.024615176000000000e+09
1.024615398000000000e+09
1.024617794000000000e+09
1.024617900000000000e+09
1.024617984000000000e+09
1.024618222000000000e+09
1.024622592000000000e+09
1.024622830000000000e+09
1.024623426000000000e+09
1.024623532000000000e+09
1.024625928000000000e+09
1.024626150000000000e+09
1.024626250000000000e+09
1.024626340000000000e+09
1.024634916000000000e+09
1.024635082000000000e+09
1.024635750000000000e+09
1.024635784000000000e+09
1.024638252000000000e+09
1.024638402000000000e+09
1.024638574000000000e+09
1.024638592000000000e+09
1.025250340000000000e+09
1.025250506000000000e+09
1.025251174000000000e+09
1.025251208000000000e+09
1.025251628000000000e+09
1.025251778000000000e+09
1.025251950000000000e+09
1.025251968000000000e+09
1.025254400000000000e+09
1.025254638000000000e+09
1.025255234000000000e+09
1.025255340000000000e+09
1.025255688000000000e+09
1.025255910000000000e+09
1.025256010000000000e+09
1.025256100000000000e+09
1.025295434000000000e+09
1.025295524000000000e+09
1.025296136000000000e+09
1.025296358000000000e+09
1.025296706000000000e+09
1.025296812000000000e+09
1.025296896000000000e+09
1.025297134000000000e+09
1.025307758000000000e+09
1.025307776000000000e+09
1.025308460000000000e+09
1.025308610000000000e+09
1.025309030000000000e+09
1.025309064000000000e+09
1.025309220000000000e+09
1.025309386000000000e+09
1.025463654000000000e+09
1.025463688000000000e+09
1.025463844000000000e+09
1.025464010000000000e+09
1.025464430000000000e+09
1.025464448000000000e+09
1.025465132000000000e+09
1.025465282000000000e+09
1.025467714000000000e+09
1.025467820000000000e+09
1.025467904000000000e+09
1.025468142000000000e+09
1.025468490000000000e+09
1.025468580000000000e+09
1.025469192000000000e+09
1.025469414000000000e+09
1.025475848000000000e+09
1.025476070000000000e+09
1.025476170000000000e+09
1.025476260000000000e+09
1.025476608000000000e+09
1.025476846000000000e+09
1.025477442000000000e+09
1.025477548000000000e+09
1.025488172000000000e+09
1.025488322000000000e+09
1.025488494000000000e+09
1.025488512000000000e+09
1.025488932000000000e+09
1.025489098000000000e+09
1.025489766000000000e+09
1.025489800000000000e+09
1.025574152000000000e+09
1.025574374000000000e+09
1.025574474000000000e+09
1.025574564000000000e+09
1.025574912000000000e+09
1.025575150000000000e+09
1.025575746000000000e+09
1.025575852000000000e+09
1.025586476000000000e+09
1.025586626000000000e+09
1.025586798000000000e+09
1.025586816000000000e+09
1.025587236000000000e+09
1.025587402000000000e+09
1.025588070000000000e+09
1.025588104000000000e+09
1.025627494000000000e+09
1.025627528000000000e+09
1.025627684000000000e+09
1.025627850000000000e+09
1.025628270000000000e+09
1.025628288000000000e+09
1.025628972000000000e+09
1.025629122000000000e+09
1.025631554000000000e+09
1.025631660000000000e+09
1.025631744000000000e+09
1.025631982000000000e+09
1.025632330000000000e+09
1.025632420000000000e+09
1.025633032000000000e+09
1.025633254000000000e+09
1.025655882000000000e+09
1.025655972000000000e+09
1.025656584000000000e+09
1.025656806000000000e+09
1.025657154000000000e+09
1.025657260000000000e+09
1.025657344000000000e+09
1.025657582000000000e+09
1.025668206000000000e+09
1.025668224000000000e+09
1.025668908000000000e+09
1.025669058000000000e+09
1.025669478000000000e+09
1.025669512000000000e+09
1.025669668000000000e+09
1.025669834000000000e+09
1.025676324000000000e+09
1.025676490000000000e+09
1.025677158000000000e+09
1.025677192000000000e+09
1.025677612000000000e+09
1.025677762000000000e+09
1.025677934000000000e+09
1.025677952000000000e+09
1.025680384000000000e+09
1.025680622000000000e+09
1.025681218000000000e+09
1.025681324000000000e+09
1.025681672000000000e+09
1.025681894000000000e+09
1.025681994000000000e+09
1.025682084000000000e+09
1.026293760000000000e+09
1.026293998000000000e+09
1.026294594000000000e+09
1.026294700000000000e+09
1.026297096000000000e+09
1.026297318000000000e+09
1.026297418000000000e+09
1.026297508000000000e+09
1.026306084000000000e+09
1.026306250000000000e+09
1.026306918000000000e+09
1.026306952000000000e+09
1.026309420000000000e+09
1.026309570000000000e+09
1.026309742000000000e+09
1.026309760000000000e+09
1.026347118000000000e+09
1.026347136000000000e+09
1.026347820000000000e+09
1.026347970000000000e+09
1.026350438000000000e+09
1.026350472000000000e+09
1.026350628000000000e+09
1.026350794000000000e+09
1.026351178000000000e+09
1.026351268000000000e+09
1.026351880000000000e+09
1.026352102000000000e+09
1.026354498000000000e+09
1.026354604000000000e+09
1.026354688000000000e+09
1.026354926000000000e+09
1.026507074000000000e+09
1.026507180000000000e+09
1.026507264000000000e+09
1.026507502000000000e+09
1.026509898000000000e+09
1.026509988000000000e+09
1.026510600000000000e+09
1.026510822000000000e+09
1.026519398000000000e+09
1.026519432000000000e+09
1.026519588000000000e+09
1.026519754000000000e+09
1.026522222000000000e+09
1.026522240000000000e+09
1.026522924000000000e+09
1.026523074000000000e+09
1.026527532000000000e+09
1.026527682000000000e+09
1.026527854000000000e+09
1.026527872000000000e+09
1.026530340000000000e+09
1.026530506000000000e+09
1.026531174000000000e+09
1.026531208000000000e+09
1.026531592000000000e+09
1.026531814000000000e+09
1.026531914000000000e+09
1.026532004000000000e+09
1.026534400000000000e+09
1.026534638000000000e+09
1.026535234000000000e+09
1.026535340000000000e+09
1.036075330000000000e+09
1.036075436000000000e+09
1.036075520000000000e+09
1.036075758000000000e+09
1.036078154000000000e+09
1.036078244000000000e+09
1.036078856000000000e+09
1.036079078000000000e+09
1.036087654000000000e+09
1.036087688000000000e+09
1.036087844000000000e+09
1.036088010000000000e+09
1.036090478000000000e+09
1.036090496000000000e+09
1.036091180000000000e+09
1.036091330000000000e+09
1.036095788000000000e+09
1.036095938000000000e+09
1.036096110000000000e+09
1.036096128000000000e+09
1.036098596000000000e+09
1.036098762000000000e+09
1.036099430000000000e+09
1.036099464000000000e+09
1.036099848000000000e+09
1.036100070000000000e+09
1.036100170000000000e+09
1.036100260000000000e+09
1.036102656000000000e+09
1.036102894000000000e+09
1.036103490000000000e+09
1.036103596000000000e+09
1.036124160000000000e+09
1.036124398000000000e+09
1.036124994000000000e+09
1.036125100000000000e+09
1.036127496000000000e+09
1.036127718000000000e+09
1.036127818000000000e+09
1.036127908000000000e+09
1.036136484000000000e+09
1.036136650000000000e+09
1.036137318000000000e+09
1.036137352000000000e+09
1.036139820000000000e+09
1.036139970000000000e+09
1.036140142000000000e+09
1.036140160000000000e+09
1.036177518000000000e+09
1.036177536000000000e+09
1.036178220000000000e+09
1.036178370000000000e+09
1.036180838000000000e+09
1.036180872000000000e+09
1.036181028000000000e+09
1.036181194000000000e+09
1.036181578000000000e+09
1.036181668000000000e+09
1.036182280000000000e+09
1.036182502000000000e+09
1.036184898000000000e+09
1.036185004000000000e+09
1.036185088000000000e+09
1.036185326000000000e+09
1.036797002000000000e+09
1.036797092000000000e+09
1.036797704000000000e+09
1.036797926000000000e+09
1.036798274000000000e+09
1.036798380000000000e+09
1.036798464000000000e+09
1.036798702000000000e+09
1.036809326000000000e+09
1.036809344000000000e+09
1.036810028000000000e+09
1.036810178000000000e+09
1.036810598000000000e+09
1.036810632000000000e+09
1.036810788000000000e+09
1.036810954000000000e+09
1.036817444000000000e+09
1.036817610000000000e+09
1.036818278000000000e+09
1.036818312000000000e+09
1.036818732000000000e+09
1.036818882000000000e+09
1.036819054000000000e+09
1.036819072000000000e+09
1.036821504000000000e+09
1.036821742000000000e+09
1.036822338000000000e+09
1.036822444000000000e+09
1.036822792000000000e+09
1.036823014000000000e+09
1.036823114000000000e+09
1.036823204000000000e+09
1.036977416000000000e+09
1.036977638000000000e+09
1.036977738000000000e+09
1.036977828000000000e+09
1.036978176000000000e+09
1.036978414000000000e+09
1.036979010000000000e+09
1.036979116000000000e+09
1.036989740000000000e+09
1.036989890000000000e+09
1.036990062000000000e+09
1.036990080000000000e+09
1.036990500000000000e+09
1.036990666000000000e+09
1.036991334000000000e+09
1.036991368000000000e+09
1.037030758000000000e+09
1.037030792000000000e+09
1.037030948000000000e+09
1.037031114000000000e+09
1.037031534000000000e+09
1.037031552000000000e+09
1.037032236000000000e+09
1.037032386000000000e+09
1.037034818000000000e+09
1.037034924000000000e+09
1.037035008000000000e+09
1.037035246000000000e+09
1.037035594000000000e+09
1.037035684000000000e+09
1.037036296000000000e+09
1.037036518000000000e+09
1.039226214000000000e+09
1.039226248000000000e+09
1.039226404000000000e+09
1.039226570000000000e+09
1.039226990000000000e+09
1.039227008000000000e+09
1.039227692000000000e+09
1.039227842000000000e+09
1.039230274000000000e+09
1.039230380000000000e+09
1.039230464000000000e+09
1.039230702000000000e+09
1.039231050000000000e+09
1.039231140000000000e+09
1.039231752000000000e+09
1.039231974000000000e+09
1.039238408000000000e+09
1.039238630000000000e+09
1.039238730000000000e+09
1.039238820000000000e+09
1.039239168000000000e+09
1.039239406000000000e+09
1.039240002000000000e+09
1.039240108000000000e+09
1.039250732000000000e+09
1.039250882000000000e+09
1.039251054000000000e+09
1.039251072000000000e+09
1.039251492000000000e+09
1.039251658000000000e+09
1.039252326000000000e+09
1.039252360000000000e+09
1.039275044000000000e+09
1.039275210000000000e+09
1.039275878000000000e+09
1.039275912000000000e+09
1.039276332000000000e+09
1.039276482000000000e+09
1.039276654000000000e+09
1.039276672000000000e+09
1.039279104000000000e+09
1.039279342000000000e+09
1.039279938000000000e+09
1.039280044000000000e+09
1.039280392000000000e+09
1.039280614000000000e+09
1.039280714000000000e+09
1.039280804000000000e+09
1.039320138000000000e+09
1.039320228000000000e+09
1.039320840000000000e+09
1.039321062000000000e+09
1.039321410000000000e+09
1.039321516000000000e+09
1.039321600000000000e+09
1.039321838000000000e+09
1.039332462000000000e+09
1.039332480000000000e+09
1.039333164000000000e+09
1.039333314000000000e+09
1.039333734000000000e+09
1.039333768000000000e+09
1.039333924000000000e+09
1.039334090000000000e+09
1.039945838000000000e+09
1.039945856000000000e+09
1.039946540000000000e+09
1.039946690000000000e+09
1.039949158000000000e+09
1.039949192000000000e+09
1.039949348000000000e+09
1.039949514000000000e+09
1.039949898000000000e+09
1.039949988000000000e+09
1.039950600000000000e+09
1.039950822000000000e+09
1.039953218000000000e+09
1.039953324000000000e+09
1.039953408000000000e+09
1.039953646000000000e+09
1.039958016000000000e+09
1.039958254000000000e+09
1.039958850000000000e+09
1.039958956000000000e+09
1.039961352000000000e+09
1.039961574000000000e+09
1.039961674000000000e+09
1.039961764000000000e+09
1.039970340000000000e+09
1.039970506000000000e+09
1.039971174000000000e+09
1.039971208000000000e+09
1.039973676000000000e+09
1.039973826000000000e+09
1.039973998000000000e+09
1.039974016000000000e+09
1.040126252000000000e+09
1.040126402000000000e+09
1.040126574000000000e+09
1.040126592000000000e+09
1.040129060000000000e+09
1.040129226000000000e+09
1.040129894000000000e+09
1.040129928000000000e+09
1.040130312000000000e+09
1.040130534000000000e+09
1.040130634000000000e+09
1.040130724000000000e+09
1.040133120000000000e+09
1.040133358000000000e+09
1.040133954000000000e+09
1.040134060000000000e+09
1.040171330000000000e+09
1.040171436000000000e+09
1.040171520000000000e+09
1.040171758000000000e+09
1.040174154000000000e+09
1.040174244000000000e+09
1.040174856000000000e+09
1.040175078000000000e+09
1.040183654000000000e+09
1.040183688000000000e+09
1.040183844000000000e+09
1.040184010000000000e+09
1.040186478000000000e+09
1.040186496000000000e+09
1.040187180000000000e+09
1.040187330000000000e+09
1.045450862000000000e+09
1.045450880000000000e+09
1.045451564000000000e+09
1.045451714000000000e+09
1.045454182000000000e+09
1.045454216000000000e+09
1.045454372000000000e+09
1.045454538000000000e+09
1.045454922000000000e+09
1.045455012000000000e+09
1.045455624000000000e+09
1.045455846000000000e+09
1.045458242000000000e+09
1.045458348000000000e+09
1.045458432000000000e+09
1.045458670000000000e+09
1.045463040000000000e+09
1.045463278000000000e+09
1.045463874000000000e+09
1.045463980000000000e+09
1.045466376000000000e+09
1.045466598000000000e+09
1.045466698000000000e+09
1.045466788000000000e+09
1.045475364000000000e+09
1.045475530000000000e+09
1.045476198000000000e+09
1.045476232000000000e+09
1.045478700000000000e+09
1.045478850000000000e+09
1.045479022000000000e+09
1.045479040000000000e+09
1.045631276000000000e+09
1.045631426000000000e+09
1.045631598000000000e+09
1.045631616000000000e+09
1.045634084000000000e+09
1.045634250000000000e+09
1.045634918000000000e+09
1.045634952000000000e+09
1.045635336000000000e+09
1.045635558000000000e+09
1.045635658000000000e+09
1.045635748000000000e+09
1.045638144000000000e+09
1.045638382000000000e+09
1.045638978000000000e+09
1.045639084000000000e+09
1.045676354000000000e+09
1.045676460000000000e+09
1.045676544000000000e+09
1.045676782000000000e+09
1.045679178000000000e+09
1.045679268000000000e+09
1.045679880000000000e+09
1.045680102000000000e+09
1.045688678000000000e+09
1.045688712000000000e+09
1.045688868000000000e+09
1.045689034000000000e+09
1.045691502000000000e+09
1.045691520000000000e+09
1.045692204000000000e+09
1.045692354000000000e+09
1.046304102000000000e+09
1.046304136000000000e+09
1.046304292000000000e+09
1.046304458000000000e+09
1.046304878000000000e+09
1.046304896000000000e+09
1.046305580000000000e+09
1.046305730000000000e+09
1.046308162000000000e+09
1.046308268000000000e+09
1.046308352000000000e+09
1.046308590000000000e+09
1.046308938000000000e+09
1.046309028000000000e+09
1.046309640000000000e+09
1.046309862000000000e+09
1.046316296000000000e+09
1.046316518000000000e+09
1.046316618000000000e+09
1.046316708000000000e+09
1.046317056000000000e+09
1.046317294000000000e+09
1.046317890000000000e+09
1.046317996000000000e+09
1.046328620000000000e+09
1.046328770000000000e+09
1.046328942000000000e+09
1.046328960000000000e+09
1.046329380000000000e+09
1.046329546000000000e+09
1.046330214000000000e+09
1.046330248000000000e+09
1.046352932000000000e+09
1.046353098000000000e+09
1.046353766000000000e+09
1.046353800000000000e+09
1.046354220000000000e+09
1.046354370000000000e+09
1.046354542000000000e+09
1.046354560000000000e+09
1.046356992000000000e+09
1.046357230000000000e+09
1.046357826000000000e+09
1.046357932000000000e+09
1.046358280000000000e+09
1.046358502000000000e+09
1.046358602000000000e+09
1.046358692000000000e+09
1.046398026000000000e+09
1.046398116000000000e+09
1.046398728000000000e+09
1.046398950000000000e+09
1.046399298000000000e+09
1.046399404000000000e+09
1.046399488000000000e+09
1.046399726000000000e+09
1.046410350000000000e+09
1.046410368000000000e+09
1.046411052000000000e+09
1.046411202000000000e+09
1.046411622000000000e+09
1.046411656000000000e+09
1.046411812000000000e+09
1.046411978000000000e+09
1.046496330000000000e+09
1.046496420000000000e+09
1.046497032000000000e+09
1.046497254000000000e+09
1.046497602000000000e+09
1.046497708000000000e+09
1.046497792000000000e+09
1.046498030000000000e+09
1.046508654000000000e+09
1.046508672000000000e+09
1.046509356000000000e+09
1.046509506000000000e+09
1.046509926000000000e+09
1.046509960000000000e+09
1.046510116000000000e+09
1.046510282000000000e+09
1.046516772000000000e+09
1.046516938000000000e+09
1.046517606000000000e+09
1.046517640000000000e+09
1.046518060000000000e+09
1.046518210000000000e+09
1.046518382000000000e+09
1.046518400000000000e+09
1.046520832000000000e+09
1.046521070000000000e+09
1.046521666000000000e+09
1.046521772000000000e+09
1.046522120000000000e+09
1.046522342000000000e+09
1.046522442000000000e+09
1.046522532000000000e+09
1.046676744000000000e+09
1.046676966000000000e+09
1.046677066000000000e+09
1.046677156000000000e+09
1.046677504000000000e+09
1.046677742000000000e+09
1.046678338000000000e+09
1.046678444000000000e+09
1.046689068000000000e+09
1.046689218000000000e+09
1.046689390000000000e+09
1.046689408000000000e+09
1.046689828000000000e+09
1.046689994000000000e+09
1.046690662000000000e+09
1.046690696000000000e+09
1.046730086000000000e+09
1.046730120000000000e+09
1.046730276000000000e+09
1.046730442000000000e+09
1.046730862000000000e+09
1.046730880000000000e+09
1.046731564000000000e+09
1.046731714000000000e+09
1.046734146000000000e+09
1.046734252000000000e+09
1.046734336000000000e+09
1.046734574000000000e+09
1.046734922000000000e+09
1.046735012000000000e+09
1.046735624000000000e+09
1.046735846000000000e+09
1.047347522000000000e+09
1.047347628000000000e+09
1.047347712000000000e+09
1.047347950000000000e+09
1.047350346000000000e+09
1.047350436000000000e+09
1.047351048000000000e+09
1.047351270000000000e+09
1.047359846000000000e+09
1.047359880000000000e+09
1.047360036000000000e+09
1.047360202000000000e+09
1.047362670000000000e+09
1.047362688000000000e+09
1.047363372000000000e+09
1.047363522000000000e+09
1.047367980000000000e+09
1.047368130000000000e+09
1.047368302000000000e+09
1.047368320000000000e+09
1.047370788000000000e+09
1.047370954000000000e+09
1.047371622000000000e+09
1.047371656000000000e+09
1.047372040000000000e+09
1.047372262000000000e+09
1.047372362000000000e+09
1.047372452000000000e+09
1.047374848000000000e+09
1.047375086000000000e+09
1.047375682000000000e+09
1.047375788000000000e+09
1.047396352000000000e+09
1.047396590000000000e+09
1.047397186000000000e+09
1.047397292000000000e+09
1.047399688000000000e+09
1.047399910000000000e+09
1.047400010000000000e+09
1.047400100000000000e+09
1.047408676000000000e+09
1.047408842000000000e+09
1.047409510000000000e+09
1.047409544000000000e+09
1.047412012000000000e+09
1.047412162000000000e+09
1.047412334000000000e+09
1.047412352000000000e+09
1.047449710000000000e+09
1.047449728000000000e+09
1.047450412000000000e+09
1.047450562000000000e+09
1.047453030000000000e+09
1.047453064000000000e+09
1.047453220000000000e+09
1.047453386000000000e+09
1.047453770000000000e+09
1.047453860000000000e+09
1.047454472000000000e+09
1.047454694000000000e+09
1.047457090000000000e+09
1.047457196000000000e+09
1.047457280000000000e+09
1.047457518000000000e+09
1.048576000000000000e+09
1.048576238000000000e+09
1.048576834000000000e+09
1.048576940000000000e+09
1.048579336000000000e+09
1.048579558000000000e+09
1.048579658000000000e+09
1.048579748000000000e+09
1.048588324000000000e+09
1.048588490000000000e+09
1.048589158000000000e+09
1.048589192000000000e+09
1.048591660000000000e+09
1.048591810000000000e+09
1.048591982000000000e+09
1.048592000000000000e+09
1.048629358000000000e+09
1.048629376000000000e+09
1.048630060000000000e+09
1.048630210000000000e+09
1.048632678000000000e+09
1.048632712000000000e+09
1.048632868000000000e+09
1.048633034000000000e+09
1.048633418000000000e+09
1.048633508000000000e+09
1.048634120000000000e+09
1.048634342000000000e+09
1.048636738000000000e+09
1.048636844000000000e+09
1.048636928000000000e+09
1.048637166000000000e+09
1.048789314000000000e+09
1.048789420000000000e+09
1.048789504000000000e+09
1.048789742000000000e+09
1.048792138000000000e+09
1.048792228000000000e+09
1.048792840000000000e+09
1.048793062000000000e+09
1.048801638000000000e+09
1.048801672000000000e+09
1.048801828000000000e+09
1.048801994000000000e+09
1.048804462000000000e+09
1.048804480000000000e+09
1.048805164000000000e+09
1.048805314000000000e+09
1.048809772000000000e+09
1.048809922000000000e+09
1.048810094000000000e+09
1.048810112000000000e+09
1.048812580000000000e+09
1.048812746000000000e+09
1.048813414000000000e+09
1.048813448000000000e+09
1.048813832000000000e+09
1.048814054000000000e+09
1.048814154000000000e+09
1.048814244000000000e+09
1.048816640000000000e+09
1.048816878000000000e+09
1.048817474000000000e+09
1.048817580000000000e+09
1.049429256000000000e+09
1.049429478000000000e+09
1.049429578000000000e+09
1.049429668000000000e+09
1.049430016000000000e+09
1.049430254000000000e+09
1.049430850000000000e+09
1.049430956000000000e+09
1.049441580000000000e+09
1.049441730000000000e+09
1.049441902000000000e+09
1.049441920000000000e+09
1.049442340000000000e+09
1.049442506000000000e+09
1.049443174000000000e+09
1.049443208000000000e+09
1.049482598000000000e+09
1.049482632000000000e+09
1.049482788000000000e+09
1.049482954000000000e+09
1.049483374000000000e+09
1.049483392000000000e+09
1.049484076000000000e+09
1.049484226000000000e+09
1.049486658000000000e+09
1.049486764000000000e+09
1.049486848000000000e+09
1.049487086000000000e+09
1.049487434000000000e+09
1.049487524000000000e+09
1.049488136000000000e+09
1.049488358000000000e+09
1.049510986000000000e+09
1.049511076000000000e+09
1.049511688000000000e+09
1.049511910000000000e+09
1.049512258000000000e+09
1.049512364000000000e+09
1.049512448000000000e+09
1.049512686000000000e+09
1.049523310000000000e+09
1.049523328000000000e+09
1.049524012000000000e+09
1.049524162000000000e+09
1.049524582000000000e+09
1.049524616000000000e+09
1.049524772000000000e+09
1.049524938000000000e+09
1.049531428000000000e+09
1.049531594000000000e+09
1.049532262000000000e+09
1.049532296000000000e+09
1.049532716000000000e+09
1.049532866000000000e+09
1.049533038000000000e+09
1.049533056000000000e+09
1.049535488000000000e+09
1.049535726000000000e+09
1.049536322000000000e+09
1.049536428000000000e+09
1.049536776000000000e+09
1.049536998000000000e+09
1.049537098000000000e+09
1.049537188000000000e+09
1.051726884000000000e+09
1.051727050000000000e+09
1.051727718000000000e+09
1.051727752000000000e+09
1.051728172000000000e+09
1.051728322000000000e+09
1.051728494000000000e+09
1.051728512000000000e+09
1.051730944000000000e+09
1.051731182000000000e+09
1.051731778000000000e+09
1.051731884000000000e+09
1.051732232000000000e+09
1.051732454000000000e+09
1.051732554000000000e+09
1.051732644000000000e+09
1.051771978000000000e+09
1.051772068000000000e+09
1.051772680000000000e+09
1.051772902000000000e+09
1.051773250000000000e+09
1.051773356000000000e+09
1.051773440000000000e+09
1.051773678000000000e+09
1.051784302000000000e+09
1.051784320000000000e+09
1.051785004000000000e+09
1.051785154000000000e+09
1.051785574000000000e+09
1.051785608000000000e+09
1.051785764000000000e+09
1.051785930000000000e+09
1.051940198000000000e+09
1.051940232000000000e+09
1.051940388000000000e+09
1.051940554000000000e+09
1.051940974000000000e+09
1.051940992000000000e+09
1.051941676000000000e+09
1.051941826000000000e+09
1.051944258000000000e+09
1.051944364000000000e+09
1.051944448000000000e+09
1.051944686000000000e+09
1.051945034000000000e+09
1.051945124000000000e+09
1.051945736000000000e+09
1.051945958000000000e+09
1.051952392000000000e+09
1.051952614000000000e+09
1.051952714000000000e+09
1.051952804000000000e+09
1.051953152000000000e+09
1.051953390000000000e+09
1.051953986000000000e+09
1.051954092000000000e+09
1.051964716000000000e+09
1.051964866000000000e+09
1.051965038000000000e+09
1.051965056000000000e+09
1.051965476000000000e+09
1.051965642000000000e+09
1.051966310000000000e+09
1.051966344000000000e+09
1.052578092000000000e+09
1.052578242000000000e+09
1.052578414000000000e+09
1.052578432000000000e+09
1.052580900000000000e+09
1.052581066000000000e+09
1.052581734000000000e+09
1.052581768000000000e+09
1.052582152000000000e+09
1.052582374000000000e+09
1.052582474000000000e+09
1.052582564000000000e+09
1.052584960000000000e+09
1.052585198000000000e+09
1.052585794000000000e+09
1.052585900000000000e+09
1.052623170000000000e+09
1.052623276000000000e+09
1.052623360000000000e+09
1.052623598000000000e+09
1.052625994000000000e+09
1.052626084000000000e+09
1.052626696000000000e+09
1.052626918000000000e+09
1.052635494000000000e+09
1.052635528000000000e+09
1.052635684000000000e+09
1.052635850000000000e+09
1.052638318000000000e+09
1.052638336000000000e+09
1.052639020000000000e+09
1.052639170000000000e+09
1.052659822000000000e+09
1.052659840000000000e+09
1.052660524000000000e+09
1.052660674000000000e+09
1.052663142000000000e+09
1.052663176000000000e+09
1.052663332000000000e+09
1.052663498000000000e+09
1.052663882000000000e+09
1.052663972000000000e+09
1.052664584000000000e+09
1.052664806000000000e+09
1.052667202000000000e+09
1.052667308000000000e+09
1.052667392000000000e+09
1.052667630000000000e+09
1.052672000000000000e+09
1.052672238000000000e+09
1.052672834000000000e+09
1.052672940000000000e+09
1.052675336000000000e+09
1.052675558000000000e+09
1.052675658000000000e+09
1.052675748000000000e+09
1.052684324000000000e+09
1.052684490000000000e+09
1.052685158000000000e+09
1.052685192000000000e+09
1.052687660000000000e+09
1.052687810000000000e+09
1.052687982000000000e+09
1.052688000000000000e+09
3.494924398000000000e+09
3.494924416000000000e+09
3.494925100000000000e+09
3.494925250000000000e+09
3.494927718000000000e+09
3.494927752000000000e+09
3.494927908000000000e+09
3.494928074000000000e+09
3.494928458000000000e+09
3.494928548000000000e+09
3.494929160000000000e+09
3.494929382000000000e+09
3.494931778000000000e+09
3.494931884000000000e+09
3.494931968000000000e+09
3.494932206000000000e+09
3.494936576000000000e+09
3.494936814000000000e+09
3.494937410000000000e+09
3.494937516000000000e+09
3.494939912000000000e+09
3.494940134000000000e+09
3.494940234000000000e+09
3.494940324000000000e+09
3.494948900000000000e+09
3.494949066000000000e+09
3.494949734000000000e+09
3.494949768000000000e+09
3.494952236000000000e+09
3.494952386000000000e+09
3.494952558000000000e+09
3.494952576000000000e+09
3.495104812000000000e+09
3.495104962000000000e+09
3.495105134000000000e+09
3.495105152000000000e+09
3.495107620000000000e+09
3.495107786000000000e+09
3.495108454000000000e+09
3.495108488000000000e+09
3.495108872000000000e+09
3.495109094000000000e+09
3.495109194000000000e+09
3.495109284000000000e+09
3.495111680000000000e+09
3.495111918000000000e+09
3.495112514000000000e+09
3.495112620000000000e+09
3.495149890000000000e+09
3.495149996000000000e+09
3.495150080000000000e+09
3.495150318000000000e+09
3.495152714000000000e+09
3.495152804000000000e+09
3.495153416000000000e+09
3.495153638000000000e+09
3.495162214000000000e+09
3.495162248000000000e+09
3.495162404000000000e+09
3.495162570000000000e+09
3.495165038000000000e+09
3.495165056000000000e+09
3.495165740000000000e+09
3.495165890000000000e+09
3.495777638000000000e+09
3.495777672000000000e+09
3.495777828000000000e+09
3.495777994000000000e+09
3.495778414000000000e+09
3.495778432000000000e+09
3.495779116000000000e+09
3.495779266000000000e+09
3.495781698000000000e+09
3.495781804000000000e+09
3.495781888000000000e+09
3.495782126000000000e+09
3.495782474000000000e+09
3.495782564000000000e+09
3.495783176000000000e+09
3.495783398000000000e+09
3.495789832000000000e+09
3.495790054000000000e+09
3.495790154000000000e+09
3.495790244000000000e+09
3.495790592000000000e+09
3.495790830000000000e+09
3.495791426000000000e+09
3.495791532000000000e+09
3.495802156000000000e+09
3.495802306000000000e+09
3.495802478000000000e+09
3.495802496000000000e+09
3.495802916000000000e+09
3.495803082000000000e+09
3.495803750000000000e+09
3.495803784000000000e+09
3.495826468000000000e+09
3.495826634000000000e+09
3.495827302000000000e+09
3.495827336000000000e+09
3.495827756000000000e+09
3.495827906000000000e+09
3.495828078000000000e+09
3.495828096000000000e+09
3.495830528000000000e+09
3.495830766000000000e+09
3.495831362000000000e+09
3.495831468000000000e+09
3.495831816000000000e+09
3.495832038000000000e+09
3.495832138000000000e+09
3.495832228000000000e+09
3.495871562000000000e+09
3.495871652000000000e+09
3.495872264000000000e+09
3.495872486000000000e+09
3.495872834000000000e+09
3.495872940000000000e+09
3.495873024000000000e+09
3.495873262000000000e+09
3.495883886000000000e+09
3.495883904000000000e+09
3.495884588000000000e+09
3.495884738000000000e+09
3.495885158000000000e+09
3.495885192000000000e+09
3.495885348000000000e+09
3.495885514000000000e+09
3.495969866000000000e+09
3.495969956000000000e+09
3.495970568000000000e+09
3.495970790000000000e+09
3.495971138000000000e+09
3.495971244000000000e+09
3.495971328000000000e+09
3.495971566000000000e+09
3.495982190000000000e+09
3.495982208000000000e+09
3.495982892000000000e+09
3.495983042000000000e+09
3.495983462000000000e+09
3.495983496000000000e+09
3.495983652000000000e+09
3.495983818000000000e+09
3.495990308000000000e+09
3.495990474000000000e+09
3.495991142000000000e+09
3.495991176000000000e+09
3.495991596000000000e+09
3.495991746000000000e+09
3.495991918000000000e+09
3.495991936000000000e+09
3.495994368000000000e+09
3.495994606000000000e+09
3.495995202000000000e+09
3.495995308000000000e+09
3.495995656000000000e+09
3.495995878000000000e+09
3.495995978000000000e+09
3.495996068000000000e+09
3.496150280000000000e+09
3.496150502000000000e+09
3.496150602000000000e+09
3.496150692000000000e+09
3.496151040000000000e+09
3.496151278000000000e+09
3.496151874000000000e+09
3.496151980000000000e+09
3.496162604000000000e+09
3.496162754000000000e+09
3.496162926000000000e+09
3.496162944000000000e+09
3.496163364000000000e+09
3.496163530000000000e+09
3.496164198000000000e+09
3.496164232000000000e+09
3.496203622000000000e+09
3.496203656000000000e+09
3.496203812000000000e+09
3.496203978000000000e+09
3.496204398000000000e+09
3.496204416000000000e+09
3.496205100000000000e+09
3.496205250000000000e+09
3.496207682000000000e+09
3.496207788000000000e+09
3.496207872000000000e+09
3.496208110000000000e+09
3.496208458000000000e+09
3.496208548000000000e+09
3.496209160000000000e+09
3.496209382000000000e+09
3.496821058000000000e+09
3.496821164000000000e+09
3.496821248000000000e+09
3.496821486000000000e+09
3.496823882000000000e+09
3.496823972000000000e+09
3.496824584000000000e+09
3.496824806000000000e+09
3.496833382000000000e+09
3.496833416000000000e+09
3.496833572000000000e+09
3.496833738000000000e+09
3.496836206000000000e+09
3.496836224000000000e+09
3.496836908000000000e+09
3.496837058000000000e+09
3.496841516000000000e+09
3.496841666000000000e+09
3.496841838000000000e+09
3.496841856000000000e+09
3.496844324000000000e+09
3.496844490000000000e+09
3.496845158000000000e+09
3.496845192000000000e+09
3.496845576000000000e+09
3.496845798000000000e+09
3.496845898000000000e+09
3.496845988000000000e+09
3.496848384000000000e+09
3.496848622000000000e+09
3.496849218000000000e+09
3.496849324000000000e+09
3.496869888000000000e+09
3.496870126000000000e+09
3.496870722000000000e+09
3.496870828000000000e+09
3.496873224000000000e+09
3.496873446000000000e+09
3.496873546000000000e+09
3.496873636000000000e+09
3.496882212000000000e+09
3.496882378000000000e+09
3.496883046000000000e+09
3.496883080000000000e+09
3.496885548000000000e+09
3.496885698000000000e+09
3.496885870000000000e+09
3.496885888000000000e+09
3.496923246000000000e+09
3.496923264000000000e+09
3.496923948000000000e+09
3.496924098000000000e+09
3.496926566000000000e+09
3.496926600000000000e+09
3.496926756000000000e+09
3.496926922000000000e+09
3.496927306000000000e+09
3.496927396000000000e+09
3.496928008000000000e+09
3.496928230000000000e+09
3.496930626000000000e+09
3.496930732000000000e+09
3.496930816000000000e+09
3.496931054000000000e+09
3.498049536000000000e+09
3.498049774000000000e+09
3.498050370000000000e+09
3.498050476000000000e+09
3.498052872000000000e+09
3.498053094000000000e+09
3.498053194000000000e+09
3.498053284000000000e+09
3.498061860000000000e+09
3.498062026000000000e+09
3.498062694000000000e+09
3.498062728000000000e+09
3.498065196000000000e+09
3.498065346000000000e+09
3.498065518000000000e+09
3.498065536000000000e+09
3.498102894000000000e+09
3.498102912000000000e+09
3.498103596000000000e+09
3.498103746000000000e+09
3.498106214000000000e+09
3.498106248000000000e+09
3.498106404000000000e+09
3.498106570000000000e+09
3.498106954000000000e+09
3.498107044000000000e+09
3.498107656000000000e+09
3.498107878000000000e+09
3.498110274000000000e+09
3.498110380000000000e+09
3.498110464000000000e+09
3.498110702000000000e+09
3.498262850000000000e+09
3.498262956000000000e+09
3.498263040000000000e+09
3.498263278000000000e+09
3.498265674000000000e+09
3.498265764000000000e+09
3.498266376000000000e+09
3.498266598000000000e+09
3.498275174000000000e+09
3.498275208000000000e+09
3.498275364000000000e+09
3.498275530000000000e+09
3.498277998000000000e+09
3.498278016000000000e+09
3.498278700000000000e+09
3.498278850000000000e+09
3.498283308000000000e+09
3.498283458000000000e+09
3.498283630000000000e+09
3.498283648000000000e+09
3.498286116000000000e+09
3.498286282000000000e+09
3.498286950000000000e+09
3.498286984000000000e+09
3.498287368000000000e+09
3.498287590000000000e+09
3.498287690000000000e+09
3.498287780000000000e+09
3.498290176000000000e+09
3.498290414000000000e+09
3.498291010000000000e+09
3.498291116000000000e+09
3.498902792000000000e+09
3.498903014000000000e+09
3.498903114000000000e+09
3.498903204000000000e+09
3.498903552000000000e+09
3.498903790000000000e+09
3.498904386000000000e+09
3.498904492000000000e+09
3.498915116000000000e+09
3.498915266000000000e+09
3.498915438000000000e+09
3.498915456000000000e+09
3.498915876000000000e+09
3.498916042000000000e+09
3.498916710000000000e+09
3.498916744000000000e+09
3.498956134000000000e+09
3.498956168000000000e+09
3.498956324000000000e+09
3.498956490000000000e+09
3.498956910000000000e+09
3.498956928000000000e+09
3.498957612000000000e+09
3.498957762000000000e+09
3.498960194000000000e+09
3.498960300000000000e+09
3.498960384000000000e+09
3.498960622000000000e+09
3.498960970000000000e+09
3.498961060000000000e+09
3.498961672000000000e+09
3.498961894000000000e+09
3.498984522000000000e+09
3.498984612000000000e+09
3.498985224000000000e+09
3.498985446000000000e+09
3.498985794000000000e+09
3.498985900000000000e+09
3.498985984000000000e+09
3.498986222000000000e+09
3.498996846000000000e+09
3.498996864000000000e+09
3.498997548000000000e+09
3.498997698000000000e+09
3.498998118000000000e+09
3.498998152000000000e+09
3.498998308000000000e+09
3.498998474000000000e+09
3.499004964000000000e+09
3.499005130000000000e+09
3.499005798000000000e+09
3.499005832000000000e+09
3.499006252000000000e+09
3.499006402000000000e+09
3.499006574000000000e+09
3.499006592000000000e+09
3.499009024000000000e+09
3.499009262000000000e+09
3.499009858000000000e+09
3.499009964000000000e+09
3.499010312000000000e+09
3.499010534000000000e+09
3.499010634000000000e+09
3.499010724000000000e+09
3.501200420000000000e+09
3.501200586000000000e+09
3.501201254000000000e+09
3.501201288000000000e+09
3.501201708000000000e+09
3.501201858000000000e+09
3.501202030000000000e+09
3.501202048000000000e+09
3.501204480000000000e+09
3.501204718000000000e+09
3.501205314000000000e+09
3.501205420000000000e+09
3.501205768000000000e+09
3.501205990000000000e+09
3.501206090000000000e+09
3.501206180000000000e+09
3.501245514000000000e+09
3.501245604000000000e+09
3.501246216000000000e+09
3.501246438000000000e+09
3.501246786000000000e+09
3.501246892000000000e+09
3.501246976000000000e+09
3.501247214000000000e+09
3.501257838000000000e+09
3.501257856000000000e+09
3.501258540000000000e+09
3.501258690000000000e+09
3.501259110000000000e+09
3.501259144000000000e+09
3.501259300000000000e+09
3.501259466000000000e+09
3.501413734000000000e+09
3.501413768000000000e+09
3.501413924000000000e+09
3.501414090000000000e+09
3.501414510000000000e+09
3.501414528000000000e+09
3.501415212000000000e+09
3.501415362000000000e+09
3.501417794000000000e+09
3.501417900000000000e+09
3.501417984000000000e+09
3.501418222000000000e+09
3.501418570000000000e+09
3.501418660000000000e+09
3.501419272000000000e+09
3.501419494000000000e+09
3.501425928000000000e+09
3.501426150000000000e+09
3.501426250000000000e+09
3.501426340000000000e+09
3.501426688000000000e+09
3.501426926000000000e+09
3.501427522000000000e+09
3.501427628000000000e+09
3.501438252000000000e+09
3.501438402000000000e+09
3.501438574000000000e+09
3.501438592000000000e+09
3.501439012000000000e+09
3.501439178000000000e+09
3.501439846000000000e+09
3.501439880000000000e+09
3.502051628000000000e+09
3.502051778000000000e+09
3.502051950000000000e+09
3.502051968000000000e+09
3.502054436000000000e+09
3.502054602000000000e+09
3.502055270000000000e+09
3.502055304000000000e+09
3.502055688000000000e+09
3.502055910000000000e+09
3.502056010000000000e+09
3.502056100000000000e+09
3.502058496000000000e+09
3.502058734000000000e+09
3.502059330000000000e+09
3.502059436000000000e+09
3.502096706000000000e+09
3.502096812000000000e+09
3.502096896000000000e+09
3.502097134000000000e+09
3.502099530000000000e+09
3.502099620000000000e+09
3.502100232000000000e+09
3.502100454000000000e+09
3.502109030000000000e+09
3.502109064000000000e+09
3.502109220000000000e+09
3.502109386000000000e+09
3.502111854000000000e+09
3.502111872000000000e+09
3.502112556000000000e+09
3.502112706000000000e+09
3.502133358000000000e+09
3.502133376000000000e+09
3.502134060000000000e+09
3.502134210000000000e+09
3.502136678000000000e+09
3.502136712000000000e+09
3.502136868000000000e+09
3.502137034000000000e+09
3.502137418000000000e+09
3.502137508000000000e+09
3.502138120000000000e+09
3.502138342000000000e+09
3.502140738000000000e+09
3.502140844000000000e+09
3.502140928000000000e+09
3.502141166000000000e+09
3.502145536000000000e+09
3.502145774000000000e+09
3.502146370000000000e+09
3.502146476000000000e+09
3.502148872000000000e+09
3.502149094000000000e+09
3.502149194000000000e+09
3.502149284000000000e+09
3.502157860000000000e+09
3.502158026000000000e+09
3.502158694000000000e+09
3.502158728000000000e+09
3.502161196000000000e+09
3.502161346000000000e+09
3.502161518000000000e+09
3.502161536000000000e+09
3.541111084000000000e+09
3.541111234000000000e+09
3.541111406000000000e+09
3.541111424000000000e+09
3.541113892000000000e+09
3.541114058000000000e+09
3.541114726000000000e+09
3.541114760000000000e+09
3.541115144000000000e+09
3.541115366000000000e+09
3.541115466000000000e+09
3.541115556000000000e+09
3.541117952000000000e+09
3.541118190000000000e+09
3.541118786000000000e+09
3.541118892000000000e+09
3.541156162000000000e+09
3.541156268000000000e+09
3.541156352000000000e+09
3.541156590000000000e+09
3.541158986000000000e+09
3.541159076000000000e+09
3.541159688000000000e+09
3.541159910000000000e+09
3.541168486000000000e+09
3.541168520000000000e+09
3.541168676000000000e+09
3.541168842000000000e+09
3.541171310000000000e+09
3.541171328000000000e+09
3.541172012000000000e+09
3.541172162000000000e+09
3.541192814000000000e+09
3.541192832000000000e+09
3.541193516000000000e+09
3.541193666000000000e+09
3.541196134000000000e+09
3.541196168000000000e+09
3.541196324000000000e+09
3.541196490000000000e+09
3.541196874000000000e+09
3.541196964000000000e+09
3.541197576000000000e+09
3.541197798000000000e+09
3.541200194000000000e+09
3.541200300000000000e+09
3.541200384000000000e+09
3.541200622000000000e+09
3.541204992000000000e+09
3.541205230000000000e+09
3.541205826000000000e+09
3.541205932000000000e+09
3.541208328000000000e+09
3.541208550000000000e+09
3.541208650000000000e+09
3.541208740000000000e+09
3.541217316000000000e+09
3.541217482000000000e+09
3.541218150000000000e+09
3.541218184000000000e+09
3.541220652000000000e+09
3.541220802000000000e+09
3.541220974000000000e+09
3.541220992000000000e+09
3.541832740000000000e+09
3.541832906000000000e+09
3.541833574000000000e+09
3.541833608000000000e+09
3.541834028000000000e+09
3.541834178000000000e+09
3.541834350000000000e+09
3.541834368000000000e+09
3.541836800000000000e+09
3.541837038000000000e+09
3.541837634000000000e+09
3.541837740000000000e+09
3.541838088000000000e+09
3.541838310000000000e+09
3.541838410000000000e+09
3.541838500000000000e+09
3.541877834000000000e+09
3.541877924000000000e+09
3.541878536000000000e+09
3.541878758000000000e+09
3.541879106000000000e+09
3.541879212000000000e+09
3.541879296000000000e+09
3.541879534000000000e+09
3.541890158000000000e+09
3.541890176000000000e+09
3.541890860000000000e+09
3.541891010000000000e+09
3.541891430000000000e+09
3.541891464000000000e+09
3.541891620000000000e+09
3.541891786000000000e+09
3.542046054000000000e+09
3.542046088000000000e+09
3.542046244000000000e+09
3.542046410000000000e+09
3.542046830000000000e+09
3.542046848000000000e+09
3.542047532000000000e+09
3.542047682000000000e+09
3.542050114000000000e+09
3.542050220000000000e+09
3.542050304000000000e+09
3.542050542000000000e+09
3.542050890000000000e+09
3.542050980000000000e+09
3.542051592000000000e+09
3.542051814000000000e+09
3.542058248000000000e+09
3.542058470000000000e+09
3.542058570000000000e+09
3.542058660000000000e+09
3.542059008000000000e+09
3.542059246000000000e+09
3.542059842000000000e+09
3.542059948000000000e+09
3.542070572000000000e+09
3.542070722000000000e+09
3.542070894000000000e+09
3.542070912000000000e+09
3.542071332000000000e+09
3.542071498000000000e+09
3.542072166000000000e+09
3.542072200000000000e+09
3.542156552000000000e+09
3.542156774000000000e+09
3.542156874000000000e+09
3.542156964000000000e+09
3.542157312000000000e+09
3.542157550000000000e+09
3.542158146000000000e+09
3.542158252000000000e+09
3.542168876000000000e+09
3.542169026000000000e+09
3.542169198000000000e+09
3.542169216000000000e+09
3.542169636000000000e+09
3.542169802000000000e+09
3.542170470000000000e+09
3.542170504000000000e+09
3.542209894000000000e+09
3.542209928000000000e+09
3.542210084000000000e+09
3.542210250000000000e+09
3.542210670000000000e+09
3.542210688000000000e+09
3.542211372000000000e+09
3.542211522000000000e+09
3.542213954000000000e+09
3.542214060000000000e+09
3.542214144000000000e+09
3.542214382000000000e+09
3.542214730000000000e+09
3.542214820000000000e+09
3.542215432000000000e+09
3.542215654000000000e+09
3.542238282000000000e+09
3.542238372000000000e+09
3.542238984000000000e+09
3.542239206000000000e+09
3.542239554000000000e+09
3.542239660000000000e+09
3.542239744000000000e+09
3.542239982000000000e+09
3.542250606000000000e+09
3.542250624000000000e+09
3.542251308000000000e+09
3.542251458000000000e+09
3.542251878000000000e+09
3.542251912000000000e+09
3.542252068000000000e+09
3.542252234000000000e+09
3.542258724000000000e+09
3.542258890000000000e+09
3.542259558000000000e+09
3.542259592000000000e+09
3.542260012000000000e+09
3.542260162000000000e+09
3.542260334000000000e+09
3.542260352000000000e+09
3.542262784000000000e+09
3.542263022000000000e+09
3.542263618000000000e+09
3.542263724000000000e+09
3.542264072000000000e+09
3.542264294000000000e+09
3.542264394000000000e+09
3.542264484000000000e+09
3.542876160000000000e+09
3.542876398000000000e+09
3.542876994000000000e+09
3.542877100000000000e+09
3.542879496000000000e+09
3.542879718000000000e+09
3.542879818000000000e+09
3.542879908000000000e+09
3.542888484000000000e+09
3.542888650000000000e+09
3.542889318000000000e+09
3.542889352000000000e+09
3.542891820000000000e+09
3.542891970000000000e+09
3.542892142000000000e+09
3.542892160000000000e+09
3.542929518000000000e+09
3.542929536000000000e+09
3.542930220000000000e+09
3.542930370000000000e+09
3.542932838000000000e+09
3.542932872000000000e+09
3.542933028000000000e+09
3.542933194000000000e+09
3.542933578000000000e+09
3.542933668000000000e+09
3.542934280000000000e+09
3.542934502000000000e+09
3.542936898000000000e+09
3.542937004000000000e+09
3.542937088000000000e+09
3.542937326000000000e+09
3.543089474000000000e+09
3.543089580000000000e+09
3.543089664000000000e+09
3.543089902000000000e+09
3.543092298000000000e+09
3.543092388000000000e+09
3.543093000000000000e+09
3.543093222000000000e+09
3.543101798000000000e+09
3.543101832000000000e+09
3.543101988000000000e+09
3.543102154000000000e+09
3.543104622000000000e+09
3.543104640000000000e+09
3.543105324000000000e+09
3.543105474000000000e+09
3.543109932000000000e+09
3.543110082000000000e+09
3.543110254000000000e+09
3.543110272000000000e+09
3.543112740000000000e+09
3.543112906000000000e+09
3.543113574000000000e+09
3.543113608000000000e+09
3.543113992000000000e+09
3.543114214000000000e+09
3.543114314000000000e+09
3.543114404000000000e+09
3.543116800000000000e+09
3.543117038000000000e+09
3.543117634000000000e+09
3.543117740000000000e+09
3.552657730000000000e+09
3.552657836000000000e+09
3.552657920000000000e+09
3.552658158000000000e+09
3.552660554000000000e+09
3.552660644000000000e+09
3.552661256000000000e+09
3.552661478000000000e+09
3.552670054000000000e+09
3.552670088000000000e+09
3.552670244000000000e+09
3.552670410000000000e+09
3.552672878000000000e+09
3.552672896000000000e+09
3.552673580000000000e+09
3.552673730000000000e+09
3.552678188000000000e+09
3.552678338000000000e+09
3.552678510000000000e+09
3.552678528000000000e+09
3.552680996000000000e+09
3.552681162000000000e+09
3.552681830000000000e+09
3.552681864000000000e+09
3.552682248000000000e+09
3.552682470000000000e+09
3.552682570000000000e+09
3.552682660000000000e+09
3.552685056000000000e+09
3.552685294000000000e+09
3.552685890000000000e+09
3.552685996000000000e+09
3.552706560000000000e+09
3.552706798000000000e+09
3.552707394000000000e+09
3.552707500000000000e+09
3.552709896000000000e+09
3.552710118000000000e+09
3.552710218000000000e+09
3.552710308000000000e+09
3.552718884000000000e+09
3.552719050000000000e+09
3.552719718000000000e+09
3.552719752000000000e+09
3.552722220000000000e+09
3.552722370000000000e+09
3.552722542000000000e+09
3.552722560000000000e+09
3.552759918000000000e+09
3.552759936000000000e+09
3.552760620000000000e+09
3.552760770000000000e+09
3.552763238000000000e+09
3.552763272000000000e+09
3.552763428000000000e+09
3.552763594000000000e+09
3.552763978000000000e+09
3.552764068000000000e+09
3.552764680000000000e+09
3.552764902000000000e+09
3.552767298000000000e+09
3.552767404000000000e+09
3.552767488000000000e+09
3.552767726000000000e+09
3.553379402000000000e+09
3.553379492000000000e+09
3.553380104000000000e+09
3.553380326000000000e+09
3.553380674000000000e+09
3.553380780000000000e+09
3.553380864000000000e+09
3.553381102000000000e+09
3.553391726000000000e+09
3.553391744000000000e+09
3.553392428000000000e+09
3.553392578000000000e+09
3.553392998000000000e+09
3.553393032000000000e+09
3.553393188000000000e+09
3.553393354000000000e+09
3.553399844000000000e+09
3.553400010000000000e+09
3.553400678000000000e+09
3.553400712000000000e+09
3.553401132000000000e+09
3.553401282000000000e+09
3.553401454000000000e+09
3.553401472000000000e+09
3.553403904000000000e+09
3.553404142000000000e+09
3.553404738000000000e+09
3.553404844000000000e+09
3.553405192000000000e+09
3.553405414000000000e+09
3.553405514000000000e+09
3.553405604000000000e+09
3.553559816000000000e+09
3.553560038000000000e+09
3.553560138000000000e+09
3.553560228000000000e+09
3.553560576000000000e+09
3.553560814000000000e+09
3.553561410000000000e+09
3.553561516000000000e+09
3.553572140000000000e+09
3.553572290000000000e+09
3.553572462000000000e+09
3.553572480000000000e+09
3.553572900000000000e+09
3.553573066000000000e+09
3.553573734000000000e+09
3.553573768000000000e+09
3.553613158000000000e+09
3.553613192000000000e+09
3.553613348000000000e+09
3.553613514000000000e+09
3.553613934000000000e+09
3.553613952000000000e+09
3.553614636000000000e+09
3.553614786000000000e+09
3.553617218000000000e+09
3.553617324000000000e+09
3.553617408000000000e+09
3.553617646000000000e+09
3.553617994000000000e+09
3.553618084000000000e+09
3.553618696000000000e+09
3.553618918000000000e+09
3.555808614000000000e+09
3.555808648000000000e+09
3.555808804000000000e+09
3.555808970000000000e+09
3.555809390000000000e+09
3.555809408000000000e+09
3.555810092000000000e+09
3.555810242000000000e+09
3.555812674000000000e+09
3.555812780000000000e+09
3.555812864000000000e+09
3.555813102000000000e+09
3.555813450000000000e+09
3.555813540000000000e+09
3.555814152000000000e+09
3.555814374000000000e+09
3.555820808000000000e+09
3.555821030000000000e+09
3.555821130000000000e+09
3.555821220000000000e+09
3.555821568000000000e+09
3.555821806000000000e+09
3.555822402000000000e+09
3.555822508000000000e+09
3.555833132000000000e+09
3.555833282000000000e+09
3.555833454000000000e+09
3.555833472000000000e+09
3.555833892000000000e+09
3.555834058000000000e+09
3.555834726000000000e+09
3.555834760000000000e+09
3.555857444000000000e+09
3.555857610000000000e+09
3.555858278000000000e+09
3.555858312000000000e+09
3.555858732000000000e+09
3.555858882000000000e+09
3.555859054000000000e+09
3.555859072000000000e+09
3.555861504000000000e+09
3.555861742000000000e+09
3.555862338000000000e+09
3.555862444000000000e+09
3.555862792000000000e+09
3.555863014000000000e+09
3.555863114000000000e+09
3.555863204000000000e+09
3.555902538000000000e+09
3.555902628000000000e+09
3.555903240000000000e+09
3.555903462000000000e+09
3.555903810000000000e+09
3.555903916000000000e+09
3.555904000000000000e+09
3.555904238000000000e+09
3.555914862000000000e+09
3.555914880000000000e+09
3.555915564000000000e+09
3.555915714000000000e+09
3.555916134000000000e+09
3.555916168000000000e+09
3.555916324000000000e+09
3.555916490000000000e+09
3.556528238000000000e+09
3.556528256000000000e+09
3.556528940000000000e+09
3.556529090000000000e+09
3.556531558000000000e+09
3.556531592000000000e+09
3.556531748000000000e+09
3.556531914000000000e+09
3.556532298000000000e+09
3.556532388000000000e+09
3.556533000000000000e+09
3.556533222000000000e+09
3.556535618000000000e+09
3.556535724000000000e+09
3.556535808000000000e+09
3.556536046000000000e+09
3.556540416000000000e+09
3.556540654000000000e+09
3.556541250000000000e+09
3.556541356000000000e+09
3.556543752000000000e+09
3.556543974000000000e+09
3.556544074000000000e+09
3.556544164000000000e+09
3.556552740000000000e+09
3.556552906000000000e+09
3.556553574000000000e+09
3.556553608000000000e+09
3.556556076000000000e+09
3.556556226000000000e+09
3.556556398000000000e+09
3.556556416000000000e+09
3.556708652000000000e+09
3.556708802000000000e+09
3.556708974000000000e+09
3.556708992000000000e+09
3.556711460000000000e+09
3.556711626000000000e+09
3.556712294000000000e+09
3.556712328000000000e+09
3.556712712000000000e+09
3.556712934000000000e+09
3.556713034000000000e+09
3.556713124000000000e+09
3.556715520000000000e+09
3.556715758000000000e+09
3.556716354000000000e+09
3.556716460000000000e+09
3.556753730000000000e+09
3.556753836000000000e+09
3.556753920000000000e+09
3.556754158000000000e+09
3.556756554000000000e+09
3.556756644000000000e+09
3.556757256000000000e+09
3.556757478000000000e+09
3.556766054000000000e+09
3.556766088000000000e+09
3.556766244000000000e+09
3.556766410000000000e+09
3.556768878000000000e+09
3.556768896000000000e+09
3.556769580000000000e+09
3.556769730000000000e+09
3.713357158000000000e+09
3.713357192000000000e+09
3.713357348000000000e+09
3.713357514000000000e+09
3.713357934000000000e+09
3.713357952000000000e+09
3.713358636000000000e+09
3.713358786000000000e+09
3.713361218000000000e+09
3.713361324000000000e+09
3.713361408000000000e+09
3.713361646000000000e+09
3.713361994000000000e+09
3.713362084000000000e+09
3.713362696000000000e+09
3.713362918000000000e+09
3.713369352000000000e+09
3.713369574000000000e+09
3.713369674000000000e+09
3.713369764000000000e+09
3.713370112000000000e+09
3.713370350000000000e+09
3.713370946000000000e+09
3.713371052000000000e+09
3.713381676000000000e+09
3.713381826000000000e+09
3.713381998000000000e+09
3.713382016000000000e+09
3.713382436000000000e+09
3.713382602000000000e+09
3.713383270000000000e+09
3.713383304000000000e+09
3.713405988000000000e+09
3.713406154000000000e+09
3.713406822000000000e+09
3.713406856000000000e+09
3.713407276000000000e+09
3.713407426000000000e+09
3.713407598000000000e+09
3.713407616000000000e+09
3.713410048000000000e+09
3.713410286000000000e+09
3.713410882000000000e+09
3.713410988000000000e+09
3.713411336000000000e+09
3.713411558000000000e+09
3.713411658000000000e+09
3.713411748000000000e+09
3.713451082000000000e+09
3.713451172000000000e+09
3.713451784000000000e+09
3.713452006000000000e+09
3.713452354000000000e+09
3.713452460000000000e+09
3.713452544000000000e+09
3.713452782000000000e+09
3.713463406000000000e+09
3.713463424000000000e+09
3.713464108000000000e+09
3.713464258000000000e+09
3.713464678000000000e+09
3.713464712000000000e+09
3.713464868000000000e+09
3.713465034000000000e+09
3.713552494000000000e+09
3.713552512000000000e+09
3.713553196000000000e+09
3.713553346000000000e+09
3.713555814000000000e+09
3.713555848000000000e+09
3.713556004000000000e+09
3.713556170000000000e+09
3.713556554000000000e+09
3.713556644000000000e+09
3.713557256000000000e+09
3.713557478000000000e+09
3.713559874000000000e+09
3.713559980000000000e+09
3.713560064000000000e+09
3.713560302000000000e+09
3.713564672000000000e+09
3.713564910000000000e+09
3.713565506000000000e+09
3.713565612000000000e+09
3.713568008000000000e+09
3.713568230000000000e+09
3.713568330000000000e+09
3.713568420000000000e+09
3.713576996000000000e+09
3.713577162000000000e+09
3.713577830000000000e+09
3.713577864000000000e+09
3.713580332000000000e+09
3.713580482000000000e+09
3.713580654000000000e+09
3.713580672000000000e+09
3.713732908000000000e+09
3.713733058000000000e+09
3.713733230000000000e+09
3.713733248000000000e+09
3.713735716000000000e+09
3.713735882000000000e+09
3.713736550000000000e+09
3.713736584000000000e+09
3.713736968000000000e+09
3.713737190000000000e+09
3.713737290000000000e+09
3.713737380000000000e+09
3.713739776000000000e+09
3.713740014000000000e+09
3.713740610000000000e+09
3.713740716000000000e+09
3.713777986000000000e+09
3.713778092000000000e+09
3.713778176000000000e+09
3.713778414000000000e+09
3.713780810000000000e+09
3.713780900000000000e+09
3.713781512000000000e+09
3.713781734000000000e+09
3.713790310000000000e+09
3.713790344000000000e+09
3.713790500000000000e+09
3.713790666000000000e+09
3.713793134000000000e+09
3.713793152000000000e+09
3.713793836000000000e+09
3.713793986000000000e+09
3.714400578000000000e+09
3.714400684000000000e+09
3.714400768000000000e+09
3.714401006000000000e+09
3.714403402000000000e+09
3.714403492000000000e+09
3.714404104000000000e+09
3.714404326000000000e+09
3.714412902000000000e+09
3.714412936000000000e+09
3.714413092000000000e+09
3.714413258000000000e+09
3.714415726000000000e+09
3.714415744000000000e+09
3.714416428000000000e+09
3.714416578000000000e+09
3.714421036000000000e+09
3.714421186000000000e+09
3.714421358000000000e+09
3.714421376000000000e+09
3.714423844000000000e+09
3.714424010000000000e+09
3.714424678000000000e+09
3.714424712000000000e+09
3.714425096000000000e+09
3.714425318000000000e+09
3.714425418000000000e+09
3.714425508000000000e+09
3.714427904000000000e+09
3.714428142000000000e+09
3.714428738000000000e+09
3.714428844000000000e+09
3.714449408000000000e+09
3.714449646000000000e+09
3.714450242000000000e+09
3.714450348000000000e+09
3.714452744000000000e+09
3.714452966000000000e+09
3.714453066000000000e+09
3.714453156000000000e+09
3.714461732000000000e+09
3.714461898000000000e+09
3.714462566000000000e+09
3.714462600000000000e+09
3.714465068000000000e+09
3.714465218000000000e+09
3.714465390000000000e+09
3.714465408000000000e+09
3.714502766000000000e+09
3.714502784000000000e+09
3.714503468000000000e+09
3.714503618000000000e+09
3.714506086000000000e+09
3.714506120000000000e+09
3.714506276000000000e+09
3.714506442000000000e+09
3.714506826000000000e+09
3.714506916000000000e+09
3.714507528000000000e+09
3.714507750000000000e+09
3.714510146000000000e+09
3.714510252000000000e+09
3.714510336000000000e+09
3.714510574000000000e+09
3.714597962000000000e+09
3.714598052000000000e+09
3.714598664000000000e+09
3.714598886000000000e+09
3.714599234000000000e+09
3.714599340000000000e+09
3.714599424000000000e+09
3.714599662000000000e+09
3.714610286000000000e+09
3.714610304000000000e+09
3.714610988000000000e+09
3.714611138000000000e+09
3.714611558000000000e+09
3.714611592000000000e+09
3.714611748000000000e+09
3.714611914000000000e+09
3.714618404000000000e+09
3.714618570000000000e+09
3.714619238000000000e+09
3.714619272000000000e+09
3.714619692000000000e+09
3.714619842000000000e+09
3.714620014000000000e+09
3.714620032000000000e+09
3.714622464000000000e+09
3.714622702000000000e+09
3.714623298000000000e+09
3.714623404000000000e+09
3.714623752000000000e+09
3.714623974000000000e+09
3.714624074000000000e+09
3.714624164000000000e+09
3.714778376000000000e+09
3.714778598000000000e+09
3.714778698000000000e+09
3.714778788000000000e+09
3.714779136000000000e+09
3.714779374000000000e+09
3.714779970000000000e+09
3.714780076000000000e+09
3.714790700000000000e+09
3.714790850000000000e+09
3.714791022000000000e+09
3.714791040000000000e+09
3.714791460000000000e+09
3.714791626000000000e+09
3.714792294000000000e+09
3.714792328000000000e+09
3.714831718000000000e+09
3.714831752000000000e+09
3.714831908000000000e+09
3.714832074000000000e+09
3.714832494000000000e+09
3.714832512000000000e+09
3.714833196000000000e+09
3.714833346000000000e+09
3.714835778000000000e+09
3.714835884000000000e+09
3.714835968000000000e+09
3.714836206000000000e+09
3.714836554000000000e+09
3.714836644000000000e+09
3.714837256000000000e+09
3.714837478000000000e+09
3.716482312000000000e+09
3.716482534000000000e+09
3.716482634000000000e+09
3.716482724000000000e+09
3.716483072000000000e+09
3.716483310000000000e+09
3.716483906000000000e+09
3.716484012000000000e+09
3.716494636000000000e+09
3.716494786000000000e+09
3.716494958000000000e+09
3.716494976000000000e+09
3.716495396000000000e+09
3.716495562000000000e+09
3.716496230000000000e+09
3.716496264000000000e+09
3.716535654000000000e+09
3.716535688000000000e+09
3.716535844000000000e+09
3.716536010000000000e+09
3.716536430000000000e+09
3.716536448000000000e+09
3.716537132000000000e+09
3.716537282000000000e+09
3.716539714000000000e+09
3.716539820000000000e+09
3.716539904000000000e+09
3.716540142000000000e+09
3.716540490000000000e+09
3.716540580000000000e+09
3.716541192000000000e+09
3.716541414000000000e+09
3.716564042000000000e+09
3.716564132000000000e+09
3.716564744000000000e+09
3.716564966000000000e+09
3.716565314000000000e+09
3.716565420000000000e+09
3.716565504000000000e+09
3.716565742000000000e+09
3.716576366000000000e+09
3.716576384000000000e+09
3.716577068000000000e+09
3.716577218000000000e+09
3.716577638000000000e+09
3.716577672000000000e+09
3.716577828000000000e+09
3.716577994000000000e+09
3.716584484000000000e+09
3.716584650000000000e+09
3.716585318000000000e+09
3.716585352000000000e+09
3.716585772000000000e+09
3.716585922000000000e+09
3.716586094000000000e+09
3.716586112000000000e+09
3.716588544000000000e+09
3.716588782000000000e+09
3.716589378000000000e+09
3.716589484000000000e+09
3.716589832000000000e+09
3.716590054000000000e+09
3.716590154000000000e+09
3.716590244000000000e+09
3.716677632000000000e+09
3.716677870000000000e+09
3.716678466000000000e+09
3.716678572000000000e+09
3.716680968000000000e+09
3.716681190000000000e+09
3.716681290000000000e+09
3.716681380000000000e+09
3.716689956000000000e+09
3.716690122000000000e+09
3.716690790000000000e+09
3.716690824000000000e+09
3.716693292000000000e+09
3.716693442000000000e+09
3.716693614000000000e+09
3.716693632000000000e+09
3.716730990000000000e+09
3.716731008000000000e+09
3.716731692000000000e+09
3.716731842000000000e+09
3.716734310000000000e+09
3.716734344000000000e+09
3.716734500000000000e+09
3.716734666000000000e+09
3.716735050000000000e+09
3.716735140000000000e+09
3.716735752000000000e+09
3.716735974000000000e+09
3.716738370000000000e+09
3.716738476000000000e+09
3.716738560000000000e+09
3.716738798000000000e+09
3.716890946000000000e+09
3.716891052000000000e+09
3.716891136000000000e+09
3.716891374000000000e+09
3.716893770000000000e+09
3.716893860000000000e+09
3.716894472000000000e+09
3.716894694000000000e+09
3.716903270000000000e+09
3.716903304000000000e+09
3.716903460000000000e+09
3.716903626000000000e+09
3.716906094000000000e+09
3.716906112000000000e+09
3.716906796000000000e+09
3.716906946000000000e+09
3.716911404000000000e+09
3.716911554000000000e+09
3.716911726000000000e+09
3.716911744000000000e+09
3.716914212000000000e+09
3.716914378000000000e+09
3.716915046000000000e+09
3.716915080000000000e+09
3.716915464000000000e+09
3.716915686000000000e+09
3.716915786000000000e+09
3.716915876000000000e+09
3.716918272000000000e+09
3.716918510000000000e+09
3.716919106000000000e+09
3.716919212000000000e+09
3.719631148000000000e+09
3.719631298000000000e+09
3.719631470000000000e+09
3.719631488000000000e+09
3.719633956000000000e+09
3.719634122000000000e+09
3.719634790000000000e+09
3.719634824000000000e+09
3.719635208000000000e+09
3.719635430000000000e+09
3.719635530000000000e+09
3.719635620000000000e+09
3.719638016000000000e+09
3.719638254000000000e+09
3.719638850000000000e+09
3.719638956000000000e+09
3.719676226000000000e+09
3.719676332000000000e+09
3.719676416000000000e+09
3.719676654000000000e+09
3.719679050000000000e+09
3.719679140000000000e+09
3.719679752000000000e+09
3.719679974000000000e+09
3.719688550000000000e+09
3.719688584000000000e+09
3.719688740000000000e+09
3.719688906000000000e+09
3.719691374000000000e+09
3.719691392000000000e+09
3.719692076000000000e+09
3.719692226000000000e+09
3.719712878000000000e+09
3.719712896000000000e+09
3.719713580000000000e+09
3.719713730000000000e+09
3.719716198000000000e+09
3.719716232000000000e+09
3.719716388000000000e+09
3.719716554000000000e+09
3.719716938000000000e+09
3.719717028000000000e+09
3.719717640000000000e+09
3.719717862000000000e+09
3.719720258000000000e+09
3.719720364000000000e+09
3.719720448000000000e+09
3.719720686000000000e+09
3.719725056000000000e+09
3.719725294000000000e+09
3.719725890000000000e+09
3.719725996000000000e+09
3.719728392000000000e+09
3.719728614000000000e+09
3.719728714000000000e+09
3.719728804000000000e+09
3.719737380000000000e+09
3.719737546000000000e+09
3.719738214000000000e+09
3.719738248000000000e+09
3.719740716000000000e+09
3.719740866000000000e+09
3.719741038000000000e+09
3.719741056000000000e+09
3.719828516000000000e+09
3.719828682000000000e+09
3.719829350000000000e+09
3.719829384000000000e+09
3.719829804000000000e+09
3.719829954000000000e+09
3.719830126000000000e+09
3.719830144000000000e+09
3.719832576000000000e+09
3.719832814000000000e+09
3.719833410000000000e+09
3.719833516000000000e+09
3.719833864000000000e+09
3.719834086000000000e+09
3.719834186000000000e+09
3.719834276000000000e+09
3.719873610000000000e+09
3.719873700000000000e+09
3.719874312000000000e+09
3.719874534000000000e+09
3.719874882000000000e+09
3.719874988000000000e+09
3.719875072000000000e+09
3.719875310000000000e+09
3.719885934000000000e+09
3.719885952000000000e+09
3.719886636000000000e+09
3.719886786000000000e+09
3.719887206000000000e+09
3.719887240000000000e+09
3.719887396000000000e+09
3.719887562000000000e+09
3.720041830000000000e+09
3.720041864000000000e+09
3.720042020000000000e+09
3.720042186000000000e+09
3.720042606000000000e+09
3.720042624000000000e+09
3.720043308000000000e+09
3.720043458000000000e+09
3.720045890000000000e+09
3.720045996000000000e+09
3.720046080000000000e+09
3.720046318000000000e+09
3.720046666000000000e+09
3.720046756000000000e+09
3.720047368000000000e+09
3.720047590000000000e+09
3.720054024000000000e+09
3.720054246000000000e+09
3.720054346000000000e+09
3.720054436000000000e+09
3.720054784000000000e+09
3.720055022000000000e+09
3.720055618000000000e+09
3.720055724000000000e+09
3.720066348000000000e+09
3.720066498000000000e+09
3.720066670000000000e+09
3.720066688000000000e+09
3.720067108000000000e+09
3.720067274000000000e+09
3.720067942000000000e+09
3.720067976000000000e+09
3.725857828000000000e+09
3.725857994000000000e+09
3.725858662000000000e+09
3.725858696000000000e+09
3.725859116000000000e+09
3.725859266000000000e+09
3.725859438000000000e+09
3.725859456000000000e+09
3.725861888000000000e+09
3.725862126000000000e+09
3.725862722000000000e+09
3.725862828000000000e+09
3.725863176000000000e+09
3.725863398000000000e+09
3.725863498000000000e+09
3.725863588000000000e+09
3.725902922000000000e+09
3.725903012000000000e+09
3.725903624000000000e+09
3.725903846000000000e+09
3.725904194000000000e+09
3.725904300000000000e+09
3.725904384000000000e+09
3.725904622000000000e+09
3.725915246000000000e+09
3.725915264000000000e+09
3.725915948000000000e+09
3.725916098000000000e+09
3.725916518000000000e+09
3.725916552000000000e+09
3.725916708000000000e+09
3.725916874000000000e+09
3.726071142000000000e+09
3.726071176000000000e+09
3.726071332000000000e+09
3.726071498000000000e+09
3.726071918000000000e+09
3.726071936000000000e+09
3.726072620000000000e+09
3.726072770000000000e+09
3.726075202000000000e+09
3.726075308000000000e+09
3.726075392000000000e+09
3.726075630000000000e+09
3.726075978000000000e+09
3.726076068000000000e+09
3.726076680000000000e+09
3.726076902000000000e+09
3.726083336000000000e+09
3.726083558000000000e+09
3.726083658000000000e+09
3.726083748000000000e+09
3.726084096000000000e+09
3.726084334000000000e+09
3.726084930000000000e+09
3.726085036000000000e+09
3.726095660000000000e+09
3.726095810000000000e+09
3.726095982000000000e+09
3.726096000000000000e+09
3.726096420000000000e+09
3.726096586000000000e+09
3.726097254000000000e+09
3.726097288000000000e+09
3.726184748000000000e+09
3.726184898000000000e+09
3.726185070000000000e+09
3.726185088000000000e+09
3.726187556000000000e+09
3.726187722000000000e+09
3.726188390000000000e+09
3.726188424000000000e+09
3.726188808000000000e+09
3.726189030000000000e+09
3.726189130000000000e+09
3.726189220000000000e+09
3.726191616000000000e+09
3.726191854000000000e+09
3.726192450000000000e+09
3.726192556000000000e+09
3.726229826000000000e+09
3.726229932000000000e+09
3.726230016000000000e+09
3.726230254000000000e+09
3.726232650000000000e+09
3.726232740000000000e+09
3.726233352000000000e+09
3.726233574000000000e+09
3.726242150000000000e+09
3.726242184000000000e+09
3.726242340000000000e+09
3.726242506000000000e+09
3.726244974000000000e+09
3.726244992000000000e+09
3.726245676000000000e+09
3.726245826000000000e+09
3.726266478000000000e+09
3.726266496000000000e+09
3.726267180000000000e+09
3.726267330000000000e+09
3.726269798000000000e+09
3.726269832000000000e+09
3.726269988000000000e+09
3.726270154000000000e+09
3.726270538000000000e+09
3.726270628000000000e+09
3.726271240000000000e+09
3.726271462000000000e+09
3.726273858000000000e+09
3.726273964000000000e+09
3.726274048000000000e+09
3.726274286000000000e+09
3.726278656000000000e+09
3.726278894000000000e+09
3.726279490000000000e+09
3.726279596000000000e+09
3.726281992000000000e+09
3.726282214000000000e+09
3.726282314000000000e+09
3.726282404000000000e+09
3.726290980000000000e+09
3.726291146000000000e+09
3.726291814000000000e+09
3.726291848000000000e+09
3.726294316000000000e+09
3.726294466000000000e+09
3.726294638000000000e+09
3.726294656000000000e+09
3.726901248000000000e+09
3.726901486000000000e+09
3.726902082000000000e+09
3.726902188000000000e+09
3.726904584000000000e+09
3.726904806000000000e+09
3.726904906000000000e+09
3.726904996000000000e+09
3.726913572000000000e+09
3.726913738000000000e+09
3.726914406000000000e+09
3.726914440000000000e+09
3.726916908000000000e+09
3.726917058000000000e+09
3.726917230000000000e+09
3.726917248000000000e+09
3.726954606000000000e+09
3.726954624000000000e+09
3.726955308000000000e+09
3.726955458000000000e+09
3.726957926000000000e+09
3.726957960000000000e+09
3.726958116000000000e+09
3.726958282000000000e+09
3.726958666000000000e+09
3.726958756000000000e+09
3.726959368000000000e+09
3.726959590000000000e+09
3.726961986000000000e+09
3.726962092000000000e+09
3.726962176000000000e+09
3.726962414000000000e+09
3.727114562000000000e+09
3.727114668000000000e+09
3.727114752000000000e+09
3.727114990000000000e+09
3.727117386000000000e+09
3.727117476000000000e+09
3.727118088000000000e+09
3.727118310000000000e+09
3.727126886000000000e+09
3.727126920000000000e+09
3.727127076000000000e+09
3.727127242000000000e+09
3.727129710000000000e+09
3.727129728000000000e+09
3.727130412000000000e+09
3.727130562000000000e+09
3.727135020000000000e+09
3.727135170000000000e+09
3.727135342000000000e+09
3.727135360000000000e+09
3.727137828000000000e+09
3.727137994000000000e+09
3.727138662000000000e+09
3.727138696000000000e+09
3.727139080000000000e+09
3.727139302000000000e+09
3.727139402000000000e+09
3.727139492000000000e+09
3.727141888000000000e+09
3.727142126000000000e+09
3.727142722000000000e+09
3.727142828000000000e+09
3.727230216000000000e+09
3.727230438000000000e+09
3.727230538000000000e+09
3.727230628000000000e+09
3.727230976000000000e+09
3.727231214000000000e+09
3.727231810000000000e+09
3.727231916000000000e+09
3.727242540000000000e+09
3.727242690000000000e+09
3.727242862000000000e+09
3.727242880000000000e+09
3.727243300000000000e+09
3.727243466000000000e+09
3.727244134000000000e+09
3.727244168000000000e+09
3.727283558000000000e+09
3.727283592000000000e+09
3.727283748000000000e+09
3.727283914000000000e+09
3.727284334000000000e+09
3.727284352000000000e+09
3.727285036000000000e+09
3.727285186000000000e+09
3.727287618000000000e+09
3.727287724000000000e+09
3.727287808000000000e+09
3.727288046000000000e+09
3.727288394000000000e+09
3.727288484000000000e+09
3.727289096000000000e+09
3.727289318000000000e+09
3.727311946000000000e+09
3.727312036000000000e+09
3.727312648000000000e+09
3.727312870000000000e+09
3.727313218000000000e+09
3.727313324000000000e+09
3.727313408000000000e+09
3.727313646000000000e+09
3.727324270000000000e+09
3.727324288000000000e+09
3.727324972000000000e+09
3.727325122000000000e+09
3.727325542000000000e+09
3.727325576000000000e+09
3.727325732000000000e+09
3.727325898000000000e+09
3.727332388000000000e+09
3.727332554000000000e+09
3.727333222000000000e+09
3.727333256000000000e+09
3.727333676000000000e+09
3.727333826000000000e+09
3.727333998000000000e+09
3.727334016000000000e+09
3.727336448000000000e+09
3.727336686000000000e+09
3.727337282000000000e+09
3.727337388000000000e+09
3.727337736000000000e+09
3.727337958000000000e+09
3.727338058000000000e+09
3.727338148000000000e+09
3.737404490000000000e+09
3.737404580000000000e+09
3.737405192000000000e+09
3.737405414000000000e+09
3.737405762000000000e+09
3.737405868000000000e+09
3.737405952000000000e+09
3.737406190000000000e+09
3.737416814000000000e+09
3.737416832000000000e+09
3.737417516000000000e+09
3.737417666000000000e+09
3.737418086000000000e+09
3.737418120000000000e+09
3.737418276000000000e+09
3.737418442000000000e+09
3.737424932000000000e+09
3.737425098000000000e+09
3.737425766000000000e+09
3.737425800000000000e+09
3.737426220000000000e+09
3.737426370000000000e+09
3.737426542000000000e+09
3.737426560000000000e+09
3.737428992000000000e+09
3.737429230000000000e+09
3.737429826000000000e+09
3.737429932000000000e+09
3.737430280000000000e+09
3.737430502000000000e+09
3.737430602000000000e+09
3.737430692000000000e+09
3.737584904000000000e+09
3.737585126000000000e+09
3.737585226000000000e+09
3.737585316000000000e+09
3.737585664000000000e+09
3.737585902000000000e+09
3.737586498000000000e+09
3.737586604000000000e+09
3.737597228000000000e+09
3.737597378000000000e+09
3.737597550000000000e+09
3.737597568000000000e+09
3.737597988000000000e+09
3.737598154000000000e+09
3.737598822000000000e+09
3.737598856000000000e+09
3.737638246000000000e+09
3.737638280000000000e+09
3.737638436000000000e+09
3.737638602000000000e+09
3.737639022000000000e+09
3.737639040000000000e+09
3.737639724000000000e+09
3.737639874000000000e+09
3.737642306000000000e+09
3.737642412000000000e+09
3.737642496000000000e+09
3.737642734000000000e+09
3.737643082000000000e+09
3.737643172000000000e+09
3.737643784000000000e+09
3.737644006000000000e+09
3.737731394000000000e+09
3.737731500000000000e+09
3.737731584000000000e+09
3.737731822000000000e+09
3.737734218000000000e+09
3.737734308000000000e+09
3.737734920000000000e+09
3.737735142000000000e+09
3.737743718000000000e+09
3.737743752000000000e+09
3.737743908000000000e+09
3.737744074000000000e+09
3.737746542000000000e+09
3.737746560000000000e+09
3.737747244000000000e+09
3.737747394000000000e+09
3.737751852000000000e+09
3.737752002000000000e+09
3.737752174000000000e+09
3.737752192000000000e+09
3.737754660000000000e+09
3.737754826000000000e+09
3.737755494000000000e+09
3.737755528000000000e+09
3.737755912000000000e+09
3.737756134000000000e+09
3.737756234000000000e+09
3.737756324000000000e+09
3.737758720000000000e+09
3.737758958000000000e+09
3.737759554000000000e+09
3.737759660000000000e+09
3.737780224000000000e+09
3.737780462000000000e+09
3.737781058000000000e+09
3.737781164000000000e+09
3.737783560000000000e+09
3.737783782000000000e+09
3.737783882000000000e+09
3.737783972000000000e+09
3.737792548000000000e+09
3.737792714000000000e+09
3.737793382000000000e+09
3.737793416000000000e+09
3.737795884000000000e+09
3.737796034000000000e+09
3.737796206000000000e+09
3.737796224000000000e+09
3.737833582000000000e+09
3.737833600000000000e+09
3.737834284000000000e+09
3.737834434000000000e+09
3.737836902000000000e+09
3.737836936000000000e+09
3.737837092000000000e+09
3.737837258000000000e+09
3.737837642000000000e+09
3.737837732000000000e+09
3.737838344000000000e+09
3.737838566000000000e+09
3.737840962000000000e+09
3.737841068000000000e+09
3.737841152000000000e+09
3.737841390000000000e+09
3.740553326000000000e+09
3.740553344000000000e+09
3.740554028000000000e+09
3.740554178000000000e+09
3.740556646000000000e+09
3.740556680000000000e+09
3.740556836000000000e+09
3.740557002000000000e+09
3.740557386000000000e+09
3.740557476000000000e+09
3.740558088000000000e+09
3.740558310000000000e+09
3.740560706000000000e+09
3.740560812000000000e+09
3.740560896000000000e+09
3.740561134000000000e+09
3.740565504000000000e+09
3.740565742000000000e+09
3.740566338000000000e+09
3.740566444000000000e+09
3.740568840000000000e+09
3.740569062000000000e+09
3.740569162000000000e+09
3.740569252000000000e+09
3.740577828000000000e+09
3.740577994000000000e+09
3.740578662000000000e+09
3.740578696000000000e+09
3.740581164000000000e+09
3.740581314000000000e+09
3.740581486000000000e+09
3.740581504000000000e+09
3.740733740000000000e+09
3.740733890000000000e+09
3.740734062000000000e+09
3.740734080000000000e+09
3.740736548000000000e+09
3.740736714000000000e+09
3.740737382000000000e+09
3.740737416000000000e+09
3.740737800000000000e+09
3.740738022000000000e+09
3.740738122000000000e+09
3.740738212000000000e+09
3.740740608000000000e+09
3.740740846000000000e+09
3.740741442000000000e+09
3.740741548000000000e+09
3.740778818000000000e+09
3.740778924000000000e+09
3.740779008000000000e+09
3.740779246000000000e+09
3.740781642000000000e+09
3.740781732000000000e+09
3.740782344000000000e+09
3.740782566000000000e+09
3.740791142000000000e+09
3.740791176000000000e+09
3.740791332000000000e+09
3.740791498000000000e+09
3.740793966000000000e+09
3.740793984000000000e+09
3.740794668000000000e+09
3.740794818000000000e+09
3.740882278000000000e+09
3.740882312000000000e+09
3.740882468000000000e+09
3.740882634000000000e+09
3.740883054000000000e+09
3.740883072000000000e+09
3.740883756000000000e+09
3.740883906000000000e+09
3.740886338000000000e+09
3.740886444000000000e+09
3.740886528000000000e+09
3.740886766000000000e+09
3.740887114000000000e+09
3.740887204000000000e+09
3.740887816000000000e+09
3.740888038000000000e+09
3.740894472000000000e+09
3.740894694000000000e+09
3.740894794000000000e+09
3.740894884000000000e+09
3.740895232000000000e+09
3.740895470000000000e+09
3.740896066000000000e+09
3.740896172000000000e+09
3.740906796000000000e+09
3.740906946000000000e+09
3.740907118000000000e+09
3.740907136000000000e+09
3.740907556000000000e+09
3.740907722000000000e+09
3.740908390000000000e+09
3.740908424000000000e+09
3.740931108000000000e+09
3.740931274000000000e+09
3.740931942000000000e+09
3.740931976000000000e+09
3.740932396000000000e+09
3.740932546000000000e+09
3.740932718000000000e+09
3.740932736000000000e+09
3.740935168000000000e+09
3.740935406000000000e+09
3.740936002000000000e+09
3.740936108000000000e+09
3.740936456000000000e+09
3.740936678000000000e+09
3.740936778000000000e+09
3.740936868000000000e+09
3.740976202000000000e+09
3.740976292000000000e+09
3.740976904000000000e+09
3.740977126000000000e+09
3.740977474000000000e+09
3.740977580000000000e+09
3.740977664000000000e+09
3.740977902000000000e+09
3.740988526000000000e+09
3.740988544000000000e+09
3.740989228000000000e+09
3.740989378000000000e+09
3.740989798000000000e+09
3.740989832000000000e+09
3.740989988000000000e+09
3.740990154000000000e+09
3.762570314000000000e+09
3.762570404000000000e+09
3.762571016000000000e+09
3.762571238000000000e+09
3.762571586000000000e+09
3.762571692000000000e+09
3.762571776000000000e+09
3.762572014000000000e+09
3.762582638000000000e+09
3.762582656000000000e+09
3.762583340000000000e+09
3.762583490000000000e+09
3.762583910000000000e+09
3.762583944000000000e+09
3.762584100000000000e+09
3.762584266000000000e+09
3.762590756000000000e+09
3.762590922000000000e+09
3.762591590000000000e+09
3.762591624000000000e+09
3.762592044000000000e+09
3.762592194000000000e+09
3.762592366000000000e+09
3.762592384000000000e+09
3.762594816000000000e+09
3.762595054000000000e+09
3.762595650000000000e+09
3.762595756000000000e+09
3.762596104000000000e+09
3.762596326000000000e+09
3.762596426000000000e+09
3.762596516000000000e+09
3.762750728000000000e+09
3.762750950000000000e+09
3.762751050000000000e+09
3.762751140000000000e+09
3.762751488000000000e+09
3.762751726000000000e+09
3.762752322000000000e+09
3.762752428000000000e+09
3.762763052000000000e+09
3.762763202000000000e+09
3.762763374000000000e+09
3.762763392000000000e+09
3.762763812000000000e+09
3.762763978000000000e+09
3.762764646000000000e+09
3.762764680000000000e+09
3.762804070000000000e+09
3.762804104000000000e+09
3.762804260000000000e+09
3.762804426000000000e+09
3.762804846000000000e+09
3.762804864000000000e+09
3.762805548000000000e+09
3.762805698000000000e+09
3.762808130000000000e+09
3.762808236000000000e+09
3.762808320000000000e+09
3.762808558000000000e+09
3.762808906000000000e+09
3.762808996000000000e+09
3.762809608000000000e+09
3.762809830000000000e+09
3.762897218000000000e+09
3.762897324000000000e+09
3.762897408000000000e+09
3.762897646000000000e+09
3.762900042000000000e+09
3.762900132000000000e+09
3.762900744000000000e+09
3.762900966000000000e+09
3.762909542000000000e+09
3.762909576000000000e+09
3.762909732000000000e+09
3.762909898000000000e+09
3.762912366000000000e+09
3.762912384000000000e+09
3.762913068000000000e+09
3.762913218000000000e+09
3.762917676000000000e+09
3.762917826000000000e+09
3.762917998000000000e+09
3.762918016000000000e+09
3.762920484000000000e+09
3.762920650000000000e+09
3.762921318000000000e+09
3.762921352000000000e+09
3.762921736000000000e+09
3.762921958000000000e+09
3.762922058000000000e+09
3.762922148000000000e+09
3.762924544000000000e+09
3.762924782000000000e+09
3.762925378000000000e+09
3.762925484000000000e+09
3.762946048000000000e+09
3.762946286000000000e+09
3.762946882000000000e+09
3.762946988000000000e+09
3.762949384000000000e+09
3.762949606000000000e+09
3.762949706000000000e+09
3.762949796000000000e+09
3.762958372000000000e+09
3.762958538000000000e+09
3.762959206000000000e+09
3.762959240000000000e+09
3.762961708000000000e+09
3.762961858000000000e+09
3.762962030000000000e+09
3.762962048000000000e+09
3.762999406000000000e+09
3.762999424000000000e+09
3.763000108000000000e+09
3.763000258000000000e+09
3.763002726000000000e+09
3.763002760000000000e+09
3.763002916000000000e+09
3.763003082000000000e+09
3.763003466000000000e+09
3.763003556000000000e+09
3.763004168000000000e+09
3.763004390000000000e+09
3.763006786000000000e+09
3.763006892000000000e+09
3.763006976000000000e+09
3.763007214000000000e+09
3.765719150000000000e+09
3.765719168000000000e+09
3.765719852000000000e+09
3.765720002000000000e+09
3.765722470000000000e+09
3.765722504000000000e+09
3.765722660000000000e+09
3.765722826000000000e+09
3.765723210000000000e+09
3.765723300000000000e+09
3.765723912000000000e+09
3.765724134000000000e+09
3.765726530000000000e+09
3.765726636000000000e+09
3.765726720000000000e+09
3.765726958000000000e+09
3.765731328000000000e+09
3.765731566000000000e+09
3.765732162000000000e+09
3.765732268000000000e+09
3.765734664000000000e+09
3.765734886000000000e+09
3.765734986000000000e+09
3.765735076000000000e+09
3.765743652000000000e+09
3.765743818000000000e+09
3.765744486000000000e+09
3.765744520000000000e+09
3.765746988000000000e+09
3.765747138000000000e+09
3.765747310000000000e+09
3.765747328000000000e+09
3.765899564000000000e+09
3.765899714000000000e+09
3.765899886000000000e+09
3.765899904000000000e+09
3.765902372000000000e+09
3.765902538000000000e+09
3.765903206000000000e+09
3.765903240000000000e+09
3.765903624000000000e+09
3.765903846000000000e+09
3.765903946000000000e+09
3.765904036000000000e+09
3.765906432000000000e+09
3.765906670000000000e+09
3.765907266000000000e+09
3.765907372000000000e+09
3.765944642000000000e+09
3.765944748000000000e+09
3.765944832000000000e+09
3.765945070000000000e+09
3.765947466000000000e+09
3.765947556000000000e+09
3.765948168000000000e+09
3.765948390000000000e+09
3.765956966000000000e+09
3.765957000000000000e+09
3.765957156000000000e+09
3.765957322000000000e+09
3.765959790000000000e+09
3.765959808000000000e+09
3.765960492000000000e+09
3.765960642000000000e+09
3.766048102000000000e+09
3.766048136000000000e+09
3.766048292000000000e+09
3.766048458000000000e+09
3.766048878000000000e+09
3.766048896000000000e+09
3.766049580000000000e+09
3.766049730000000000e+09
3.766052162000000000e+09
3.766052268000000000e+09
3.766052352000000000e+09
3.766052590000000000e+09
3.766052938000000000e+09
3.766053028000000000e+09
3.766053640000000000e+09
3.766053862000000000e+09
3.766060296000000000e+09
3.766060518000000000e+09
3.766060618000000000e+09
3.766060708000000000e+09
3.766061056000000000e+09
3.766061294000000000e+09
3.766061890000000000e+09
3.766061996000000000e+09
3.766072620000000000e+09
3.766072770000000000e+09
3.766072942000000000e+09
3.766072960000000000e+09
3.766073380000000000e+09
3.766073546000000000e+09
3.766074214000000000e+09
3.766074248000000000e+09
3.766096932000000000e+09
3.766097098000000000e+09
3.766097766000000000e+09
3.766097800000000000e+09
3.766098220000000000e+09
3.766098370000000000e+09
3.766098542000000000e+09
3.766098560000000000e+09
3.766100992000000000e+09
3.766101230000000000e+09
3.766101826000000000e+09
3.766101932000000000e+09
3.766102280000000000e+09
3.766102502000000000e+09
3.766102602000000000e+09
3.766102692000000000e+09
3.766142026000000000e+09
3.766142116000000000e+09
3.766142728000000000e+09
3.766142950000000000e+09
3.766143298000000000e+09
3.766143404000000000e+09
3.766143488000000000e+09
3.766143726000000000e+09
3.766154350000000000e+09
3.766154368000000000e+09
3.766155052000000000e+09
3.766155202000000000e+09
3.766155622000000000e+09
3.766155656000000000e+09
3.766155812000000000e+09
3.766155978000000000e+09
3.767800868000000000e+09
3.767801034000000000e+09
3.767801702000000000e+09
3.767801736000000000e+09
3.767802156000000000e+09
3.767802306000000000e+09
3.767802478000000000e+09
3.767802496000000000e+09
3.767804928000000000e+09
3.767805166000000000e+09
3.767805762000000000e+09
3.767805868000000000e+09
3.767806216000000000e+09
3.767806438000000000e+09
3.767806538000000000e+09
3.767806628000000000e+09
3.767845962000000000e+09
3.767846052000000000e+09
3.767846664000000000e+09
3.767846886000000000e+09
3.767847234000000000e+09
3.767847340000000000e+09
3.767847424000000000e+09
3.767847662000000000e+09
3.767858286000000000e+09
3.767858304000000000e+09
3.767858988000000000e+09
3.767859138000000000e+09
3.767859558000000000e+09
3.767859592000000000e+09
3.767859748000000000e+09
3.767859914000000000e+09
3.768014182000000000e+09
3.768014216000000000e+09
3.768014372000000000e+09
3.768014538000000000e+09
3.768014958000000000e+09
3.768014976000000000e+09
3.768015660000000000e+09
3.768015810000000000e+09
3.768018242000000000e+09
3.768018348000000000e+09
3.768018432000000000e+09
3.768018670000000000e+09
3.768019018000000000e+09
3.768019108000000000e+09
3.768019720000000000e+09
3.768019942000000000e+09
3.768026376000000000e+09
3.768026598000000000e+09
3.768026698000000000e+09
3.768026788000000000e+09
3.768027136000000000e+09
3.768027374000000000e+09
3.768027970000000000e+09
3.768028076000000000e+09
3.768038700000000000e+09
3.768038850000000000e+09
3.768039022000000000e+09
3.768039040000000000e+09
3.768039460000000000e+09
3.768039626000000000e+09
3.768040294000000000e+09
3.768040328000000000e+09
3.768127788000000000e+09
3.768127938000000000e+09
3.768128110000000000e+09
3.768128128000000000e+09
3.768130596000000000e+09
3.768130762000000000e+09
3.768131430000000000e+09
3.768131464000000000e+09
3.768131848000000000e+09
3.768132070000000000e+09
3.768132170000000000e+09
3.768132260000000000e+09
3.768134656000000000e+09
3.768134894000000000e+09
3.768135490000000000e+09
3.768135596000000000e+09
3.768172866000000000e+09
3.768172972000000000e+09
3.768173056000000000e+09
3.768173294000000000e+09
3.768175690000000000e+09
3.768175780000000000e+09
3.768176392000000000e+09
3.768176614000000000e+09
3.768185190000000000e+09
3.768185224000000000e+09
3.768185380000000000e+09
3.768185546000000000e+09
3.768188014000000000e+09
3.768188032000000000e+09
3.768188716000000000e+09
3.768188866000000000e+09
3.768209518000000000e+09
3.768209536000000000e+09
3.768210220000000000e+09
3.768210370000000000e+09
3.768212838000000000e+09
3.768212872000000000e+09
3.768213028000000000e+09
3.768213194000000000e+09
3.768213578000000000e+09
3.768213668000000000e+09
3.768214280000000000e+09
3.768214502000000000e+09
3.768216898000000000e+09
3.768217004000000000e+09
3.768217088000000000e+09
3.768217326000000000e+09
3.768221696000000000e+09
3.768221934000000000e+09
3.768222530000000000e+09
3.768222636000000000e+09
3.768225032000000000e+09
3.768225254000000000e+09
3.768225354000000000e+09
3.768225444000000000e+09
3.768234020000000000e+09
3.768234186000000000e+09
3.768234854000000000e+09
3.768234888000000000e+09
3.768237356000000000e+09
3.768237506000000000e+09
3.768237678000000000e+09
3.768237696000000000e+09
3.768844288000000000e+09
3.768844526000000000e+09
3.768845122000000000e+09
3.768845228000000000e+09
3.768847624000000000e+09
3.768847846000000000e+09
3.768847946000000000e+09
3.768848036000000000e+09
3.768856612000000000e+09
3.768856778000000000e+09
3.768857446000000000e+09
3.768857480000000000e+09
3.768859948000000000e+09
3.768860098000000000e+09
3.768860270000000000e+09
3.768860288000000000e+09
3.768897646000000000e+09
3.768897664000000000e+09
3.768898348000000000e+09
3.768898498000000000e+09
3.768900966000000000e+09
3.768901000000000000e+09
3.768901156000000000e+09
3.768901322000000000e+09
3.768901706000000000e+09
3.768901796000000000e+09
3.768902408000000000e+09
3.768902630000000000e+09
3.768905026000000000e+09
3.768905132000000000e+09
3.768905216000000000e+09
3.768905454000000000e+09
3.769057602000000000e+09
3.769057708000000000e+09
3.769057792000000000e+09
3.769058030000000000e+09
3.769060426000000000e+09
3.769060516000000000e+09
3.769061128000000000e+09
3.769061350000000000e+09
3.769069926000000000e+09
3.769069960000000000e+09
3.769070116000000000e+09
3.769070282000000000e+09
3.769072750000000000e+09
3.769072768000000000e+09
3.769073452000000000e+09
3.769073602000000000e+09
3.769078060000000000e+09
3.769078210000000000e+09
3.769078382000000000e+09
3.769078400000000000e+09
3.769080868000000000e+09
3.769081034000000000e+09
3.769081702000000000e+09
3.769081736000000000e+09
3.769082120000000000e+09
3.769082342000000000e+09
3.769082442000000000e+09
3.769082532000000000e+09
3.769084928000000000e+09
3.769085166000000000e+09
3.769085762000000000e+09
3.769085868000000000e+09
3.769173256000000000e+09
3.769173478000000000e+09
3.769173578000000000e+09
3.769173668000000000e+09
3.769174016000000000e+09
3.769174254000000000e+09
3.769174850000000000e+09
3.769174956000000000e+09
3.769185580000000000e+09
3.769185730000000000e+09
3.769185902000000000e+09
3.769185920000000000e+09
3.769186340000000000e+09
3.769186506000000000e+09
3.769187174000000000e+09
3.769187208000000000e+09
3.769226598000000000e+09
3.769226632000000000e+09
3.769226788000000000e+09
3.769226954000000000e+09
3.769227374000000000e+09
3.769227392000000000e+09
3.769228076000000000e+09
3.769228226000000000e+09
3.769230658000000000e+09
3.769230764000000000e+09
3.769230848000000000e+09
3.769231086000000000e+09
3.769231434000000000e+09
3.769231524000000000e+09
3.769232136000000000e+09
3.769232358000000000e+09
3.769254986000000000e+09
3.769255076000000000e+09
3.769255688000000000e+09
3.769255910000000000e+09
3.769256258000000000e+09
3.769256364000000000e+09
3.769256448000000000e+09
3.769256686000000000e+09
3.769267310000000000e+09
3.769267328000000000e+09
3.769268012000000000e+09
3.769268162000000000e+09
3.769268582000000000e+09
3.769268616000000000e+09
3.769268772000000000e+09
3.769268938000000000e+09
3.769275428000000000e+09
3.769275594000000000e+09
3.769276262000000000e+09
3.769276296000000000e+09
3.769276716000000000e+09
3.769276866000000000e+09
3.769277038000000000e+09
3.769277056000000000e+09
3.769279488000000000e+09
3.769279726000000000e+09
3.769280322000000000e+09
3.769280428000000000e+09
3.769280776000000000e+09
3.769280998000000000e+09
3.769281098000000000e+09
3.769281188000000000e+09
3.808757000000000000e+09
3.808757222000000000e+09
3.808757322000000000e+09
3.808757412000000000e+09
3.808757760000000000e+09
3.808757998000000000e+09
3.808758594000000000e+09
3.808758700000000000e+09
3.808769324000000000e+09
3.808769474000000000e+09
3.808769646000000000e+09
3.808769664000000000e+09
3.808770084000000000e+09
3.808770250000000000e+09
3.808770918000000000e+09
3.808770952000000000e+09
3.808810342000000000e+09
3.808810376000000000e+09
3.808810532000000000e+09
3.808810698000000000e+09
3.808811118000000000e+09
3.808811136000000000e+09
3.808811820000000000e+09
3.808811970000000000e+09
3.808814402000000000e+09
3.808814508000000000e+09
3.808814592000000000e+09
3.808814830000000000e+09
3.808815178000000000e+09
3.808815268000000000e+09
3.808815880000000000e+09
3.808816102000000000e+09
3.808838730000000000e+09
3.808838820000000000e+09
3.808839432000000000e+09
3.808839654000000000e+09
3.808840002000000000e+09
3.808840108000000000e+09
3.808840192000000000e+09
3.808840430000000000e+09
3.808851054000000000e+09
3.808851072000000000e+09
3.808851756000000000e+09
3.808851906000000000e+09
3.808852326000000000e+09
3.808852360000000000e+09
3.808852516000000000e+09
3.808852682000000000e+09
3.808859172000000000e+09
3.808859338000000000e+09
3.808860006000000000e+09
3.808860040000000000e+09
3.808860460000000000e+09
3.808860610000000000e+09
3.808860782000000000e+09
3.808860800000000000e+09
3.808863232000000000e+09
3.808863470000000000e+09
3.808864066000000000e+09
3.808864172000000000e+09
3.808864520000000000e+09
3.808864742000000000e+09
3.808864842000000000e+09
3.808864932000000000e+09
3.808952320000000000e+09
3.808952558000000000e+09
3.808953154000000000e+09
3.808953260000000000e+09
3.808955656000000000e+09
3.808955878000000000e+09
3.808955978000000000e+09
3.808956068000000000e+09
3.808964644000000000e+09
3.808964810000000000e+09
3.808965478000000000e+09
3.808965512000000000e+09
3.808967980000000000e+09
3.808968130000000000e+09
3.808968302000000000e+09
3.808968320000000000e+09
3.809005678000000000e+09
3.809005696000000000e+09
3.809006380000000000e+09
3.809006530000000000e+09
3.809008998000000000e+09
3.809009032000000000e+09
3.809009188000000000e+09
3.809009354000000000e+09
3.809009738000000000e+09
3.809009828000000000e+09
3.809010440000000000e+09
3.809010662000000000e+09
3.809013058000000000e+09
3.809013164000000000e+09
3.809013248000000000e+09
3.809013486000000000e+09
3.809165634000000000e+09
3.809165740000000000e+09
3.809165824000000000e+09
3.809166062000000000e+09
3.809168458000000000e+09
3.809168548000000000e+09
3.809169160000000000e+09
3.809169382000000000e+09
3.809177958000000000e+09
3.809177992000000000e+09
3.809178148000000000e+09
3.809178314000000000e+09
3.809180782000000000e+09
3.809180800000000000e+09
3.809181484000000000e+09
3.809181634000000000e+09
3.809186092000000000e+09
3.809186242000000000e+09
3.809186414000000000e+09
3.809186432000000000e+09
3.809188900000000000e+09
3.809189066000000000e+09
3.809189734000000000e+09
3.809189768000000000e+09
3.809190152000000000e+09
3.809190374000000000e+09
3.809190474000000000e+09
3.809190564000000000e+09
3.809192960000000000e+09
3.809193198000000000e+09
3.809193794000000000e+09
3.809193900000000000e+09
3.811905836000000000e+09
3.811905986000000000e+09
3.811906158000000000e+09
3.811906176000000000e+09
3.811908644000000000e+09
3.811908810000000000e+09
3.811909478000000000e+09
3.811909512000000000e+09
3.811909896000000000e+09
3.811910118000000000e+09
3.811910218000000000e+09
3.811910308000000000e+09
3.811912704000000000e+09
3.811912942000000000e+09
3.811913538000000000e+09
3.811913644000000000e+09
3.811950914000000000e+09
3.811951020000000000e+09
3.811951104000000000e+09
3.811951342000000000e+09
3.811953738000000000e+09
3.811953828000000000e+09
3.811954440000000000e+09
3.811954662000000000e+09
3.811963238000000000e+09
3.811963272000000000e+09
3.811963428000000000e+09
3.811963594000000000e+09
3.811966062000000000e+09
3.811966080000000000e+09
3.811966764000000000e+09
3.811966914000000000e+09
3.811987566000000000e+09
3.811987584000000000e+09
3.811988268000000000e+09
3.811988418000000000e+09
3.811990886000000000e+09
3.811990920000000000e+09
3.811991076000000000e+09
3.811991242000000000e+09
3.811991626000000000e+09
3.811991716000000000e+09
3.811992328000000000e+09
3.811992550000000000e+09
3.811994946000000000e+09
3.811995052000000000e+09
3.811995136000000000e+09
3.811995374000000000e+09
3.811999744000000000e+09
3.811999982000000000e+09
3.812000578000000000e+09
3.812000684000000000e+09
3.812003080000000000e+09
3.812003302000000000e+09
3.812003402000000000e+09
3.812003492000000000e+09
3.812012068000000000e+09
3.812012234000000000e+09
3.812012902000000000e+09
3.812012936000000000e+09
3.812015404000000000e+09
3.812015554000000000e+09
3.812015726000000000e+09
3.812015744000000000e+09
3.812103204000000000e+09
3.812103370000000000e+09
3.812104038000000000e+09
3.812104072000000000e+09
3.812104492000000000e+09
3.812104642000000000e+09
3.812104814000000000e+09
3.812104832000000000e+09
3.812107264000000000e+09
3.812107502000000000e+09
3.812108098000000000e+09
3.812108204000000000e+09
3.812108552000000000e+09
3.812108774000000000e+09
3.812108874000000000e+09
3.812108964000000000e+09
3.812148298000000000e+09
3.812148388000000000e+09
3.812149000000000000e+09
3.812149222000000000e+09
3.812149570000000000e+09
3.812149676000000000e+09
3.812149760000000000e+09
3.812149998000000000e+09
3.812160622000000000e+09
3.812160640000000000e+09
3.812161324000000000e+09
3.812161474000000000e+09
3.812161894000000000e+09
3.812161928000000000e+09
3.812162084000000000e+09
3.812162250000000000e+09
3.812316518000000000e+09
3.812316552000000000e+09
3.812316708000000000e+09
3.812316874000000000e+09
3.812317294000000000e+09
3.812317312000000000e+09
3.812317996000000000e+09
3.812318146000000000e+09
3.812320578000000000e+09
3.812320684000000000e+09
3.812320768000000000e+09
3.812321006000000000e+09
3.812321354000000000e+09
3.812321444000000000e+09
3.812322056000000000e+09
3.812322278000000000e+09
3.812328712000000000e+09
3.812328934000000000e+09
3.812329034000000000e+09
3.812329124000000000e+09
3.812329472000000000e+09
3.812329710000000000e+09
3.812330306000000000e+09
3.812330412000000000e+09
3.812341036000000000e+09
3.812341186000000000e+09
3.812341358000000000e+09
3.812341376000000000e+09
3.812341796000000000e+09
3.812341962000000000e+09
3.812342630000000000e+09
3.812342664000000000e+09
3.822409062000000000e+09
3.822409096000000000e+09
3.822409252000000000e+09
3.822409418000000000e+09
3.822409838000000000e+09
3.822409856000000000e+09
3.822410540000000000e+09
3.822410690000000000e+09
3.822413122000000000e+09
3.822413228000000000e+09
3.822413312000000000e+09
3.822413550000000000e+09
3.822413898000000000e+09
3.822413988000000000e+09
3.822414600000000000e+09
3.822414822000000000e+09
3.822421256000000000e+09
3.822421478000000000e+09
3.822421578000000000e+09
3.822421668000000000e+09
3.822422016000000000e+09
3.822422254000000000e+09
3.822422850000000000e+09
3.822422956000000000e+09
3.822433580000000000e+09
3.822433730000000000e+09
3.822433902000000000e+09
3.822433920000000000e+09
3.822434340000000000e+09
3.822434506000000000e+09
3.822435174000000000e+09
3.822435208000000000e+09
3.822457892000000000e+09
3.822458058000000000e+09
3.822458726000000000e+09
3.822458760000000000e+09
3.822459180000000000e+09
3.822459330000000000e+09
3.822459502000000000e+09
3.822459520000000000e+09
3.822461952000000000e+09
3.822462190000000000e+09
3.822462786000000000e+09
3.822462892000000000e+09
3.822463240000000000e+09
3.822463462000000000e+09
3.822463562000000000e+09
3.822463652000000000e+09
3.822502986000000000e+09
3.822503076000000000e+09
3.822503688000000000e+09
3.822503910000000000e+09
3.822504258000000000e+09
3.822504364000000000e+09
3.822504448000000000e+09
3.822504686000000000e+09
3.822515310000000000e+09
3.822515328000000000e+09
3.822516012000000000e+09
3.822516162000000000e+09
3.822516582000000000e+09
3.822516616000000000e+09
3.822516772000000000e+09
3.822516938000000000e+09
3.822604398000000000e+09
3.822604416000000000e+09
3.822605100000000000e+09
3.822605250000000000e+09
3.822607718000000000e+09
3.822607752000000000e+09
3.822607908000000000e+09
3.822608074000000000e+09
3.822608458000000000e+09
3.822608548000000000e+09
3.822609160000000000e+09
3.822609382000000000e+09
3.822611778000000000e+09
3.822611884000000000e+09
3.822611968000000000e+09
3.822612206000000000e+09
3.822616576000000000e+09
3.822616814000000000e+09
3.822617410000000000e+09
3.822617516000000000e+09
3.822619912000000000e+09
3.822620134000000000e+09
3.822620234000000000e+09
3.822620324000000000e+09
3.822628900000000000e+09
3.822629066000000000e+09
3.822629734000000000e+09
3.822629768000000000e+09
3.822632236000000000e+09
3.822632386000000000e+09
3.822632558000000000e+09
3.822632576000000000e+09
3.822784812000000000e+09
3.822784962000000000e+09
3.822785134000000000e+09
3.822785152000000000e+09
3.822787620000000000e+09
3.822787786000000000e+09
3.822788454000000000e+09
3.822788488000000000e+09
3.822788872000000000e+09
3.822789094000000000e+09
3.822789194000000000e+09
3.822789284000000000e+09
3.822791680000000000e+09
3.822791918000000000e+09
3.822792514000000000e+09
3.822792620000000000e+09
3.822829890000000000e+09
3.822829996000000000e+09
3.822830080000000000e+09
3.822830318000000000e+09
3.822832714000000000e+09
3.822832804000000000e+09
3.822833416000000000e+09
3.822833638000000000e+09
3.822842214000000000e+09
3.822842248000000000e+09
3.822842404000000000e+09
3.822842570000000000e+09
3.822845038000000000e+09
3.822845056000000000e+09
3.822845740000000000e+09
3.822845890000000000e+09
3.823452482000000000e+09
3.823452588000000000e+09
3.823452672000000000e+09
3.823452910000000000e+09
3.823455306000000000e+09
3.823455396000000000e+09
3.823456008000000000e+09
3.823456230000000000e+09
3.823464806000000000e+09
3.823464840000000000e+09
3.823464996000000000e+09
3.823465162000000000e+09
3.823467630000000000e+09
3.823467648000000000e+09
3.823468332000000000e+09
3.823468482000000000e+09
3.823472940000000000e+09
3.823473090000000000e+09
3.823473262000000000e+09
3.823473280000000000e+09
3.823475748000000000e+09
3.823475914000000000e+09
3.823476582000000000e+09
3.823476616000000000e+09
3.823477000000000000e+09
3.823477222000000000e+09
3.823477322000000000e+09
3.823477412000000000e+09
3.823479808000000000e+09
3.823480046000000000e+09
3.823480642000000000e+09
3.823480748000000000e+09
3.823501312000000000e+09
3.823501550000000000e+09
3.823502146000000000e+09
3.823502252000000000e+09
3.823504648000000000e+09
3.823504870000000000e+09
3.823504970000000000e+09
3.823505060000000000e+09
3.823513636000000000e+09
3.823513802000000000e+09
3.823514470000000000e+09
3.823514504000000000e+09
3.823516972000000000e+09
3.823517122000000000e+09
3.823517294000000000e+09
3.823517312000000000e+09
3.823554670000000000e+09
3.823554688000000000e+09
3.823555372000000000e+09
3.823555522000000000e+09
3.823557990000000000e+09
3.823558024000000000e+09
3.823558180000000000e+09
3.823558346000000000e+09
3.823558730000000000e+09
3.823558820000000000e+09
3.823559432000000000e+09
3.823559654000000000e+09
3.823562050000000000e+09
3.823562156000000000e+09
3.823562240000000000e+09
3.823562478000000000e+09
3.823649866000000000e+09
3.823649956000000000e+09
3.823650568000000000e+09
3.823650790000000000e+09
3.823651138000000000e+09
3.823651244000000000e+09
3.823651328000000000e+09
3.823651566000000000e+09
3.823662190000000000e+09
3.823662208000000000e+09
3.823662892000000000e+09
3.823663042000000000e+09
3.823663462000000000e+09
3.823663496000000000e+09
3.823663652000000000e+09
3.823663818000000000e+09
3.823670308000000000e+09
3.823670474000000000e+09
3.823671142000000000e+09
3.823671176000000000e+09
3.823671596000000000e+09
3.823671746000000000e+09
3.823671918000000000e+09
3.823671936000000000e+09
3.823674368000000000e+09
3.823674606000000000e+09
3.823675202000000000e+09
3.823675308000000000e+09
3.823675656000000000e+09
3.823675878000000000e+09
3.823675978000000000e+09
3.823676068000000000e+09
3.823830280000000000e+09
3.823830502000000000e+09
3.823830602000000000e+09
3.823830692000000000e+09
3.823831040000000000e+09
3.823831278000000000e+09
3.823831874000000000e+09
3.823831980000000000e+09
3.823842604000000000e+09
3.823842754000000000e+09
3.823842926000000000e+09
3.823842944000000000e+09
3.823843364000000000e+09
3.823843530000000000e+09
3.823844198000000000e+09
3.823844232000000000e+09
3.823883622000000000e+09
3.823883656000000000e+09
3.823883812000000000e+09
3.823883978000000000e+09
3.823884398000000000e+09
3.823884416000000000e+09
3.823885100000000000e+09
3.823885250000000000e+09
3.823887682000000000e+09
3.823887788000000000e+09
3.823887872000000000e+09
3.823888110000000000e+09
3.823888458000000000e+09
3.823888548000000000e+09
3.823889160000000000e+09
3.823889382000000000e+09
3.980476738000000000e+09
3.980476844000000000e+09
3.980476928000000000e+09
3.980477166000000000e+09
3.980479562000000000e+09
3.980479652000000000e+09
3.980480264000000000e+09
3.980480486000000000e+09
3.980489062000000000e+09
3.980489096000000000e+09
3.980489252000000000e+09
3.980489418000000000e+09
3.980491886000000000e+09
3.980491904000000000e+09
3.980492588000000000e+09
3.980492738000000000e+09
3.980497196000000000e+09
3.980497346000000000e+09
3.980497518000000000e+09
3.980497536000000000e+09
3.980500004000000000e+09
3.980500170000000000e+09
3.980500838000000000e+09
3.980500872000000000e+09
3.980501256000000000e+09
3.980501478000000000e+09
3.980501578000000000e+09
3.980501668000000000e+09
3.980504064000000000e+09
3.980504302000000000e+09
3.980504898000000000e+09
3.980505004000000000e+09
3.980525568000000000e+09
3.980525806000000000e+09
3.980526402000000000e+09
3.980526508000000000e+09
3.980528904000000000e+09
3.980529126000000000e+09
3.980529226000000000e+09
3.980529316000000000e+09
3.980537892000000000e+09
3.980538058000000000e+09
3.980538726000000000e+09
3.980538760000000000e+09
3.980541228000000000e+09
3.980541378000000000e+09
3.980541550000000000e+09
3.980541568000000000e+09
3.980578926000000000e+09
3.980578944000000000e+09
3.980579628000000000e+09
3.980579778000000000e+09
3.980582246000000000e+09
3.980582280000000000e+09
3.980582436000000000e+09
3.980582602000000000e+09
3.980582986000000000e+09
3.980583076000000000e+09
3.980583688000000000e+09
3.980583910000000000e+09
3.980586306000000000e+09
3.980586412000000000e+09
3.980586496000000000e+09
3.980586734000000000e+09
3.981198410000000000e+09
3.981198500000000000e+09
3.981199112000000000e+09
3.981199334000000000e+09
3.981199682000000000e+09
3.981199788000000000e+09
3.981199872000000000e+09
3.981200110000000000e+09
3.981210734000000000e+09
3.981210752000000000e+09
3.981211436000000000e+09
3.981211586000000000e+09
3.981212006000000000e+09
3.981212040000000000e+09
3.981212196000000000e+09
3.981212362000000000e+09
3.981218852000000000e+09
3.981219018000000000e+09
3.981219686000000000e+09
3.981219720000000000e+09
3.981220140000000000e+09
3.981220290000000000e+09
3.981220462000000000e+09
3.981220480000000000e+09
3.981222912000000000e+09
3.981223150000000000e+09
3.981223746000000000e+09
3.981223852000000000e+09
3.981224200000000000e+09
3.981224422000000000e+09
3.981224522000000000e+09
3.981224612000000000e+09
3.981378824000000000e+09
3.981379046000000000e+09
3.981379146000000000e+09
3.981379236000000000e+09
3.981379584000000000e+09
3.981379822000000000e+09
3.981380418000000000e+09
3.981380524000000000e+09
3.981391148000000000e+09
3.981391298000000000e+09
3.981391470000000000e+09
3.981391488000000000e+09
3.981391908000000000e+09
3.981392074000000000e+09
3.981392742000000000e+09
3.981392776000000000e+09
3.981432166000000000e+09
3.981432200000000000e+09
3.981432356000000000e+09
3.981432522000000000e+09
3.981432942000000000e+09
3.981432960000000000e+09
3.981433644000000000e+09
3.981433794000000000e+09
3.981436226000000000e+09
3.981436332000000000e+09
3.981436416000000000e+09
3.981436654000000000e+09
3.981437002000000000e+09
3.981437092000000000e+09
3.981437704000000000e+09
3.981437926000000000e+09
3.983627622000000000e+09
3.983627656000000000e+09
3.983627812000000000e+09
3.983627978000000000e+09
3.983628398000000000e+09
3.983628416000000000e+09
3.983629100000000000e+09
3.983629250000000000e+09
3.983631682000000000e+09
3.983631788000000000e+09
3.983631872000000000e+09
3.983632110000000000e+09
3.983632458000000000e+09
3.983632548000000000e+09
3.983633160000000000e+09
3.983633382000000000e+09
3.983639816000000000e+09
3.983640038000000000e+09
3.983640138000000000e+09
3.983640228000000000e+09
3.983640576000000000e+09
3.983640814000000000e+09
3.983641410000000000e+09
3.983641516000000000e+09
3.983652140000000000e+09
3.983652290000000000e+09
3.983652462000000000e+09
3.983652480000000000e+09
3.983652900000000000e+09
3.983653066000000000e+09
3.983653734000000000e+09
3.983653768000000000e+09
3.983676452000000000e+09
3.983676618000000000e+09
3.983677286000000000e+09
3.983677320000000000e+09
3.983677740000000000e+09
3.983677890000000000e+09
3.983678062000000000e+09
3.983678080000000000e+09
3.983680512000000000e+09
3.983680750000000000e+09
3.983681346000000000e+09
3.983681452000000000e+09
3.983681800000000000e+09
3.983682022000000000e+09
3.983682122000000000e+09
3.983682212000000000e+09
3.983721546000000000e+09
3.983721636000000000e+09
3.983722248000000000e+09
3.983722470000000000e+09
3.983722818000000000e+09
3.983722924000000000e+09
3.983723008000000000e+09
3.983723246000000000e+09
3.983733870000000000e+09
3.983733888000000000e+09
3.983734572000000000e+09
3.983734722000000000e+09
3.983735142000000000e+09
3.983735176000000000e+09
3.983735332000000000e+09
3.983735498000000000e+09
3.984347246000000000e+09
3.984347264000000000e+09
3.984347948000000000e+09
3.984348098000000000e+09
3.984350566000000000e+09
3.984350600000000000e+09
3.984350756000000000e+09
3.984350922000000000e+09
3.984351306000000000e+09
3.984351396000000000e+09
3.984352008000000000e+09
3.984352230000000000e+09
3.984354626000000000e+09
3.984354732000000000e+09
3.984354816000000000e+09
3.984355054000000000e+09
3.984359424000000000e+09
3.984359662000000000e+09
3.984360258000000000e+09
3.984360364000000000e+09
3.984362760000000000e+09
3.984362982000000000e+09
3.984363082000000000e+09
3.984363172000000000e+09
3.984371748000000000e+09
3.984371914000000000e+09
3.984372582000000000e+09
3.984372616000000000e+09
3.984375084000000000e+09
3.984375234000000000e+09
3.984375406000000000e+09
3.984375424000000000e+09
3.984527660000000000e+09
3.984527810000000000e+09
3.984527982000000000e+09
3.984528000000000000e+09
3.984530468000000000e+09
3.984530634000000000e+09
3.984531302000000000e+09
3.984531336000000000e+09
3.984531720000000000e+09
3.984531942000000000e+09
3.984532042000000000e+09
3.984532132000000000e+09
3.984534528000000000e+09
3.984534766000000000e+09
3.984535362000000000e+09
3.984535468000000000e+09
3.984572738000000000e+09
3.984572844000000000e+09
3.984572928000000000e+09
3.984573166000000000e+09
3.984575562000000000e+09
3.984575652000000000e+09
3.984576264000000000e+09
3.984576486000000000e+09
3.984585062000000000e+09
3.984585096000000000e+09
3.984585252000000000e+09
3.984585418000000000e+09
3.984587886000000000e+09
3.984587904000000000e+09
3.984588588000000000e+09
3.984588738000000000e+09
3.985707308000000000e+09
3.985707458000000000e+09
3.985707630000000000e+09
3.985707648000000000e+09
3.985710116000000000e+09
3.985710282000000000e+09
3.985710950000000000e+09
3.985710984000000000e+09
3.985711368000000000e+09
3.985711590000000000e+09
3.985711690000000000e+09
3.985711780000000000e+09
3.985714176000000000e+09
3.985714414000000000e+09
3.985715010000000000e+09
3.985715116000000000e+09
3.985752386000000000e+09
3.985752492000000000e+09
3.985752576000000000e+09
3.985752814000000000e+09
3.985755210000000000e+09
3.985755300000000000e+09
3.985755912000000000e+09
3.985756134000000000e+09
3.985764710000000000e+09
3.985764744000000000e+09
3.985764900000000000e+09
3.985765066000000000e+09
3.985767534000000000e+09
3.985767552000000000e+09
3.985768236000000000e+09
3.985768386000000000e+09
3.985789038000000000e+09
3.985789056000000000e+09
3.985789740000000000e+09
3.985789890000000000e+09
3.985792358000000000e+09
3.985792392000000000e+09
3.985792548000000000e+09
3.985792714000000000e+09
3.985793098000000000e+09
3.985793188000000000e+09
3.985793800000000000e+09
3.985794022000000000e+09
3.985796418000000000e+09
3.985796524000000000e+09
3.985796608000000000e+09
3.985796846000000000e+09
3.985801216000000000e+09
3.985801454000000000e+09
3.985802050000000000e+09
3.985802156000000000e+09
3.985804552000000000e+09
3.985804774000000000e+09
3.985804874000000000e+09
3.985804964000000000e+09
3.985813540000000000e+09
3.985813706000000000e+09
3.985814374000000000e+09
3.985814408000000000e+09
3.985816876000000000e+09
3.985817026000000000e+09
3.985817198000000000e+09
3.985817216000000000e+09
3.986428964000000000e+09
3.986429130000000000e+09
3.986429798000000000e+09
3.986429832000000000e+09
3.986430252000000000e+09
3.986430402000000000e+09
3.986430574000000000e+09
3.986430592000000000e+09
3.986433024000000000e+09
3.986433262000000000e+09
3.986433858000000000e+09
3.986433964000000000e+09
3.986434312000000000e+09
3.986434534000000000e+09
3.986434634000000000e+09
3.986434724000000000e+09
3.986474058000000000e+09
3.986474148000000000e+09
3.986474760000000000e+09
3.986474982000000000e+09
3.986475330000000000e+09
3.986475436000000000e+09
3.986475520000000000e+09
3.986475758000000000e+09
3.986486382000000000e+09
3.986486400000000000e+09
3.986487084000000000e+09
3.986487234000000000e+09
3.986487654000000000e+09
3.986487688000000000e+09
3.986487844000000000e+09
3.986488010000000000e+09
3.986642278000000000e+09
3.986642312000000000e+09
3.986642468000000000e+09
3.986642634000000000e+09
3.986643054000000000e+09
3.986643072000000000e+09
3.986643756000000000e+09
3.986643906000000000e+09
3.986646338000000000e+09
3.986646444000000000e+09
3.986646528000000000e+09
3.986646766000000000e+09
3.986647114000000000e+09
3.986647204000000000e+09
3.986647816000000000e+09
3.986648038000000000e+09
3.986654472000000000e+09
3.986654694000000000e+09
3.986654794000000000e+09
3.986654884000000000e+09
3.986655232000000000e+09
3.986655470000000000e+09
3.986656066000000000e+09
3.986656172000000000e+09
3.986666796000000000e+09
3.986666946000000000e+09
3.986667118000000000e+09
3.986667136000000000e+09
3.986667556000000000e+09
3.986667722000000000e+09
3.986668390000000000e+09
3.986668424000000000e+09
3.986752776000000000e+09
3.986752998000000000e+09
3.986753098000000000e+09
3.986753188000000000e+09
3.986753536000000000e+09
3.986753774000000000e+09
3.986754370000000000e+09
3.986754476000000000e+09
3.986765100000000000e+09
3.986765250000000000e+09
3.986765422000000000e+09
3.986765440000000000e+09
3.986765860000000000e+09
3.986766026000000000e+09
3.986766694000000000e+09
3.986766728000000000e+09
3.986806118000000000e+09
3.986806152000000000e+09
3.986806308000000000e+09
3.986806474000000000e+09
3.986806894000000000e+09
3.986806912000000000e+09
3.986807596000000000e+09
3.986807746000000000e+09
3.986810178000000000e+09
3.986810284000000000e+09
3.986810368000000000e+09
3.986810606000000000e+09
3.986810954000000000e+09
3.986811044000000000e+09
3.986811656000000000e+09
3.986811878000000000e+09
3.986834506000000000e+09
3.986834596000000000e+09
3.986835208000000000e+09
3.986835430000000000e+09
3.986835778000000000e+09
3.986835884000000000e+09
3.986835968000000000e+09
3.986836206000000000e+09
3.986846830000000000e+09
3.986846848000000000e+09
3.986847532000000000e+09
3.986847682000000000e+09
3.986848102000000000e+09
3.986848136000000000e+09
3.986848292000000000e+09
3.986848458000000000e+09
3.986854948000000000e+09
3.986855114000000000e+09
3.986855782000000000e+09
3.986855816000000000e+09
3.986856236000000000e+09
3.986856386000000000e+09
3.986856558000000000e+09
3.986856576000000000e+09
3.986859008000000000e+09
3.986859246000000000e+09
3.986859842000000000e+09
3.986859948000000000e+09
3.986860296000000000e+09
3.986860518000000000e+09
3.986860618000000000e+09
3.986860708000000000e+09
3.987472384000000000e+09
3.987472622000000000e+09
3.987473218000000000e+09
3.987473324000000000e+09
3.987475720000000000e+09
3.987475942000000000e+09
3.987476042000000000e+09
3.987476132000000000e+09
3.987484708000000000e+09
3.987484874000000000e+09
3.987485542000000000e+09
3.987485576000000000e+09
3.987488044000000000e+09
3.987488194000000000e+09
3.987488366000000000e+09
3.987488384000000000e+09
3.987525742000000000e+09
3.987525760000000000e+09
3.987526444000000000e+09
3.987526594000000000e+09
3.987529062000000000e+09
3.987529096000000000e+09
3.987529252000000000e+09
3.987529418000000000e+09
3.987529802000000000e+09
3.987529892000000000e+09
3.987530504000000000e+09
3.987530726000000000e+09
3.987533122000000000e+09
3.987533228000000000e+09
3.987533312000000000e+09
3.987533550000000000e+09
3.987685698000000000e+09
3.987685804000000000e+09
3.987685888000000000e+09
3.987686126000000000e+09
3.987688522000000000e+09
3.987688612000000000e+09
3.987689224000000000e+09
3.987689446000000000e+09
3.987698022000000000e+09
3.987698056000000000e+09
3.987698212000000000e+09
3.987698378000000000e+09
3.987700846000000000e+09
3.987700864000000000e+09
3.987701548000000000e+09
3.987701698000000000e+09
3.987706156000000000e+09
3.987706306000000000e+09
3.987706478000000000e+09
3.987706496000000000e+09
3.987708964000000000e+09
3.987709130000000000e+09
3.987709798000000000e+09
3.987709832000000000e+09
3.987710216000000000e+09
3.987710438000000000e+09
3.987710538000000000e+09
3.987710628000000000e+09
3.987713024000000000e+09
3.987713262000000000e+09
3.987713858000000000e+09
3.987713964000000000e+09
3.992977408000000000e+09
3.992977646000000000e+09
3.992978242000000000e+09
3.992978348000000000e+09
3.992980744000000000e+09
3.992980966000000000e+09
3.992981066000000000e+09
3.992981156000000000e+09
3.992989732000000000e+09
3.992989898000000000e+09
3.992990566000000000e+09
3.992990600000000000e+09
3.992993068000000000e+09
3.992993218000000000e+09
3.992993390000000000e+09
3.992993408000000000e+09
3.993030766000000000e+09
3.993030784000000000e+09
3.993031468000000000e+09
3.993031618000000000e+09
3.993034086000000000e+09
3.993034120000000000e+09
3.993034276000000000e+09
3.993034442000000000e+09
3.993034826000000000e+09
3.993034916000000000e+09
3.993035528000000000e+09
3.993035750000000000e+09
3.993038146000000000e+09
3.993038252000000000e+09
3.993038336000000000e+09
3.993038574000000000e+09
3.993190722000000000e+09
3.993190828000000000e+09
3.993190912000000000e+09
3.993191150000000000e+09
3.993193546000000000e+09
3.993193636000000000e+09
3.993194248000000000e+09
3.993194470000000000e+09
3.993203046000000000e+09
3.993203080000000000e+09
3.993203236000000000e+09
3.993203402000000000e+09
3.993205870000000000e+09
3.993205888000000000e+09
3.993206572000000000e+09
3.993206722000000000e+09
3.993211180000000000e+09
3.993211330000000000e+09
3.993211502000000000e+09
3.993211520000000000e+09
3.993213988000000000e+09
3.993214154000000000e+09
3.993214822000000000e+09
3.993214856000000000e+09
3.993215240000000000e+09
3.993215462000000000e+09
3.993215562000000000e+09
3.993215652000000000e+09
3.993218048000000000e+09
3.993218286000000000e+09
3.993218882000000000e+09
3.993218988000000000e+09
3.993830664000000000e+09
3.993830886000000000e+09
3.993830986000000000e+09
3.993831076000000000e+09
3.993831424000000000e+09
3.993831662000000000e+09
3.993832258000000000e+09
3.993832364000000000e+09
3.993842988000000000e+09
3.993843138000000000e+09
3.993843310000000000e+09
3.993843328000000000e+09
3.993843748000000000e+09
3.993843914000000000e+09
3.993844582000000000e+09
3.993844616000000000e+09
3.993884006000000000e+09
3.993884040000000000e+09
3.993884196000000000e+09
3.993884362000000000e+09
3.993884782000000000e+09
3.993884800000000000e+09
3.993885484000000000e+09
3.993885634000000000e+09
3.993888066000000000e+09
3.993888172000000000e+09
3.993888256000000000e+09
3.993888494000000000e+09
3.993888842000000000e+09
3.993888932000000000e+09
3.993889544000000000e+09
3.993889766000000000e+09
3.993912394000000000e+09
3.993912484000000000e+09
3.993913096000000000e+09
3.993913318000000000e+09
3.993913666000000000e+09
3.993913772000000000e+09
3.993913856000000000e+09
3.993914094000000000e+09
3.993924718000000000e+09
3.993924736000000000e+09
3.993925420000000000e+09
3.993925570000000000e+09
3.993925990000000000e+09
3.993926024000000000e+09
3.993926180000000000e+09
3.993926346000000000e+09
3.993932836000000000e+09
3.993933002000000000e+09
3.993933670000000000e+09
3.993933704000000000e+09
3.993934124000000000e+09
3.993934274000000000e+09
3.993934446000000000e+09
3.993934464000000000e+09
3.993936896000000000e+09
3.993937134000000000e+09
3.993937730000000000e+09
3.993937836000000000e+09
3.993938184000000000e+09
3.993938406000000000e+09
3.993938506000000000e+09
3.993938596000000000e+09
3.996128292000000000e+09
3.996128458000000000e+09
3.996129126000000000e+09
3.996129160000000000e+09
3.996129580000000000e+09
3.996129730000000000e+09
3.996129902000000000e+09
3.996129920000000000e+09
3.996132352000000000e+09
3.996132590000000000e+09
3.996133186000000000e+09
3.996133292000000000e+09
3.996133640000000000e+09
3.996133862000000000e+09
3.996133962000000000e+09
3.996134052000000000e+09
3.996173386000000000e+09
3.996173476000000000e+09
3.996174088000000000e+09
3.996174310000000000e+09
3.996174658000000000e+09
3.996174764000000000e+09
3.996174848000000000e+09
3.996175086000000000e+09
3.996185710000000000e+09
3.996185728000000000e+09
3.996186412000000000e+09
3.996186562000000000e+09
3.996186982000000000e+09
3.996187016000000000e+09
3.996187172000000000e+09
3.996187338000000000e+09
3.996341606000000000e+09
3.996341640000000000e+09
3.996341796000000000e+09
3.996341962000000000e+09
3.996342382000000000e+09
3.996342400000000000e+09
3.996343084000000000e+09
3.996343234000000000e+09
3.996345666000000000e+09
3.996345772000000000e+09
3.996345856000000000e+09
3.996346094000000000e+09
3.996346442000000000e+09
3.996346532000000000e+09
3.996347144000000000e+09
3.996347366000000000e+09
3.996353800000000000e+09
3.996354022000000000e+09
3.996354122000000000e+09
3.996354212000000000e+09
3.996354560000000000e+09
3.996354798000000000e+09
3.996355394000000000e+09
3.996355500000000000e+09
3.996366124000000000e+09
3.996366274000000000e+09
3.996366446000000000e+09
3.996366464000000000e+09
3.996366884000000000e+09
3.996367050000000000e+09
3.996367718000000000e+09
3.996367752000000000e+09
3.996979500000000000e+09
3.996979650000000000e+09
3.996979822000000000e+09
3.996979840000000000e+09
3.996982308000000000e+09
3.996982474000000000e+09
3.996983142000000000e+09
3.996983176000000000e+09
3.996983560000000000e+09
3.996983782000000000e+09
3.996983882000000000e+09
3.996983972000000000e+09
3.996986368000000000e+09
3.996986606000000000e+09
3.996987202000000000e+09
3.996987308000000000e+09
3.997024578000000000e+09
3.997024684000000000e+09
3.997024768000000000e+09
3.997025006000000000e+09
3.997027402000000000e+09
3.997027492000000000e+09
3.997028104000000000e+09
3.997028326000000000e+09
3.997036902000000000e+09
3.997036936000000000e+09
3.997037092000000000e+09
3.997037258000000000e+09
3.997039726000000000e+09
3.997039744000000000e+09
3.997040428000000000e+09
3.997040578000000000e+09
3.997061230000000000e+09
3.997061248000000000e+09
3.997061932000000000e+09
3.997062082000000000e+09
3.997064550000000000e+09
3.997064584000000000e+09
3.997064740000000000e+09
3.997064906000000000e+09
3.997065290000000000e+09
3.997065380000000000e+09
3.997065992000000000e+09
3.997066214000000000e+09
3.997068610000000000e+09
3.997068716000000000e+09
3.997068800000000000e+09
3.997069038000000000e+09
3.997073408000000000e+09
3.997073646000000000e+09
3.997074242000000000e+09
3.997074348000000000e+09
3.997076744000000000e+09
3.997076966000000000e+09
3.997077066000000000e+09
3.997077156000000000e+09
3.997085732000000000e+09
3.997085898000000000e+09
3.997086566000000000e+09
3.997086600000000000e+09
3.997089068000000000e+09
3.997089218000000000e+09
3.997089390000000000e+09
3.997089408000000000e+09
4.006629486000000000e+09
4.006629504000000000e+09
4.006630188000000000e+09
4.006630338000000000e+09
4.006632806000000000e+09
4.006632840000000000e+09
4.006632996000000000e+09
4.006633162000000000e+09
4.006633546000000000e+09
4.006633636000000000e+09
4.006634248000000000e+09
4.006634470000000000e+09
4.006636866000000000e+09
4.006636972000000000e+09
4.006637056000000000e+09
4.006637294000000000e+09
4.006641664000000000e+09
4.006641902000000000e+09
4.006642498000000000e+09
4.006642604000000000e+09
4.006645000000000000e+09
4.006645222000000000e+09
4.006645322000000000e+09
4.006645412000000000e+09
4.006653988000000000e+09
4.006654154000000000e+09
4.006654822000000000e+09
4.006654856000000000e+09
4.006657324000000000e+09
4.006657474000000000e+09
4.006657646000000000e+09
4.006657664000000000e+09
4.006809900000000000e+09
4.006810050000000000e+09
4.006810222000000000e+09
4.006810240000000000e+09
4.006812708000000000e+09
4.006812874000000000e+09
4.006813542000000000e+09
4.006813576000000000e+09
4.006813960000000000e+09
4.006814182000000000e+09
4.006814282000000000e+09
4.006814372000000000e+09
4.006816768000000000e+09
4.006817006000000000e+09
4.006817602000000000e+09
4.006817708000000000e+09
4.006854978000000000e+09
4.006855084000000000e+09
4.006855168000000000e+09
4.006855406000000000e+09
4.006857802000000000e+09
4.006857892000000000e+09
4.006858504000000000e+09
4.006858726000000000e+09
4.006867302000000000e+09
4.006867336000000000e+09
4.006867492000000000e+09
4.006867658000000000e+09
4.006870126000000000e+09
4.006870144000000000e+09
4.006870828000000000e+09
4.006870978000000000e+09
4.007482726000000000e+09
4.007482760000000000e+09
4.007482916000000000e+09
4.007483082000000000e+09
4.007483502000000000e+09
4.007483520000000000e+09
4.007484204000000000e+09
4.007484354000000000e+09
4.007486786000000000e+09
4.007486892000000000e+09
4.007486976000000000e+09
4.007487214000000000e+09
4.007487562000000000e+09
4.007487652000000000e+09
4.007488264000000000e+09
4.007488486000000000e+09
4.007494920000000000e+09
4.007495142000000000e+09
4.007495242000000000e+09
4.007495332000000000e+09
4.007495680000000000e+09
4.007495918000000000e+09
4.007496514000000000e+09
4.007496620000000000e+09
4.007507244000000000e+09
4.007507394000000000e+09
4.007507566000000000e+09
4.007507584000000000e+09
4.007508004000000000e+09
4.007508170000000000e+09
4.007508838000000000e+09
4.007508872000000000e+09
4.007531556000000000e+09
4.007531722000000000e+09
4.007532390000000000e+09
4.007532424000000000e+09
4.007532844000000000e+09
4.007532994000000000e+09
4.007533166000000000e+09
4.007533184000000000e+09
4.007535616000000000e+09
4.007535854000000000e+09
4.007536450000000000e+09
4.007536556000000000e+09
4.007536904000000000e+09
4.007537126000000000e+09
4.007537226000000000e+09
4.007537316000000000e+09
4.007576650000000000e+09
4.007576740000000000e+09
4.007577352000000000e+09
4.007577574000000000e+09
4.007577922000000000e+09
4.007578028000000000e+09
4.007578112000000000e+09
4.007578350000000000e+09
4.007588974000000000e+09
4.007588992000000000e+09
4.007589676000000000e+09
4.007589826000000000e+09
4.007590246000000000e+09
4.007590280000000000e+09
4.007590436000000000e+09
4.007590602000000000e+09
4.007674954000000000e+09
4.007675044000000000e+09
4.007675656000000000e+09
4.007675878000000000e+09
4.007676226000000000e+09
4.007676332000000000e+09
4.007676416000000000e+09
4.007676654000000000e+09
4.007687278000000000e+09
4.007687296000000000e+09
4.007687980000000000e+09
4.007688130000000000e+09
4.007688550000000000e+09
4.007688584000000000e+09
4.007688740000000000e+09
4.007688906000000000e+09
4.007695396000000000e+09
4.007695562000000000e+09
4.007696230000000000e+09
4.007696264000000000e+09
4.007696684000000000e+09
4.007696834000000000e+09
4.007697006000000000e+09
4.007697024000000000e+09
4.007699456000000000e+09
4.007699694000000000e+09
4.007700290000000000e+09
4.007700396000000000e+09
4.007700744000000000e+09
4.007700966000000000e+09
4.007701066000000000e+09
4.007701156000000000e+09
4.007855368000000000e+09
4.007855590000000000e+09
4.007855690000000000e+09
4.007855780000000000e+09
4.007856128000000000e+09
4.007856366000000000e+09
4.007856962000000000e+09
4.007857068000000000e+09
4.007867692000000000e+09
4.007867842000000000e+09
4.007868014000000000e+09
4.007868032000000000e+09
4.007868452000000000e+09
4.007868618000000000e+09
4.007869286000000000e+09
4.007869320000000000e+09
4.007908710000000000e+09
4.007908744000000000e+09
4.007908900000000000e+09
4.007909066000000000e+09
4.007909486000000000e+09
4.007909504000000000e+09
4.007910188000000000e+09
4.007910338000000000e+09
4.007912770000000000e+09
4.007912876000000000e+09
4.007912960000000000e+09
4.007913198000000000e+09
4.007913546000000000e+09
4.007913636000000000e+09
4.007914248000000000e+09
4.007914470000000000e+09
4.008526146000000000e+09
4.008526252000000000e+09
4.008526336000000000e+09
4.008526574000000000e+09
4.008528970000000000e+09
4.008529060000000000e+09
4.008529672000000000e+09
4.008529894000000000e+09
4.008538470000000000e+09
4.008538504000000000e+09
4.008538660000000000e+09
4.008538826000000000e+09
4.008541294000000000e+09
4.008541312000000000e+09
4.008541996000000000e+09
4.008542146000000000e+09
4.008546604000000000e+09
4.008546754000000000e+09
4.008546926000000000e+09
4.008546944000000000e+09
4.008549412000000000e+09
4.008549578000000000e+09
4.008550246000000000e+09
4.008550280000000000e+09
4.008550664000000000e+09
4.008550886000000000e+09
4.008550986000000000e+09
4.008551076000000000e+09
4.008553472000000000e+09
4.008553710000000000e+09
4.008554306000000000e+09
4.008554412000000000e+09
4.008574976000000000e+09
4.008575214000000000e+09
4.008575810000000000e+09
4.008575916000000000e+09
4.008578312000000000e+09
4.008578534000000000e+09
4.008578634000000000e+09
4.008578724000000000e+09
4.008587300000000000e+09
4.008587466000000000e+09
4.008588134000000000e+09
4.008588168000000000e+09
4.008590636000000000e+09
4.008590786000000000e+09
4.008590958000000000e+09
4.008590976000000000e+09
4.008628334000000000e+09
4.008628352000000000e+09
4.008629036000000000e+09
4.008629186000000000e+09
4.008631654000000000e+09
4.008631688000000000e+09
4.008631844000000000e+09
4.008632010000000000e+09
4.008632394000000000e+09
4.008632484000000000e+09
4.008633096000000000e+09
4.008633318000000000e+09
4.008635714000000000e+09
4.008635820000000000e+09
4.008635904000000000e+09
4.008636142000000000e+09
