==== Slurm info ====
Job name:   ea_4_4to7
Job ID:     26506040
Node list:  node040
Num nodes:  1
Submit dir: /home/s39jleng_hpc/4xN_prec/ground
===============
Using a 4 by 4 lattice:
1/31
After sweep 1 energy=-34.67422889785911  maxlinkdim=20 maxerr=1.04E-05 time=17.683
After sweep 2 energy=-35.00610089491804  maxlinkdim=20 maxerr=2.24E-04 time=0.380
After sweep 3 energy=-35.00588737569079  maxlinkdim=20 maxerr=2.21E-04 time=0.347
After sweep 4 energy=-35.3302209072377  maxlinkdim=40 maxerr=3.39E-06 time=0.971
After sweep 5 energy=-35.33030728958624  maxlinkdim=40 maxerr=3.49E-06 time=0.927
After sweep 6 energy=-35.33030952690193  maxlinkdim=40 maxerr=3.51E-06 time=0.889
After sweep 7 energy=-35.334110719689015  maxlinkdim=160 maxerr=4.08E-10 time=6.491
After sweep 8 energy=-35.33411077457236  maxlinkdim=160 maxerr=4.18E-10 time=5.696
After sweep 9 energy=-35.33411077463143  maxlinkdim=160 maxerr=4.18E-10 time=5.665
After sweep 10 energy=-35.33411083419167  maxlinkdim=295 maxerr=9.95E-13 time=7.033
After sweep 11 energy=-35.334110834195144  maxlinkdim=295 maxerr=9.95E-13 time=6.487
After sweep 12 energy=-35.334110834195045  maxlinkdim=295 maxerr=9.95E-13 time=6.820
After sweep 13 energy=-35.33411083416945  maxlinkdim=295 maxerr=9.99E-13 time=6.370
After sweep 14 energy=-35.3341108341653  maxlinkdim=295 maxerr=9.98E-13 time=6.197
After sweep 15 energy=-35.33411083416331  maxlinkdim=295 maxerr=9.98E-13 time=6.321
After sweep 16 energy=-35.33411083397811  maxlinkdim=88 maxerr=8.93E-13 time=5.608
After sweep 17 energy=-35.334110833360526  maxlinkdim=86 maxerr=9.49E-13 time=1.821
After sweep 18 energy=-35.33411083281089  maxlinkdim=85 maxerr=9.60E-13 time=1.719
After sweep 19 energy=-35.334110832785235  maxlinkdim=85 maxerr=6.26E-13 time=1.583
After sweep 20 energy=-35.334110832769966  maxlinkdim=85 maxerr=6.01E-13 time=1.702
After sweep 21 energy=-35.33411083275632  maxlinkdim=85 maxerr=5.90E-13 time=1.604
After sweep 22 energy=-35.33411083274041  maxlinkdim=85 maxerr=5.88E-13 time=1.576
After sweep 23 energy=-35.33411083269133  maxlinkdim=85 maxerr=9.64E-13 time=1.743
After sweep 24 energy=-35.33411083246032  maxlinkdim=85 maxerr=9.80E-13 time=1.631
After sweep 25 energy=-35.33411083230777  maxlinkdim=85 maxerr=9.45E-13 time=1.643
After sweep 26 energy=-35.334110832437545  maxlinkdim=85 maxerr=7.91E-13 time=1.750
After sweep 27 energy=-35.33411083225477  maxlinkdim=85 maxerr=9.77E-13 time=1.675
After sweep 28 energy=-35.334110832058265  maxlinkdim=85 maxerr=9.85E-13 time=1.793
After sweep 29 energy=-35.33411083222745  maxlinkdim=85 maxerr=9.84E-13 time=1.563
After sweep 30 energy=-35.33411083274219  maxlinkdim=86 maxerr=9.97E-13 time=1.636
After sweep 31 energy=-35.33411083210587  maxlinkdim=85 maxerr=9.74E-13 time=1.619
After sweep 32 energy=-35.33411083205022  maxlinkdim=85 maxerr=9.87E-13 time=1.611
After sweep 33 energy=-35.33411083236727  maxlinkdim=85 maxerr=8.68E-13 time=1.677
After sweep 34 energy=-35.33411083191633  maxlinkdim=85 maxerr=9.92E-13 time=1.372
After sweep 35 energy=-35.33411083194538  maxlinkdim=85 maxerr=9.13E-13 time=1.565
After sweep 36 energy=-35.3341108319395  maxlinkdim=85 maxerr=9.99E-13 time=1.686
After sweep 37 energy=-35.33411083195424  maxlinkdim=85 maxerr=6.80E-13 time=1.619
After sweep 38 energy=-35.33411083195538  maxlinkdim=85 maxerr=6.75E-13 time=1.544
After sweep 39 energy=-35.33411083195378  maxlinkdim=85 maxerr=6.68E-13 time=1.626
After sweep 40 energy=-35.334110831950824  maxlinkdim=85 maxerr=6.72E-13 time=1.697
After sweep 41 energy=-35.334110831948045  maxlinkdim=85 maxerr=6.76E-13 time=1.575
Energy difference less than 5.0e-5, stopping DMRG
2/31
After sweep 1 energy=-38.14494073803854  maxlinkdim=85 maxerr=6.73E-08 time=3.220
After sweep 2 energy=-38.144941325321895  maxlinkdim=85 maxerr=6.73E-08 time=2.834
After sweep 3 energy=-38.14494132490657  maxlinkdim=85 maxerr=6.73E-08 time=2.907
After sweep 4 energy=-38.1449601381934  maxlinkdim=170 maxerr=3.46E-10 time=5.716
After sweep 5 energy=-38.144960209060855  maxlinkdim=89 maxerr=9.94E-13 time=2.569
After sweep 6 energy=-38.14496020884083  maxlinkdim=88 maxerr=9.69E-13 time=1.726
After sweep 7 energy=-38.14496020847315  maxlinkdim=87 maxerr=1.00E-12 time=1.825
After sweep 8 energy=-38.14496020845945  maxlinkdim=87 maxerr=6.98E-13 time=1.722
Energy difference less than 5.0e-5, stopping DMRG
3/31
After sweep 1 energy=-41.22481037302039  maxlinkdim=87 maxerr=7.68E-08 time=3.806
After sweep 2 energy=-41.22481045746613  maxlinkdim=87 maxerr=7.69E-08 time=2.957
After sweep 3 energy=-41.22481043630378  maxlinkdim=87 maxerr=7.68E-08 time=3.038
After sweep 4 energy=-41.224834392790555  maxlinkdim=174 maxerr=3.93E-10 time=5.843
After sweep 5 energy=-41.224834471203394  maxlinkdim=92 maxerr=9.96E-13 time=2.690
After sweep 6 energy=-41.22483447039911  maxlinkdim=89 maxerr=9.74E-13 time=1.960
After sweep 7 energy=-41.224834470491786  maxlinkdim=90 maxerr=9.10E-13 time=1.763
After sweep 8 energy=-41.22483447051172  maxlinkdim=89 maxerr=8.82E-13 time=1.848
Energy difference less than 5.0e-5, stopping DMRG
4/31
After sweep 1 energy=-44.602312435656074  maxlinkdim=89 maxerr=8.68E-08 time=3.526
After sweep 2 energy=-44.60231564110814  maxlinkdim=89 maxerr=8.66E-08 time=3.244
After sweep 3 energy=-44.60231570930339  maxlinkdim=89 maxerr=8.72E-08 time=3.249
After sweep 4 energy=-44.60234599416678  maxlinkdim=178 maxerr=4.43E-10 time=6.055
After sweep 5 energy=-44.602346073219685  maxlinkdim=95 maxerr=9.23E-13 time=2.731
After sweep 6 energy=-44.60234607287952  maxlinkdim=93 maxerr=9.83E-13 time=2.008
After sweep 7 energy=-44.60234607222787  maxlinkdim=92 maxerr=9.31E-13 time=2.028
After sweep 8 energy=-44.60234607205464  maxlinkdim=91 maxerr=8.55E-13 time=2.014
Energy difference less than 5.0e-5, stopping DMRG
5/31
After sweep 1 energy=-48.309456158807336  maxlinkdim=91 maxerr=9.74E-08 time=3.515
After sweep 2 energy=-48.3094562871318  maxlinkdim=91 maxerr=9.72E-08 time=3.294
After sweep 3 energy=-48.30945629769883  maxlinkdim=91 maxerr=9.74E-08 time=3.514
After sweep 4 energy=-48.3094941383859  maxlinkdim=182 maxerr=5.01E-10 time=6.973
After sweep 5 energy=-48.30949425019256  maxlinkdim=97 maxerr=9.95E-13 time=2.885
After sweep 6 energy=-48.30949424956816  maxlinkdim=95 maxerr=9.43E-13 time=2.000
After sweep 7 energy=-48.30949424953394  maxlinkdim=94 maxerr=9.41E-13 time=2.036
After sweep 8 energy=-48.309494249521094  maxlinkdim=94 maxerr=9.96E-13 time=1.975
Energy difference less than 5.0e-5, stopping DMRG
6/31
After sweep 1 energy=-52.38213493691013  maxlinkdim=94 maxerr=9.91E-08 time=3.877
After sweep 2 energy=-52.38213662198801  maxlinkdim=94 maxerr=9.89E-08 time=3.624
After sweep 3 energy=-52.38213667316285  maxlinkdim=94 maxerr=9.91E-08 time=3.462
After sweep 4 energy=-52.382180906458885  maxlinkdim=188 maxerr=5.27E-10 time=7.563
After sweep 5 energy=-52.38218105517308  maxlinkdim=101 maxerr=9.60E-13 time=2.984
After sweep 6 energy=-52.382181054507555  maxlinkdim=97 maxerr=9.66E-13 time=2.039
After sweep 7 energy=-52.382181054301604  maxlinkdim=97 maxerr=9.80E-13 time=2.420
After sweep 8 energy=-52.38218105428996  maxlinkdim=97 maxerr=7.95E-13 time=2.276
Energy difference less than 5.0e-5, stopping DMRG
7/31
After sweep 1 energy=-56.8607901771947  maxlinkdim=97 maxerr=1.01E-07 time=3.979
After sweep 2 energy=-56.86079049266996  maxlinkdim=97 maxerr=1.01E-07 time=4.319
After sweep 3 energy=-56.86079043832806  maxlinkdim=97 maxerr=1.01E-07 time=4.092
After sweep 4 energy=-56.86084558413664  maxlinkdim=194 maxerr=5.74E-10 time=8.153
After sweep 5 energy=-56.86084575632129  maxlinkdim=105 maxerr=9.81E-13 time=3.304
After sweep 6 energy=-56.8608457558075  maxlinkdim=102 maxerr=9.63E-13 time=2.512
After sweep 7 energy=-56.86084575529687  maxlinkdim=100 maxerr=9.89E-13 time=2.322
After sweep 8 energy=-56.8608457548469  maxlinkdim=98 maxerr=9.55E-13 time=2.227
Energy difference less than 5.0e-5, stopping DMRG
8/31
After sweep 1 energy=-61.791188981373466  maxlinkdim=98 maxerr=1.16E-07 time=4.137
After sweep 2 energy=-61.79118908597625  maxlinkdim=98 maxerr=1.16E-07 time=4.186
After sweep 3 energy=-61.791189085473604  maxlinkdim=98 maxerr=1.16E-07 time=3.984
After sweep 4 energy=-61.79125308167858  maxlinkdim=196 maxerr=7.14E-10 time=7.834
After sweep 5 energy=-61.791253235192  maxlinkdim=106 maxerr=1.00E-12 time=3.293
After sweep 6 energy=-61.791253235348975  maxlinkdim=105 maxerr=9.96E-13 time=2.469
After sweep 7 energy=-61.79125323504606  maxlinkdim=104 maxerr=9.85E-13 time=2.486
After sweep 8 energy=-61.791253234817624  maxlinkdim=103 maxerr=9.92E-13 time=2.446
Energy difference less than 5.0e-5, stopping DMRG
9/31
After sweep 1 energy=-67.22542381433277  maxlinkdim=103 maxerr=9.87E-08 time=5.071
After sweep 2 energy=-67.2254238672532  maxlinkdim=103 maxerr=9.86E-08 time=4.213
After sweep 3 energy=-67.22542386367516  maxlinkdim=103 maxerr=9.86E-08 time=4.410
After sweep 4 energy=-67.2254837419913  maxlinkdim=206 maxerr=6.26E-10 time=8.730
After sweep 5 energy=-67.22548393112487  maxlinkdim=110 maxerr=9.68E-13 time=3.399
After sweep 6 energy=-67.22548393084662  maxlinkdim=109 maxerr=9.99E-13 time=2.674
After sweep 7 energy=-67.22548393055531  maxlinkdim=108 maxerr=9.76E-13 time=2.493
After sweep 8 energy=-67.2254839304084  maxlinkdim=107 maxerr=8.86E-13 time=2.633
Energy difference less than 5.0e-5, stopping DMRG
10/31
After sweep 1 energy=-73.2231128936488  maxlinkdim=107 maxerr=9.61E-08 time=5.148
After sweep 2 energy=-73.22311303534458  maxlinkdim=107 maxerr=9.60E-08 time=4.644
After sweep 3 energy=-73.22311304410158  maxlinkdim=107 maxerr=9.61E-08 time=4.682
After sweep 4 energy=-73.22318916342878  maxlinkdim=214 maxerr=5.78E-10 time=8.923
After sweep 5 energy=-73.22318935247633  maxlinkdim=111 maxerr=9.23E-13 time=3.543
After sweep 6 energy=-73.2231893520825  maxlinkdim=110 maxerr=9.95E-13 time=2.732
After sweep 7 energy=-73.22318935186657  maxlinkdim=109 maxerr=9.93E-13 time=2.469
After sweep 8 energy=-73.22318935173928  maxlinkdim=109 maxerr=9.83E-13 time=2.630
Energy difference less than 5.0e-5, stopping DMRG
11/31
After sweep 1 energy=-79.85312222381012  maxlinkdim=109 maxerr=1.06E-07 time=5.261
After sweep 2 energy=-79.85312244470774  maxlinkdim=109 maxerr=1.06E-07 time=4.277
After sweep 3 energy=-79.85312243057254  maxlinkdim=109 maxerr=1.06E-07 time=4.849
After sweep 4 energy=-79.85320014591271  maxlinkdim=218 maxerr=6.52E-10 time=8.815
After sweep 5 energy=-79.85320038683639  maxlinkdim=113 maxerr=9.63E-13 time=3.786
After sweep 6 energy=-79.85320038682585  maxlinkdim=113 maxerr=9.73E-13 time=2.944
After sweep 7 energy=-79.85320038648672  maxlinkdim=112 maxerr=9.64E-13 time=2.843
After sweep 8 energy=-79.85320038635956  maxlinkdim=111 maxerr=9.47E-13 time=2.808
Energy difference less than 5.0e-5, stopping DMRG
12/31
After sweep 1 energy=-87.19553262873829  maxlinkdim=111 maxerr=1.16E-07 time=5.338
After sweep 2 energy=-87.1955330320487  maxlinkdim=111 maxerr=1.16E-07 time=4.793
After sweep 3 energy=-87.19553303831562  maxlinkdim=111 maxerr=1.16E-07 time=4.856
After sweep 4 energy=-87.19560852585755  maxlinkdim=222 maxerr=7.56E-10 time=8.969
After sweep 5 energy=-87.19560870504623  maxlinkdim=115 maxerr=9.95E-13 time=3.840
After sweep 6 energy=-87.19560870497071  maxlinkdim=115 maxerr=9.71E-13 time=3.020
After sweep 7 energy=-87.19560870472144  maxlinkdim=113 maxerr=9.46E-13 time=3.337
After sweep 8 energy=-87.19560870450596  maxlinkdim=113 maxerr=9.74E-13 time=2.908
Energy difference less than 5.0e-5, stopping DMRG
13/31
After sweep 1 energy=-95.3444122111416  maxlinkdim=113 maxerr=1.28E-07 time=5.669
After sweep 2 energy=-95.34441236960234  maxlinkdim=113 maxerr=1.29E-07 time=4.963
After sweep 3 energy=-95.3444123805719  maxlinkdim=113 maxerr=1.29E-07 time=4.778
After sweep 4 energy=-95.34448956545222  maxlinkdim=226 maxerr=8.97E-10 time=9.366
After sweep 5 energy=-95.34448973567171  maxlinkdim=117 maxerr=9.85E-13 time=4.265
After sweep 6 energy=-95.34448973526085  maxlinkdim=116 maxerr=9.84E-13 time=3.514
After sweep 7 energy=-95.34448973536155  maxlinkdim=116 maxerr=9.62E-13 time=3.409
After sweep 8 energy=-95.34448973535821  maxlinkdim=115 maxerr=9.71E-13 time=3.242
Energy difference less than 5.0e-5, stopping DMRG
14/31
After sweep 1 energy=-104.41143088046569  maxlinkdim=115 maxerr=1.44E-07 time=5.577
After sweep 2 energy=-104.41143113422469  maxlinkdim=115 maxerr=1.44E-07 time=5.233
After sweep 3 energy=-104.41143107818296  maxlinkdim=115 maxerr=1.44E-07 time=4.677
After sweep 4 energy=-104.41150665572853  maxlinkdim=230 maxerr=1.06E-09 time=9.534
After sweep 5 energy=-104.41150685284713  maxlinkdim=124 maxerr=9.62E-13 time=4.453
After sweep 6 energy=-104.41150685253943  maxlinkdim=120 maxerr=9.83E-13 time=3.638
After sweep 7 energy=-104.4115068524436  maxlinkdim=123 maxerr=9.68E-13 time=3.533
After sweep 8 energy=-104.41150685235735  maxlinkdim=119 maxerr=9.27E-13 time=3.464
Energy difference less than 5.0e-5, stopping DMRG
15/31
After sweep 1 energy=-114.53067848974605  maxlinkdim=119 maxerr=1.44E-07 time=5.932
After sweep 2 energy=-114.53067878127408  maxlinkdim=119 maxerr=1.44E-07 time=5.554
After sweep 3 energy=-114.53067872288416  maxlinkdim=119 maxerr=1.44E-07 time=5.271
After sweep 4 energy=-114.5307433964123  maxlinkdim=238 maxerr=1.09E-09 time=9.940
After sweep 5 energy=-114.53074359390845  maxlinkdim=129 maxerr=9.44E-13 time=4.719
After sweep 6 energy=-114.53074359362195  maxlinkdim=129 maxerr=9.97E-13 time=3.903
After sweep 7 energy=-114.53074359338835  maxlinkdim=128 maxerr=9.98E-13 time=3.822
After sweep 8 energy=-114.53074359332658  maxlinkdim=126 maxerr=9.75E-13 time=3.733
Energy difference less than 5.0e-5, stopping DMRG
16/31
After sweep 1 energy=-125.86522947677466  maxlinkdim=126 maxerr=1.27E-07 time=6.898
After sweep 2 energy=-125.86522956007704  maxlinkdim=126 maxerr=1.27E-07 time=5.875
After sweep 3 energy=-125.86522958326825  maxlinkdim=126 maxerr=1.27E-07 time=5.764
After sweep 4 energy=-125.86527493466934  maxlinkdim=252 maxerr=9.40E-10 time=10.709
After sweep 5 energy=-125.86527511311742  maxlinkdim=132 maxerr=9.70E-13 time=4.540
After sweep 6 energy=-125.86527511310716  maxlinkdim=132 maxerr=9.79E-13 time=3.977
After sweep 7 energy=-125.86527511276219  maxlinkdim=131 maxerr=9.52E-13 time=3.920
After sweep 8 energy=-125.86527511273978  maxlinkdim=130 maxerr=9.70E-13 time=3.912
Energy difference less than 5.0e-5, stopping DMRG
17/31
After sweep 1 energy=-138.6161981569709  maxlinkdim=130 maxerr=1.29E-07 time=7.475
After sweep 2 energy=-138.6161981285434  maxlinkdim=130 maxerr=1.30E-07 time=6.478
After sweep 3 energy=-138.61619812993098  maxlinkdim=130 maxerr=1.30E-07 time=6.513
After sweep 4 energy=-138.61624717587097  maxlinkdim=260 maxerr=1.02E-09 time=11.361
After sweep 5 energy=-138.6162473749322  maxlinkdim=138 maxerr=9.74E-13 time=4.861
After sweep 6 energy=-138.61624737492227  maxlinkdim=138 maxerr=9.86E-13 time=4.274
After sweep 7 energy=-138.61624737445635  maxlinkdim=135 maxerr=9.78E-13 time=4.072
After sweep 8 energy=-138.61624737442025  maxlinkdim=135 maxerr=9.75E-13 time=4.004
Energy difference less than 5.0e-5, stopping DMRG
18/31
After sweep 1 energy=-153.03559859254045  maxlinkdim=135 maxerr=1.45E-07 time=8.189
After sweep 2 energy=-153.03559869815697  maxlinkdim=135 maxerr=1.42E-07 time=6.615
After sweep 3 energy=-153.035598693001  maxlinkdim=135 maxerr=1.42E-07 time=6.424
After sweep 4 energy=-153.03564431785392  maxlinkdim=270 maxerr=1.29E-09 time=12.372
After sweep 5 energy=-153.03564456804298  maxlinkdim=147 maxerr=9.42E-13 time=5.039
After sweep 6 energy=-153.0356445680426  maxlinkdim=147 maxerr=9.36E-13 time=4.026
After sweep 7 energy=-153.03564456788416  maxlinkdim=146 maxerr=9.98E-13 time=4.226
After sweep 8 energy=-153.03564456794928  maxlinkdim=144 maxerr=9.97E-13 time=4.297
Energy difference less than 5.0e-5, stopping DMRG
19/31
After sweep 1 energy=-169.44455547793356  maxlinkdim=144 maxerr=1.61E-07 time=8.392
After sweep 2 energy=-169.44455568141223  maxlinkdim=144 maxerr=1.44E-07 time=7.269
After sweep 3 energy=-169.44455567554073  maxlinkdim=144 maxerr=1.44E-07 time=7.185
After sweep 4 energy=-169.4446016180653  maxlinkdim=288 maxerr=1.31E-09 time=12.744
After sweep 5 energy=-169.4446018178138  maxlinkdim=154 maxerr=9.84E-13 time=5.236
After sweep 6 energy=-169.4446018177944  maxlinkdim=154 maxerr=9.92E-13 time=4.312
After sweep 7 energy=-169.44460181775344  maxlinkdim=153 maxerr=9.72E-13 time=4.471
After sweep 8 energy=-169.44460181764265  maxlinkdim=153 maxerr=9.93E-13 time=4.394
Energy difference less than 5.0e-5, stopping DMRG
20/31
After sweep 1 energy=-188.26022335432677  maxlinkdim=153 maxerr=1.53E-07 time=9.174
After sweep 2 energy=-188.26022346459558  maxlinkdim=153 maxerr=1.51E-07 time=7.617
After sweep 3 energy=-188.26022346112597  maxlinkdim=153 maxerr=1.51E-07 time=7.594
After sweep 4 energy=-188.26026421991654  maxlinkdim=306 maxerr=1.31E-09 time=13.114
After sweep 5 energy=-188.2602643178115  maxlinkdim=159 maxerr=9.86E-13 time=5.887
After sweep 6 energy=-188.26026431779798  maxlinkdim=159 maxerr=9.56E-13 time=4.648
After sweep 7 energy=-188.26026431781003  maxlinkdim=159 maxerr=9.79E-13 time=4.638
After sweep 8 energy=-188.2602643177356  maxlinkdim=159 maxerr=9.63E-13 time=4.587
Energy difference less than 5.0e-5, stopping DMRG
21/31
After sweep 1 energy=-210.03615035277468  maxlinkdim=159 maxerr=1.86E-07 time=8.723
After sweep 2 energy=-210.03615038298472  maxlinkdim=159 maxerr=1.87E-07 time=7.844
After sweep 3 energy=-210.03615038129587  maxlinkdim=159 maxerr=1.87E-07 time=7.688
After sweep 4 energy=-210.03619402805995  maxlinkdim=318 maxerr=1.65E-09 time=13.212
After sweep 5 energy=-210.03619413476537  maxlinkdim=163 maxerr=9.89E-13 time=5.598
After sweep 6 energy=-210.03619413474564  maxlinkdim=163 maxerr=9.65E-13 time=4.672
After sweep 7 energy=-210.0361941347368  maxlinkdim=163 maxerr=9.65E-13 time=4.708
After sweep 8 energy=-210.03619413472006  maxlinkdim=163 maxerr=9.59E-13 time=4.563
Energy difference less than 5.0e-5, stopping DMRG
22/31
After sweep 1 energy=-235.5249048767054  maxlinkdim=163 maxerr=2.49E-07 time=10.437
After sweep 2 energy=-235.52490492228904  maxlinkdim=163 maxerr=2.47E-07 time=7.791
After sweep 3 energy=-235.5249049243808  maxlinkdim=163 maxerr=2.47E-07 time=8.295
After sweep 4 energy=-235.52495947906453  maxlinkdim=326 maxerr=2.37E-09 time=13.742
After sweep 5 energy=-235.5249595819217  maxlinkdim=168 maxerr=9.27E-13 time=5.577
After sweep 6 energy=-235.5249595818437  maxlinkdim=167 maxerr=9.83E-13 time=4.884
After sweep 7 energy=-235.52495958153318  maxlinkdim=166 maxerr=9.79E-13 time=5.030
After sweep 8 energy=-235.52495958155237  maxlinkdim=166 maxerr=9.74E-13 time=4.760
Energy difference less than 5.0e-5, stopping DMRG
23/31
After sweep 1 energy=-265.77839187222236  maxlinkdim=166 maxerr=3.42E-07 time=9.859
After sweep 2 energy=-265.778391798001  maxlinkdim=166 maxerr=3.42E-07 time=8.499
After sweep 3 energy=-265.77839177151907  maxlinkdim=166 maxerr=3.42E-07 time=8.211
After sweep 4 energy=-265.77844227425896  maxlinkdim=332 maxerr=3.60E-09 time=13.574
After sweep 5 energy=-265.7784424002113  maxlinkdim=170 maxerr=9.84E-13 time=5.810
After sweep 6 energy=-265.7784424001391  maxlinkdim=169 maxerr=9.97E-13 time=4.910
After sweep 7 energy=-265.7784424000931  maxlinkdim=169 maxerr=9.89E-13 time=5.310
After sweep 8 energy=-265.7784424001464  maxlinkdim=169 maxerr=9.91E-13 time=4.968
Energy difference less than 5.0e-5, stopping DMRG
24/31
After sweep 1 energy=-302.31513807345806  maxlinkdim=169 maxerr=4.83E-07 time=10.511
After sweep 2 energy=-302.31513803559693  maxlinkdim=169 maxerr=4.86E-07 time=8.140
After sweep 3 energy=-302.3151380455271  maxlinkdim=169 maxerr=4.86E-07 time=8.171
After sweep 4 energy=-302.31519509788075  maxlinkdim=338 maxerr=5.54E-09 time=14.173
After sweep 5 energy=-302.3151952059285  maxlinkdim=172 maxerr=1.00E-12 time=6.077
After sweep 6 energy=-302.3151952059107  maxlinkdim=172 maxerr=8.94E-13 time=4.891
After sweep 7 energy=-302.31519520589376  maxlinkdim=172 maxerr=8.94E-13 time=5.047
After sweep 8 energy=-302.31519520589404  maxlinkdim=172 maxerr=8.96E-13 time=5.160
Energy difference less than 5.0e-5, stopping DMRG
25/31
After sweep 1 energy=-347.4134310599742  maxlinkdim=172 maxerr=7.04E-07 time=10.409
After sweep 2 energy=-347.4134310189494  maxlinkdim=172 maxerr=7.06E-07 time=7.887
After sweep 3 energy=-347.4134310271174  maxlinkdim=172 maxerr=7.06E-07 time=8.123
After sweep 4 energy=-347.41349838563383  maxlinkdim=344 maxerr=8.68E-09 time=14.230
After sweep 5 energy=-347.4134985176647  maxlinkdim=174 maxerr=8.91E-13 time=5.674
After sweep 6 energy=-347.4134985176454  maxlinkdim=174 maxerr=8.58E-13 time=5.178
After sweep 7 energy=-347.4134985176506  maxlinkdim=174 maxerr=8.56E-13 time=5.316
After sweep 8 energy=-347.41349851763425  maxlinkdim=174 maxerr=8.58E-13 time=5.195
Energy difference less than 5.0e-5, stopping DMRG
26/31
After sweep 1 energy=-404.65569414864854  maxlinkdim=174 maxerr=1.09E-06 time=10.572
After sweep 2 energy=-404.65569411398974  maxlinkdim=174 maxerr=1.09E-06 time=8.181
After sweep 3 energy=-404.65569411259105  maxlinkdim=174 maxerr=1.09E-06 time=8.305
After sweep 4 energy=-404.6557765027228  maxlinkdim=348 maxerr=1.44E-08 time=14.961
After sweep 5 energy=-404.65577664847825  maxlinkdim=176 maxerr=8.93E-13 time=5.823
After sweep 6 energy=-404.65577664847916  maxlinkdim=176 maxerr=8.89E-13 time=5.297
After sweep 7 energy=-404.655776648476  maxlinkdim=176 maxerr=8.87E-13 time=5.514
After sweep 8 energy=-404.65577664846273  maxlinkdim=176 maxerr=8.76E-13 time=4.988
Energy difference less than 5.0e-5, stopping DMRG
27/31
After sweep 1 energy=-480.0174621736544  maxlinkdim=176 maxerr=1.75E-06 time=10.178
After sweep 2 energy=-480.0174621312428  maxlinkdim=176 maxerr=1.75E-06 time=8.535
After sweep 3 energy=-480.0174621210456  maxlinkdim=176 maxerr=1.76E-06 time=8.837
After sweep 4 energy=-480.01755943213215  maxlinkdim=352 maxerr=2.44E-08 time=14.730
After sweep 5 energy=-480.0175595978204  maxlinkdim=177 maxerr=9.95E-13 time=6.226
After sweep 6 energy=-480.0175595979034  maxlinkdim=178 maxerr=8.66E-13 time=5.468
After sweep 7 energy=-480.01755959790285  maxlinkdim=178 maxerr=8.65E-13 time=5.362
After sweep 8 energy=-480.0175595979018  maxlinkdim=178 maxerr=8.65E-13 time=5.226
Energy difference less than 5.0e-5, stopping DMRG
28/31
After sweep 1 energy=-584.2631336687635  maxlinkdim=178 maxerr=2.98E-06 time=10.653
After sweep 2 energy=-584.2631336033241  maxlinkdim=178 maxerr=2.99E-06 time=8.246
After sweep 3 energy=-584.2631336033222  maxlinkdim=178 maxerr=2.99E-06 time=8.151
After sweep 4 energy=-584.2632614569487  maxlinkdim=356 maxerr=4.22E-08 time=14.290
After sweep 5 energy=-584.2632616359767  maxlinkdim=179 maxerr=9.53E-13 time=5.842
After sweep 6 energy=-584.2632616359767  maxlinkdim=179 maxerr=9.53E-13 time=5.198
After sweep 7 energy=-584.2632616359779  maxlinkdim=179 maxerr=9.53E-13 time=5.221
After sweep 8 energy=-584.2632616359772  maxlinkdim=179 maxerr=9.53E-13 time=5.279
Energy difference less than 5.0e-5, stopping DMRG
29/31
After sweep 1 energy=-738.9354130992429  maxlinkdim=179 maxerr=5.28E-06 time=10.916
After sweep 2 energy=-738.9354130891816  maxlinkdim=179 maxerr=5.29E-06 time=8.472
After sweep 3 energy=-738.9354130891811  maxlinkdim=179 maxerr=5.29E-06 time=8.363
After sweep 4 energy=-738.9355762895618  maxlinkdim=358 maxerr=7.55E-08 time=14.909
After sweep 5 energy=-738.9355765183591  maxlinkdim=182 maxerr=9.38E-13 time=6.261
After sweep 6 energy=-738.9355765183457  maxlinkdim=182 maxerr=9.38E-13 time=5.424
After sweep 7 energy=-738.935576518346  maxlinkdim=182 maxerr=9.34E-13 time=5.209
After sweep 8 energy=-738.9355765183468  maxlinkdim=182 maxerr=9.34E-13 time=5.417
Energy difference less than 5.0e-5, stopping DMRG
30/31
After sweep 1 energy=-994.3232430743228  maxlinkdim=182 maxerr=4.86E-06 time=11.189
After sweep 2 energy=-994.32324306863  maxlinkdim=182 maxerr=4.86E-06 time=9.078
After sweep 3 energy=-994.32324306863  maxlinkdim=182 maxerr=4.86E-06 time=9.009
After sweep 4 energy=-994.3234144222686  maxlinkdim=364 maxerr=6.79E-08 time=15.030
After sweep 5 energy=-994.3234147298597  maxlinkdim=184 maxerr=9.01E-13 time=6.509
After sweep 6 energy=-994.323414729862  maxlinkdim=184 maxerr=8.96E-13 time=5.531
After sweep 7 energy=-994.3234147298393  maxlinkdim=184 maxerr=8.96E-13 time=5.171
After sweep 8 energy=-994.3234147298427  maxlinkdim=184 maxerr=8.95E-13 time=5.249
Energy difference less than 5.0e-5, stopping DMRG
31/31
After sweep 1 energy=-1501.3327636429576  maxlinkdim=184 maxerr=4.48E-06 time=11.121
After sweep 2 energy=-1501.3327636369831  maxlinkdim=184 maxerr=4.49E-06 time=8.812
After sweep 3 energy=-1501.3327636369831  maxlinkdim=184 maxerr=4.49E-06 time=8.413
After sweep 4 energy=-1501.3330089017818  maxlinkdim=368 maxerr=6.04E-08 time=14.541
After sweep 5 energy=-1501.3330093869456  maxlinkdim=185 maxerr=8.96E-13 time=5.852
After sweep 6 energy=-1501.3330093869506  maxlinkdim=185 maxerr=8.93E-13 time=5.145
After sweep 7 energy=-1501.3330093869463  maxlinkdim=185 maxerr=8.93E-13 time=5.091
After sweep 8 energy=-1501.3330093869452  maxlinkdim=185 maxerr=8.93E-13 time=4.927
Energy difference less than 5.0e-5, stopping DMRG
Using a 4 by 5 lattice:
1/31
After sweep 1 energy=-46.53824566605144  maxlinkdim=25 maxerr=4.88E-06 time=17.665
After sweep 2 energy=-46.52749274402298  maxlinkdim=25 maxerr=7.20E-05 time=1.216
After sweep 3 energy=-46.52728282500007  maxlinkdim=25 maxerr=7.06E-05 time=0.608
After sweep 4 energy=-46.71561326262865  maxlinkdim=50 maxerr=1.10E-06 time=2.189
After sweep 5 energy=-46.71538265580388  maxlinkdim=50 maxerr=1.30E-06 time=1.998
After sweep 6 energy=-46.71537944735092  maxlinkdim=50 maxerr=1.31E-06 time=2.231
After sweep 7 energy=-46.718728311428094  maxlinkdim=200 maxerr=1.37E-10 time=16.490
After sweep 8 energy=-46.71872837447833  maxlinkdim=200 maxerr=1.61E-10 time=17.476
After sweep 9 energy=-46.718728374489665  maxlinkdim=200 maxerr=1.61E-10 time=16.812
After sweep 10 energy=-46.71872843486809  maxlinkdim=346 maxerr=9.98E-13 time=18.872
After sweep 11 energy=-46.71872843488671  maxlinkdim=346 maxerr=9.97E-13 time=19.414
After sweep 12 energy=-46.718728434741315  maxlinkdim=345 maxerr=9.98E-13 time=20.426
After sweep 13 energy=-46.718728434682205  maxlinkdim=345 maxerr=9.99E-13 time=18.942
After sweep 14 energy=-46.71872843486729  maxlinkdim=346 maxerr=9.97E-13 time=19.270
After sweep 15 energy=-46.71872843466259  maxlinkdim=345 maxerr=1.00E-12 time=19.483
After sweep 16 energy=-46.71872843702871  maxlinkdim=110 maxerr=9.95E-13 time=9.235
After sweep 17 energy=-46.71872843606328  maxlinkdim=105 maxerr=9.94E-13 time=3.928
After sweep 18 energy=-46.71872843501724  maxlinkdim=104 maxerr=9.75E-13 time=3.663
After sweep 19 energy=-46.71872843444817  maxlinkdim=103 maxerr=9.81E-13 time=3.570
After sweep 20 energy=-46.71872843409983  maxlinkdim=103 maxerr=9.86E-13 time=3.342
After sweep 21 energy=-46.71872843342135  maxlinkdim=102 maxerr=9.74E-13 time=3.531
After sweep 22 energy=-46.71872843310848  maxlinkdim=102 maxerr=8.96E-13 time=3.495
After sweep 23 energy=-46.71872843284607  maxlinkdim=102 maxerr=9.77E-13 time=3.295
After sweep 24 energy=-46.718728432348875  maxlinkdim=102 maxerr=9.74E-13 time=3.287
After sweep 25 energy=-46.71872843220717  maxlinkdim=102 maxerr=9.85E-13 time=3.339
After sweep 26 energy=-46.718728432086074  maxlinkdim=101 maxerr=9.72E-13 time=3.253
After sweep 27 energy=-46.71872843216813  maxlinkdim=101 maxerr=9.10E-13 time=3.353
After sweep 28 energy=-46.71872843200588  maxlinkdim=102 maxerr=9.83E-13 time=3.452
After sweep 29 energy=-46.71872843204346  maxlinkdim=100 maxerr=9.96E-13 time=3.428
After sweep 30 energy=-46.71872843199437  maxlinkdim=100 maxerr=9.50E-13 time=3.385
After sweep 31 energy=-46.7187284319601  maxlinkdim=100 maxerr=9.52E-13 time=3.584
After sweep 32 energy=-46.718728431932796  maxlinkdim=100 maxerr=8.89E-13 time=3.434
After sweep 33 energy=-46.71872843169941  maxlinkdim=100 maxerr=9.98E-13 time=3.341
After sweep 34 energy=-46.71872843276333  maxlinkdim=103 maxerr=9.60E-13 time=3.252
After sweep 35 energy=-46.7187284327698  maxlinkdim=102 maxerr=9.92E-13 time=3.405
After sweep 36 energy=-46.7187284325518  maxlinkdim=101 maxerr=9.60E-13 time=3.464
After sweep 37 energy=-46.71872843221584  maxlinkdim=101 maxerr=8.96E-13 time=3.453
After sweep 38 energy=-46.718728432225745  maxlinkdim=101 maxerr=8.12E-13 time=3.270
After sweep 39 energy=-46.71872843191226  maxlinkdim=101 maxerr=9.56E-13 time=3.330
After sweep 40 energy=-46.71872843205428  maxlinkdim=101 maxerr=8.82E-13 time=3.533
After sweep 41 energy=-46.718728432338594  maxlinkdim=102 maxerr=9.99E-13 time=3.421
Energy difference less than 5.0e-5, stopping DMRG
2/31
After sweep 1 energy=-50.40302740753986  maxlinkdim=102 maxerr=3.26E-08 time=7.606
After sweep 2 energy=-50.40303429032509  maxlinkdim=102 maxerr=3.42E-08 time=8.003
After sweep 3 energy=-50.40303429654925  maxlinkdim=102 maxerr=3.42E-08 time=7.343
After sweep 4 energy=-50.40306069356077  maxlinkdim=204 maxerr=1.94E-10 time=15.944
After sweep 5 energy=-50.403060783833524  maxlinkdim=112 maxerr=9.86E-13 time=6.045
After sweep 6 energy=-50.403060783172656  maxlinkdim=110 maxerr=9.72E-13 time=3.797
After sweep 7 energy=-50.403060782529394  maxlinkdim=107 maxerr=9.94E-13 time=3.740
After sweep 8 energy=-50.40306078215323  maxlinkdim=106 maxerr=9.79E-13 time=3.742
Energy difference less than 5.0e-5, stopping DMRG
3/31
After sweep 1 energy=-54.43570040274008  maxlinkdim=106 maxerr=3.25E-08 time=7.867
After sweep 2 energy=-54.4357055525374  maxlinkdim=106 maxerr=3.43E-08 time=8.075
After sweep 3 energy=-54.435705553330045  maxlinkdim=106 maxerr=3.43E-08 time=8.146
After sweep 4 energy=-54.43573772388768  maxlinkdim=212 maxerr=2.10E-10 time=17.407
After sweep 5 energy=-54.43573782029563  maxlinkdim=118 maxerr=9.81E-13 time=6.569
After sweep 6 energy=-54.435737819169326  maxlinkdim=113 maxerr=9.94E-13 time=4.275
After sweep 7 energy=-54.43573781851701  maxlinkdim=112 maxerr=9.50E-13 time=4.117
After sweep 8 energy=-54.43573781820396  maxlinkdim=111 maxerr=9.96E-13 time=4.164
Energy difference less than 5.0e-5, stopping DMRG
4/31
After sweep 1 energy=-58.85326904859567  maxlinkdim=111 maxerr=2.99E-08 time=8.316
After sweep 2 energy=-58.85327224215699  maxlinkdim=111 maxerr=3.02E-08 time=8.284
After sweep 3 energy=-58.85327225701752  maxlinkdim=111 maxerr=3.01E-08 time=8.601
After sweep 4 energy=-58.85330405983446  maxlinkdim=222 maxerr=2.02E-10 time=17.950
After sweep 5 energy=-58.85330416173565  maxlinkdim=127 maxerr=9.99E-13 time=7.294
After sweep 6 energy=-58.85330416035188  maxlinkdim=121 maxerr=9.92E-13 time=4.527
After sweep 7 energy=-58.85330415965478  maxlinkdim=120 maxerr=9.91E-13 time=4.392
After sweep 8 energy=-58.85330415898043  maxlinkdim=118 maxerr=9.93E-13 time=4.491
Energy difference less than 5.0e-5, stopping DMRG
5/31
After sweep 1 energy=-63.69657333698794  maxlinkdim=118 maxerr=2.47E-08 time=9.479
After sweep 2 energy=-63.69657412078005  maxlinkdim=118 maxerr=2.51E-08 time=9.250
After sweep 3 energy=-63.696574109798576  maxlinkdim=118 maxerr=2.51E-08 time=9.460
After sweep 4 energy=-63.696605978351386  maxlinkdim=236 maxerr=1.58E-10 time=20.111
After sweep 5 energy=-63.69660606227126  maxlinkdim=141 maxerr=9.86E-13 time=7.694
After sweep 6 energy=-63.69660606122654  maxlinkdim=137 maxerr=9.90E-13 time=5.385
After sweep 7 energy=-63.69660606040179  maxlinkdim=130 maxerr=1.00E-12 time=5.076
After sweep 8 energy=-63.69660605961195  maxlinkdim=129 maxerr=9.75E-13 time=4.908
Energy difference less than 5.0e-5, stopping DMRG
6/31
After sweep 1 energy=-69.01144870331811  maxlinkdim=129 maxerr=1.76E-08 time=11.427
After sweep 2 energy=-69.01145169089226  maxlinkdim=129 maxerr=1.79E-08 time=11.664
After sweep 3 energy=-69.01144944987318  maxlinkdim=129 maxerr=1.78E-08 time=10.991
After sweep 4 energy=-69.01146063867722  maxlinkdim=258 maxerr=9.29E-11 time=22.441
After sweep 5 energy=-69.01146069099299  maxlinkdim=146 maxerr=9.93E-13 time=8.640
After sweep 6 energy=-69.01146068978048  maxlinkdim=141 maxerr=9.92E-13 time=5.659
After sweep 7 energy=-69.0114606892576  maxlinkdim=139 maxerr=9.90E-13 time=5.281
After sweep 8 energy=-69.0114606890596  maxlinkdim=138 maxerr=9.96E-13 time=5.210
Energy difference less than 5.0e-5, stopping DMRG
7/31
After sweep 1 energy=-74.8494748933603  maxlinkdim=138 maxerr=1.27E-08 time=12.422
After sweep 2 energy=-74.84947955192504  maxlinkdim=138 maxerr=1.29E-08 time=13.178
After sweep 3 energy=-74.84947955401347  maxlinkdim=138 maxerr=1.29E-08 time=12.874
After sweep 4 energy=-74.84948388947517  maxlinkdim=276 maxerr=8.18E-11 time=23.993
After sweep 5 energy=-74.84948392783498  maxlinkdim=156 maxerr=9.81E-13 time=9.450
After sweep 6 energy=-74.84948392723716  maxlinkdim=154 maxerr=9.93E-13 time=5.930
After sweep 7 energy=-74.849483926817  maxlinkdim=154 maxerr=9.80E-13 time=5.871
After sweep 8 energy=-74.849483926131  maxlinkdim=152 maxerr=9.99E-13 time=5.972
Energy difference less than 5.0e-5, stopping DMRG
8/31
After sweep 1 energy=-81.26910603715072  maxlinkdim=152 maxerr=7.81E-09 time=14.671
After sweep 2 energy=-81.26912039177222  maxlinkdim=152 maxerr=7.95E-09 time=15.148
After sweep 3 energy=-81.26912039470429  maxlinkdim=152 maxerr=8.00E-09 time=14.840
After sweep 4 energy=-81.26912457475879  maxlinkdim=304 maxerr=5.83E-11 time=27.053
After sweep 5 energy=-81.26912460435629  maxlinkdim=162 maxerr=9.99E-13 time=10.167
After sweep 6 energy=-81.26912460379762  maxlinkdim=161 maxerr=9.99E-13 time=6.505
After sweep 7 energy=-81.26912460308914  maxlinkdim=159 maxerr=9.67E-13 time=6.292
After sweep 8 energy=-81.26912460226622  maxlinkdim=157 maxerr=9.97E-13 time=6.691
Energy difference less than 5.0e-5, stopping DMRG
9/31
After sweep 1 energy=-88.33696123371642  maxlinkdim=157 maxerr=8.46E-09 time=14.943
After sweep 2 energy=-88.33696380577346  maxlinkdim=157 maxerr=8.75E-09 time=15.949
After sweep 3 energy=-88.33696377069911  maxlinkdim=157 maxerr=8.75E-09 time=15.912
After sweep 4 energy=-88.33696886847389  maxlinkdim=314 maxerr=6.65E-11 time=29.752
After sweep 5 energy=-88.3369688992619  maxlinkdim=175 maxerr=9.54E-13 time=10.989
After sweep 6 energy=-88.33696889859463  maxlinkdim=171 maxerr=9.87E-13 time=7.502
After sweep 7 energy=-88.33696889851066  maxlinkdim=170 maxerr=9.68E-13 time=7.225
After sweep 8 energy=-88.33696889779903  maxlinkdim=167 maxerr=9.94E-13 time=7.213
Energy difference less than 5.0e-5, stopping DMRG
10/31
After sweep 1 energy=-96.1293592210381  maxlinkdim=167 maxerr=7.89E-09 time=17.256
After sweep 2 energy=-96.12939497094271  maxlinkdim=167 maxerr=8.20E-09 time=17.228
After sweep 3 energy=-96.12939494373515  maxlinkdim=167 maxerr=8.09E-09 time=17.206
After sweep 4 energy=-96.12940007218062  maxlinkdim=334 maxerr=5.90E-11 time=32.257
After sweep 5 energy=-96.12940010106954  maxlinkdim=189 maxerr=9.84E-13 time=11.909
After sweep 6 energy=-96.12940010048239  maxlinkdim=185 maxerr=9.94E-13 time=8.161
After sweep 7 energy=-96.12940009953233  maxlinkdim=179 maxerr=9.56E-13 time=7.970
After sweep 8 energy=-96.12940009917246  maxlinkdim=177 maxerr=9.79E-13 time=7.719
Energy difference less than 5.0e-5, stopping DMRG
11/31
After sweep 1 energy=-104.73470836626177  maxlinkdim=177 maxerr=7.63E-09 time=19.736
After sweep 2 energy=-104.73472464185714  maxlinkdim=177 maxerr=7.84E-09 time=18.964
After sweep 3 energy=-104.73472464992328  maxlinkdim=177 maxerr=7.88E-09 time=18.607
After sweep 4 energy=-104.7347290508095  maxlinkdim=354 maxerr=5.49E-11 time=35.881
After sweep 5 energy=-104.73472908255533  maxlinkdim=198 maxerr=9.95E-13 time=13.086
After sweep 6 energy=-104.73472908182323  maxlinkdim=192 maxerr=9.89E-13 time=9.823
After sweep 7 energy=-104.73472908106525  maxlinkdim=188 maxerr=9.96E-13 time=8.483
After sweep 8 energy=-104.73472908077923  maxlinkdim=186 maxerr=9.87E-13 time=8.435
Energy difference less than 5.0e-5, stopping DMRG
12/31
After sweep 1 energy=-114.25592040146569  maxlinkdim=186 maxerr=7.53E-09 time=21.679
After sweep 2 energy=-114.25594889723317  maxlinkdim=186 maxerr=7.75E-09 time=21.172
After sweep 3 energy=-114.25594891213733  maxlinkdim=186 maxerr=7.81E-09 time=20.558
After sweep 4 energy=-114.2559535274301  maxlinkdim=372 maxerr=5.39E-11 time=37.612
After sweep 5 energy=-114.25595356250376  maxlinkdim=216 maxerr=9.94E-13 time=14.547
After sweep 6 energy=-114.2559535619872  maxlinkdim=213 maxerr=9.98E-13 time=9.923
After sweep 7 energy=-114.25595356150374  maxlinkdim=209 maxerr=1.00E-12 time=9.827
After sweep 8 energy=-114.25595356104805  maxlinkdim=204 maxerr=9.95E-13 time=9.359
Energy difference less than 5.0e-5, stopping DMRG
13/31
After sweep 1 energy=-124.81435268515347  maxlinkdim=204 maxerr=5.78E-09 time=25.067
After sweep 2 energy=-124.8143619391878  maxlinkdim=204 maxerr=5.88E-09 time=25.376
After sweep 3 energy=-124.81436194018053  maxlinkdim=204 maxerr=5.90E-09 time=23.058
After sweep 4 energy=-124.814366069059  maxlinkdim=408 maxerr=3.72E-11 time=42.169
After sweep 5 energy=-124.81436609258616  maxlinkdim=232 maxerr=9.97E-13 time=16.154
After sweep 6 energy=-124.81436609216838  maxlinkdim=229 maxerr=9.77E-13 time=11.532
After sweep 7 energy=-124.81436609139725  maxlinkdim=223 maxerr=9.84E-13 time=10.978
After sweep 8 energy=-124.81436609099576  maxlinkdim=221 maxerr=9.98E-13 time=10.995
Energy difference less than 5.0e-5, stopping DMRG
14/31
After sweep 1 energy=-136.55430678565187  maxlinkdim=221 maxerr=8.35E-09 time=26.504
After sweep 2 energy=-136.55431879167944  maxlinkdim=221 maxerr=4.65E-09 time=26.066
After sweep 3 energy=-136.55431879249574  maxlinkdim=221 maxerr=4.67E-09 time=25.872
After sweep 4 energy=-136.5543219376446  maxlinkdim=442 maxerr=2.90E-11 time=45.564
After sweep 5 energy=-136.55432195858205  maxlinkdim=242 maxerr=9.96E-13 time=16.981
After sweep 6 energy=-136.55432195783146  maxlinkdim=236 maxerr=9.88E-13 time=12.712
After sweep 7 energy=-136.55432195734187  maxlinkdim=238 maxerr=9.82E-13 time=11.821
After sweep 8 energy=-136.55432195683622  maxlinkdim=233 maxerr=9.98E-13 time=11.783
Energy difference less than 5.0e-5, stopping DMRG
15/31
After sweep 1 energy=-149.64961259131474  maxlinkdim=233 maxerr=4.24E-09 time=28.189
After sweep 2 energy=-149.649612766098  maxlinkdim=233 maxerr=4.34E-09 time=28.316
After sweep 3 energy=-149.6496127662451  maxlinkdim=233 maxerr=4.34E-09 time=28.647
After sweep 4 energy=-149.64961539202392  maxlinkdim=466 maxerr=2.75E-11 time=49.362
After sweep 5 energy=-149.649615412433  maxlinkdim=259 maxerr=9.85E-13 time=18.543
After sweep 6 energy=-149.64961541224224  maxlinkdim=256 maxerr=9.98E-13 time=13.699
After sweep 7 energy=-149.64961541160832  maxlinkdim=250 maxerr=9.58E-13 time=14.374
After sweep 8 energy=-149.6496154110964  maxlinkdim=247 maxerr=9.81E-13 time=13.907
Energy difference less than 5.0e-5, stopping DMRG
16/31
After sweep 1 energy=-164.31212001958912  maxlinkdim=247 maxerr=3.84E-09 time=28.725
After sweep 2 energy=-164.31212090736472  maxlinkdim=247 maxerr=3.93E-09 time=30.379
After sweep 3 energy=-164.31212090697224  maxlinkdim=247 maxerr=3.93E-09 time=30.243
After sweep 4 energy=-164.3121232793449  maxlinkdim=494 maxerr=2.47E-11 time=51.703
After sweep 5 energy=-164.3121232975199  maxlinkdim=273 maxerr=9.94E-13 time=20.789
After sweep 6 energy=-164.31212329719617  maxlinkdim=269 maxerr=9.95E-13 time=15.099
After sweep 7 energy=-164.3121232965305  maxlinkdim=266 maxerr=9.71E-13 time=15.124
After sweep 8 energy=-164.3121232965086  maxlinkdim=263 maxerr=9.95E-13 time=14.755
Energy difference less than 5.0e-5, stopping DMRG
17/31
After sweep 1 energy=-180.8037002213083  maxlinkdim=256 maxerr=4.78E-09 time=34.519
After sweep 2 energy=-180.80370255522678  maxlinkdim=256 maxerr=4.21E-09 time=33.322
After sweep 3 energy=-180.8037025524157  maxlinkdim=256 maxerr=4.21E-09 time=32.170
After sweep 4 energy=-180.8037056412337  maxlinkdim=512 maxerr=2.67E-11 time=56.049
After sweep 5 energy=-180.8037056615458  maxlinkdim=286 maxerr=1.00E-12 time=21.582
After sweep 6 energy=-180.8037056613768  maxlinkdim=284 maxerr=9.88E-13 time=16.737
After sweep 7 energy=-180.80370566066313  maxlinkdim=279 maxerr=9.92E-13 time=16.341
After sweep 8 energy=-180.8037056605739  maxlinkdim=280 maxerr=9.90E-13 time=16.541
Energy difference less than 5.0e-5, stopping DMRG
18/31
After sweep 1 energy=-199.45287838072232  maxlinkdim=256 maxerr=7.59E-09 time=38.551
After sweep 2 energy=-199.45287962707224  maxlinkdim=256 maxerr=5.57E-09 time=32.893
After sweep 3 energy=-199.45287962733713  maxlinkdim=256 maxerr=5.57E-09 time=31.763
After sweep 4 energy=-199.45288376697107  maxlinkdim=512 maxerr=3.87E-11 time=59.848
After sweep 5 energy=-199.45288379695927  maxlinkdim=304 maxerr=9.78E-13 time=23.802
After sweep 6 energy=-199.45288379671837  maxlinkdim=302 maxerr=9.99E-13 time=17.602
After sweep 7 energy=-199.45288379645444  maxlinkdim=299 maxerr=9.84E-13 time=17.622
After sweep 8 energy=-199.45288379660403  maxlinkdim=299 maxerr=9.96E-13 time=17.211
Energy difference less than 5.0e-5, stopping DMRG
19/31
After sweep 1 energy=-220.67868536821024  maxlinkdim=256 maxerr=7.98E-09 time=34.109
After sweep 2 energy=-220.678685406659  maxlinkdim=256 maxerr=7.26E-09 time=32.016
After sweep 3 energy=-220.67868540658532  maxlinkdim=256 maxerr=7.26E-09 time=32.364
After sweep 4 energy=-220.67869101323677  maxlinkdim=512 maxerr=5.53E-11 time=61.866
After sweep 5 energy=-220.67869105775725  maxlinkdim=320 maxerr=9.99E-13 time=25.660
After sweep 6 energy=-220.6786910576155  maxlinkdim=318 maxerr=1.00E-12 time=19.646
After sweep 7 energy=-220.67869105747818  maxlinkdim=316 maxerr=9.99E-13 time=19.475
After sweep 8 energy=-220.6786910574137  maxlinkdim=316 maxerr=9.96E-13 time=19.218
Energy difference less than 5.0e-5, stopping DMRG
20/31
After sweep 1 energy=-245.02556765324482  maxlinkdim=256 maxerr=1.17E-08 time=37.476
After sweep 2 energy=-245.02556766009442  maxlinkdim=256 maxerr=9.64E-09 time=32.053
After sweep 3 energy=-245.0255676599624  maxlinkdim=256 maxerr=9.64E-09 time=33.175
After sweep 4 energy=-245.02557547878115  maxlinkdim=512 maxerr=7.77E-11 time=63.098
After sweep 5 energy=-245.02557554353996  maxlinkdim=336 maxerr=9.97E-13 time=27.037
After sweep 6 energy=-245.02557554354846  maxlinkdim=336 maxerr=9.98E-13 time=20.971
After sweep 7 energy=-245.02557554342386  maxlinkdim=333 maxerr=9.93E-13 time=20.690
After sweep 8 energy=-245.0255755433593  maxlinkdim=331 maxerr=9.86E-13 time=19.840
Energy difference less than 5.0e-5, stopping DMRG
21/31
After sweep 1 energy=-273.21582188936975  maxlinkdim=256 maxerr=1.87E-08 time=39.595
After sweep 2 energy=-273.21582190622496  maxlinkdim=256 maxerr=1.61E-08 time=32.923
After sweep 3 energy=-273.21582190618733  maxlinkdim=256 maxerr=1.61E-08 time=32.971
After sweep 4 energy=-273.21583286989863  maxlinkdim=512 maxerr=1.07E-10 time=64.955
After sweep 5 energy=-273.21583296372535  maxlinkdim=351 maxerr=9.99E-13 time=27.640
After sweep 6 energy=-273.2158329637665  maxlinkdim=353 maxerr=1.00E-12 time=22.607
After sweep 7 energy=-273.21583296356965  maxlinkdim=352 maxerr=9.97E-13 time=22.151
After sweep 8 energy=-273.215832963581  maxlinkdim=352 maxerr=9.99E-13 time=22.502
Energy difference less than 5.0e-5, stopping DMRG
22/31
After sweep 1 energy=-306.230759402484  maxlinkdim=256 maxerr=2.87E-08 time=42.590
After sweep 2 energy=-306.23075962734487  maxlinkdim=256 maxerr=2.67E-08 time=32.397
After sweep 3 energy=-306.2307596267284  maxlinkdim=256 maxerr=2.67E-08 time=33.626
After sweep 4 energy=-306.2307741678225  maxlinkdim=512 maxerr=1.46E-10 time=64.589
After sweep 5 energy=-306.23077429998  maxlinkdim=375 maxerr=9.99E-13 time=29.544
After sweep 6 energy=-306.2307742998425  maxlinkdim=372 maxerr=9.98E-13 time=25.031
After sweep 7 energy=-306.23077429969777  maxlinkdim=371 maxerr=9.98E-13 time=24.331
After sweep 8 energy=-306.23077429972943  maxlinkdim=368 maxerr=9.97E-13 time=24.158
Energy difference less than 5.0e-5, stopping DMRG
23/31
After sweep 1 energy=-345.4407892140443  maxlinkdim=256 maxerr=4.56E-08 time=41.274
After sweep 2 energy=-345.4407892134859  maxlinkdim=256 maxerr=4.49E-08 time=32.942
After sweep 3 energy=-345.44078921153016  maxlinkdim=256 maxerr=4.49E-08 time=33.339
After sweep 4 energy=-345.4408084613155  maxlinkdim=512 maxerr=2.66E-10 time=64.763
After sweep 5 energy=-345.44080865242904  maxlinkdim=392 maxerr=9.93E-13 time=29.349
After sweep 6 energy=-345.440808652377  maxlinkdim=390 maxerr=9.84E-13 time=24.388
After sweep 7 energy=-345.44080865235827  maxlinkdim=389 maxerr=9.96E-13 time=25.453
After sweep 8 energy=-345.4408086523237  maxlinkdim=388 maxerr=9.93E-13 time=25.346
Energy difference less than 5.0e-5, stopping DMRG
24/31
After sweep 1 energy=-392.8225361698564  maxlinkdim=256 maxerr=7.63E-08 time=37.818
After sweep 2 energy=-392.8225361579939  maxlinkdim=256 maxerr=7.58E-08 time=33.359
After sweep 3 energy=-392.82253615298225  maxlinkdim=256 maxerr=7.58E-08 time=33.132
After sweep 4 energy=-392.8225614124828  maxlinkdim=512 maxerr=4.88E-10 time=67.385
After sweep 5 energy=-392.822561671113  maxlinkdim=405 maxerr=9.97E-13 time=32.100
After sweep 6 energy=-392.82256167096534  maxlinkdim=404 maxerr=9.99E-13 time=26.569
After sweep 7 energy=-392.8225616709501  maxlinkdim=404 maxerr=9.96E-13 time=27.122
After sweep 8 energy=-392.822561670922  maxlinkdim=404 maxerr=9.94E-13 time=26.910
Energy difference less than 5.0e-5, stopping DMRG
25/31
After sweep 1 energy=-451.33921747481236  maxlinkdim=256 maxerr=1.28E-07 time=37.561
After sweep 2 energy=-451.33921746461306  maxlinkdim=256 maxerr=1.28E-07 time=33.457
After sweep 3 energy=-451.33921746388955  maxlinkdim=256 maxerr=1.28E-07 time=33.582
After sweep 4 energy=-451.33925230558236  maxlinkdim=512 maxerr=8.97E-10 time=67.153
After sweep 5 energy=-451.3392526689108  maxlinkdim=420 maxerr=9.86E-13 time=31.534
After sweep 6 energy=-451.33925266893976  maxlinkdim=420 maxerr=9.92E-13 time=27.849
After sweep 7 energy=-451.3392526689239  maxlinkdim=420 maxerr=9.87E-13 time=27.409
After sweep 8 energy=-451.3392526688978  maxlinkdim=420 maxerr=9.96E-13 time=27.910
Energy difference less than 5.0e-5, stopping DMRG
26/31
After sweep 1 energy=-525.6475727157872  maxlinkdim=256 maxerr=2.17E-07 time=37.659
After sweep 2 energy=-525.6475726990365  maxlinkdim=256 maxerr=2.17E-07 time=32.830
After sweep 3 energy=-525.647572697153  maxlinkdim=256 maxerr=2.17E-07 time=33.827
After sweep 4 energy=-525.6476189268772  maxlinkdim=512 maxerr=1.65E-09 time=69.330
After sweep 5 energy=-525.647619431654  maxlinkdim=433 maxerr=9.92E-13 time=33.666
After sweep 6 energy=-525.6476194315873  maxlinkdim=431 maxerr=9.90E-13 time=29.366
After sweep 7 energy=-525.6476194315583  maxlinkdim=430 maxerr=9.97E-13 time=30.417
After sweep 8 energy=-525.6476194315544  maxlinkdim=430 maxerr=9.95E-13 time=29.576
Energy difference less than 5.0e-5, stopping DMRG
27/31
After sweep 1 energy=-623.5122607489205  maxlinkdim=256 maxerr=3.65E-07 time=38.924
After sweep 2 energy=-623.5122607608854  maxlinkdim=256 maxerr=3.65E-07 time=34.209
After sweep 3 energy=-623.5122607606394  maxlinkdim=256 maxerr=3.65E-07 time=35.005
After sweep 4 energy=-623.5123195076098  maxlinkdim=512 maxerr=3.01E-09 time=69.559
After sweep 5 energy=-623.5123202047919  maxlinkdim=444 maxerr=9.84E-13 time=33.606
After sweep 6 energy=-623.5123202047788  maxlinkdim=443 maxerr=9.99E-13 time=29.136
After sweep 7 energy=-623.5123202047757  maxlinkdim=444 maxerr=9.99E-13 time=30.728
After sweep 8 energy=-623.5123202047594  maxlinkdim=444 maxerr=9.65E-13 time=32.001
Energy difference less than 5.0e-5, stopping DMRG
28/31
After sweep 1 energy=-758.9180475193609  maxlinkdim=256 maxerr=6.08E-07 time=40.519
After sweep 2 energy=-758.9180474924073  maxlinkdim=256 maxerr=6.09E-07 time=34.226
After sweep 3 energy=-758.9180474924061  maxlinkdim=256 maxerr=6.09E-07 time=34.618
After sweep 4 energy=-758.9181240650407  maxlinkdim=512 maxerr=5.38E-09 time=73.719
After sweep 5 energy=-758.9181250279005  maxlinkdim=453 maxerr=9.93E-13 time=36.029
After sweep 6 energy=-758.9181250279217  maxlinkdim=454 maxerr=9.95E-13 time=31.191
After sweep 7 energy=-758.9181250279208  maxlinkdim=454 maxerr=9.80E-13 time=31.454
After sweep 8 energy=-758.9181250278896  maxlinkdim=453 maxerr=9.98E-13 time=31.862
Energy difference less than 5.0e-5, stopping DMRG
29/31
After sweep 1 energy=-959.850615600968  maxlinkdim=256 maxerr=9.47E-07 time=36.174
After sweep 2 energy=-959.8506156047315  maxlinkdim=256 maxerr=9.47E-07 time=34.983
After sweep 3 energy=-959.8506156047345  maxlinkdim=256 maxerr=9.47E-07 time=34.490
After sweep 4 energy=-959.8507188517049  maxlinkdim=512 maxerr=8.94E-09 time=70.727
After sweep 5 energy=-959.8507202194619  maxlinkdim=461 maxerr=1.00E-12 time=35.518
After sweep 6 energy=-959.8507202195148  maxlinkdim=462 maxerr=9.91E-13 time=31.944
After sweep 7 energy=-959.8507202195177  maxlinkdim=462 maxerr=9.91E-13 time=32.835
After sweep 8 energy=-959.8507202195129  maxlinkdim=462 maxerr=9.91E-13 time=33.436
Energy difference less than 5.0e-5, stopping DMRG
30/31
After sweep 1 energy=-1291.638908157092  maxlinkdim=256 maxerr=9.02E-07 time=40.758
After sweep 2 energy=-1291.6389081543423  maxlinkdim=256 maxerr=9.03E-07 time=34.240
After sweep 3 energy=-1291.6389081543416  maxlinkdim=256 maxerr=9.03E-07 time=33.469
After sweep 4 energy=-1291.6390537098769  maxlinkdim=512 maxerr=8.77E-09 time=71.156
After sweep 5 energy=-1291.6390557261225  maxlinkdim=467 maxerr=9.98E-13 time=36.766
After sweep 6 energy=-1291.639055726208  maxlinkdim=468 maxerr=9.93E-13 time=32.304
After sweep 7 energy=-1291.6390557262075  maxlinkdim=468 maxerr=9.94E-13 time=33.316
After sweep 8 energy=-1291.6390557262087  maxlinkdim=468 maxerr=9.94E-13 time=33.039
Energy difference less than 5.0e-5, stopping DMRG
31/31
After sweep 1 energy=-1950.3236218523225  maxlinkdim=256 maxerr=8.18E-07 time=41.282
After sweep 2 energy=-1950.323621853808  maxlinkdim=256 maxerr=8.19E-07 time=34.663
After sweep 3 energy=-1950.3236218538088  maxlinkdim=256 maxerr=8.19E-07 time=34.168
After sweep 4 energy=-1950.3238570864432  maxlinkdim=512 maxerr=8.06E-09 time=71.528
After sweep 5 energy=-1950.3238603112209  maxlinkdim=472 maxerr=9.99E-13 time=37.386
After sweep 6 energy=-1950.3238603113832  maxlinkdim=473 maxerr=9.99E-13 time=32.853
After sweep 7 energy=-1950.3238603115024  maxlinkdim=474 maxerr=9.96E-13 time=33.787
After sweep 8 energy=-1950.3238603114978  maxlinkdim=474 maxerr=9.96E-13 time=33.406
Energy difference less than 5.0e-5, stopping DMRG
Using a 4 by 6 lattice:
1/31
After sweep 1 energy=-58.07864155777807  maxlinkdim=30 maxerr=8.14E-07 time=17.865
After sweep 2 energy=-58.03750120415432  maxlinkdim=30 maxerr=1.53E-05 time=1.642
After sweep 3 energy=-58.03715230670763  maxlinkdim=30 maxerr=1.50E-05 time=1.251
After sweep 4 energy=-58.10182726349761  maxlinkdim=60 maxerr=4.35E-07 time=3.586
After sweep 5 energy=-58.10174448751736  maxlinkdim=60 maxerr=4.90E-07 time=4.018
After sweep 6 energy=-58.101745408866215  maxlinkdim=60 maxerr=4.89E-07 time=3.971
After sweep 7 energy=-58.1035900819567  maxlinkdim=240 maxerr=2.52E-11 time=29.071
After sweep 8 energy=-58.10359014183348  maxlinkdim=240 maxerr=2.97E-11 time=30.841
After sweep 9 energy=-58.10359014174223  maxlinkdim=240 maxerr=2.98E-11 time=30.689
After sweep 10 energy=-58.10359017905946  maxlinkdim=347 maxerr=1.00E-12 time=32.557
After sweep 11 energy=-58.10359017904729  maxlinkdim=347 maxerr=9.99E-13 time=35.302
After sweep 12 energy=-58.103590178986934  maxlinkdim=347 maxerr=9.93E-13 time=34.891
After sweep 13 energy=-58.10359017898295  maxlinkdim=347 maxerr=9.99E-13 time=34.612
After sweep 14 energy=-58.10359017898054  maxlinkdim=347 maxerr=9.97E-13 time=34.605
After sweep 15 energy=-58.103590178964765  maxlinkdim=347 maxerr=9.94E-13 time=34.494
After sweep 16 energy=-58.103590188417066  maxlinkdim=108 maxerr=9.97E-13 time=13.265
After sweep 17 energy=-58.10359018677217  maxlinkdim=106 maxerr=9.92E-13 time=5.354
After sweep 18 energy=-58.103590185231404  maxlinkdim=104 maxerr=9.76E-13 time=5.217
After sweep 19 energy=-58.10359018440613  maxlinkdim=103 maxerr=9.80E-13 time=5.200
After sweep 20 energy=-58.10359018402232  maxlinkdim=101 maxerr=9.91E-13 time=4.991
After sweep 21 energy=-58.10359018375675  maxlinkdim=101 maxerr=9.95E-13 time=5.184
After sweep 22 energy=-58.10359018366489  maxlinkdim=101 maxerr=9.23E-13 time=5.218
After sweep 23 energy=-58.10359018404279  maxlinkdim=101 maxerr=9.85E-13 time=4.900
After sweep 24 energy=-58.10359018405052  maxlinkdim=101 maxerr=9.98E-13 time=4.814
After sweep 25 energy=-58.1035901835367  maxlinkdim=101 maxerr=9.79E-13 time=5.144
After sweep 26 energy=-58.103590183149294  maxlinkdim=101 maxerr=9.72E-13 time=5.268
After sweep 27 energy=-58.10359018307341  maxlinkdim=101 maxerr=9.06E-13 time=4.920
After sweep 28 energy=-58.10359018242525  maxlinkdim=101 maxerr=9.94E-13 time=4.926
After sweep 29 energy=-58.103590182923654  maxlinkdim=104 maxerr=9.77E-13 time=4.863
After sweep 30 energy=-58.10359018229701  maxlinkdim=102 maxerr=9.53E-13 time=5.073
After sweep 31 energy=-58.10359018190729  maxlinkdim=101 maxerr=9.97E-13 time=4.796
After sweep 32 energy=-58.10359018199593  maxlinkdim=103 maxerr=9.56E-13 time=4.994
After sweep 33 energy=-58.10359018209101  maxlinkdim=101 maxerr=9.22E-13 time=4.893
After sweep 34 energy=-58.10359018152121  maxlinkdim=101 maxerr=9.92E-13 time=4.917
After sweep 35 energy=-58.10359018212921  maxlinkdim=101 maxerr=9.83E-13 time=5.030
After sweep 36 energy=-58.10359018252406  maxlinkdim=101 maxerr=9.68E-13 time=4.847
After sweep 37 energy=-58.103590182380685  maxlinkdim=101 maxerr=8.18E-13 time=4.912
After sweep 38 energy=-58.10359018214649  maxlinkdim=101 maxerr=1.00E-12 time=4.990
After sweep 39 energy=-58.10359018196095  maxlinkdim=101 maxerr=9.81E-13 time=5.210
After sweep 40 energy=-58.103590181794246  maxlinkdim=101 maxerr=9.15E-13 time=4.928
After sweep 41 energy=-58.10359018158716  maxlinkdim=101 maxerr=9.74E-13 time=4.565
Energy difference less than 5.0e-5, stopping DMRG
2/31
After sweep 1 energy=-62.661403100438605  maxlinkdim=101 maxerr=3.55E-08 time=10.244
After sweep 2 energy=-62.661406430850306  maxlinkdim=101 maxerr=3.64E-08 time=11.035
After sweep 3 energy=-62.66140642113788  maxlinkdim=101 maxerr=3.63E-08 time=11.151
After sweep 4 energy=-62.66145202054531  maxlinkdim=202 maxerr=2.02E-10 time=26.029
After sweep 5 energy=-62.66145221845472  maxlinkdim=111 maxerr=9.83E-13 time=9.359
After sweep 6 energy=-62.66145221725197  maxlinkdim=109 maxerr=1.00E-12 time=6.374
After sweep 7 energy=-62.66145221635659  maxlinkdim=107 maxerr=9.90E-13 time=5.415
After sweep 8 energy=-62.661452215361145  maxlinkdim=106 maxerr=1.00E-12 time=5.432
Energy difference less than 5.0e-5, stopping DMRG
3/31
After sweep 1 energy=-67.64690681935758  maxlinkdim=106 maxerr=3.34E-08 time=11.496
After sweep 2 energy=-67.64691507319272  maxlinkdim=106 maxerr=3.40E-08 time=12.660
After sweep 3 energy=-67.64691509062997  maxlinkdim=106 maxerr=3.40E-08 time=12.045
After sweep 4 energy=-67.64696316841909  maxlinkdim=212 maxerr=2.03E-10 time=28.001
After sweep 5 energy=-67.64696337977784  maxlinkdim=116 maxerr=9.87E-13 time=10.164
After sweep 6 energy=-67.64696337779995  maxlinkdim=113 maxerr=9.89E-13 time=6.573
After sweep 7 energy=-67.64696337695186  maxlinkdim=110 maxerr=9.96E-13 time=6.337
After sweep 8 energy=-67.64696337671705  maxlinkdim=110 maxerr=9.74E-13 time=6.153
Energy difference less than 5.0e-5, stopping DMRG
4/31
After sweep 1 energy=-73.10451370942577  maxlinkdim=110 maxerr=3.14E-08 time=12.248
After sweep 2 energy=-73.10451749044991  maxlinkdim=110 maxerr=3.22E-08 time=13.358
After sweep 3 energy=-73.10451747556081  maxlinkdim=110 maxerr=3.23E-08 time=12.502
After sweep 4 energy=-73.10457400829432  maxlinkdim=220 maxerr=2.14E-10 time=31.632
After sweep 5 energy=-73.10457422768066  maxlinkdim=127 maxerr=9.90E-13 time=11.864
After sweep 6 energy=-73.1045742266464  maxlinkdim=122 maxerr=9.72E-13 time=7.195
After sweep 7 energy=-73.10457422528907  maxlinkdim=119 maxerr=9.98E-13 time=7.124
After sweep 8 energy=-73.10457422400759  maxlinkdim=119 maxerr=9.86E-13 time=6.953
Energy difference less than 5.0e-5, stopping DMRG
5/31
After sweep 1 energy=-79.0838621174473  maxlinkdim=119 maxerr=2.27E-08 time=14.004
After sweep 2 energy=-79.08387817537862  maxlinkdim=119 maxerr=2.33E-08 time=14.459
After sweep 3 energy=-79.08387821167142  maxlinkdim=119 maxerr=2.34E-08 time=14.531
After sweep 4 energy=-79.08393107668348  maxlinkdim=238 maxerr=1.41E-10 time=33.527
After sweep 5 energy=-79.08393124217413  maxlinkdim=136 maxerr=9.91E-13 time=13.027
After sweep 6 energy=-79.08393124063036  maxlinkdim=133 maxerr=9.90E-13 time=8.312
After sweep 7 energy=-79.08393123974507  maxlinkdim=129 maxerr=9.93E-13 time=8.163
After sweep 8 energy=-79.08393123871195  maxlinkdim=129 maxerr=9.89E-13 time=7.630
Energy difference less than 5.0e-5, stopping DMRG
6/31
After sweep 1 energy=-85.64065368650998  maxlinkdim=129 maxerr=1.72E-08 time=16.795
After sweep 2 energy=-85.64065563104852  maxlinkdim=129 maxerr=1.76E-08 time=17.723
After sweep 3 energy=-85.6406534229898  maxlinkdim=129 maxerr=1.76E-08 time=18.256
After sweep 4 energy=-85.64068711421928  maxlinkdim=258 maxerr=8.77E-11 time=36.875
After sweep 5 energy=-85.6406872331884  maxlinkdim=145 maxerr=9.99E-13 time=13.490
After sweep 6 energy=-85.64068723190601  maxlinkdim=141 maxerr=9.66E-13 time=9.733
After sweep 7 energy=-85.64068723074746  maxlinkdim=140 maxerr=9.98E-13 time=9.098
After sweep 8 energy=-85.64068722971595  maxlinkdim=137 maxerr=9.61E-13 time=8.839
Energy difference less than 5.0e-5, stopping DMRG
7/31
After sweep 1 energy=-92.83747770816538  maxlinkdim=137 maxerr=1.34E-08 time=19.640
After sweep 2 energy=-92.83748908584437  maxlinkdim=137 maxerr=1.37E-08 time=20.249
After sweep 3 energy=-92.83748908463528  maxlinkdim=137 maxerr=1.37E-08 time=18.452
After sweep 4 energy=-92.8375046580747  maxlinkdim=274 maxerr=8.11E-11 time=41.508
After sweep 5 energy=-92.83750476065764  maxlinkdim=154 maxerr=9.95E-13 time=15.662
After sweep 6 energy=-92.83750476010619  maxlinkdim=154 maxerr=9.90E-13 time=9.802
After sweep 7 energy=-92.83750475937765  maxlinkdim=151 maxerr=9.96E-13 time=10.128
After sweep 8 energy=-92.837504758365  maxlinkdim=149 maxerr=9.90E-13 time=9.605
Energy difference less than 5.0e-5, stopping DMRG
8/31
After sweep 1 energy=-100.74529245392684  maxlinkdim=149 maxerr=8.64E-09 time=20.683
After sweep 2 energy=-100.74530278359823  maxlinkdim=149 maxerr=8.96E-09 time=22.036
After sweep 3 energy=-100.74530278842651  maxlinkdim=149 maxerr=9.01E-09 time=22.223
After sweep 4 energy=-100.74531087720058  maxlinkdim=298 maxerr=6.54E-11 time=46.926
After sweep 5 energy=-100.74531095953171  maxlinkdim=167 maxerr=9.85E-13 time=15.686
After sweep 6 energy=-100.74531095816019  maxlinkdim=162 maxerr=9.92E-13 time=10.516
After sweep 7 energy=-100.74531095723631  maxlinkdim=160 maxerr=9.93E-13 time=10.925
After sweep 8 energy=-100.74531095644583  maxlinkdim=156 maxerr=9.93E-13 time=10.065
Energy difference less than 5.0e-5, stopping DMRG
9/31
After sweep 1 energy=-109.44486487875982  maxlinkdim=156 maxerr=8.56E-09 time=22.921
After sweep 2 energy=-109.4448712368716  maxlinkdim=156 maxerr=8.88E-09 time=24.204
After sweep 3 energy=-109.44487122346901  maxlinkdim=156 maxerr=8.88E-09 time=23.289
After sweep 4 energy=-109.44488127357599  maxlinkdim=312 maxerr=6.73E-11 time=50.844
After sweep 5 energy=-109.44488137165956  maxlinkdim=177 maxerr=9.95E-13 time=17.917
After sweep 6 energy=-109.44488137011965  maxlinkdim=171 maxerr=9.98E-13 time=12.562
After sweep 7 energy=-109.444881369835  maxlinkdim=173 maxerr=9.92E-13 time=11.731
After sweep 8 energy=-109.44488136877271  maxlinkdim=166 maxerr=9.71E-13 time=11.958
Energy difference less than 5.0e-5, stopping DMRG
10/31
After sweep 1 energy=-119.02884061936179  maxlinkdim=166 maxerr=8.00E-09 time=25.275
After sweep 2 energy=-119.02884793900044  maxlinkdim=166 maxerr=8.16E-09 time=26.652
After sweep 3 energy=-119.02884722369183  maxlinkdim=166 maxerr=8.17E-09 time=25.864
After sweep 4 energy=-119.02885675457414  maxlinkdim=332 maxerr=5.93E-11 time=56.918
After sweep 5 energy=-119.02885684191678  maxlinkdim=185 maxerr=9.95E-13 time=20.569
After sweep 6 energy=-119.02885684068474  maxlinkdim=179 maxerr=9.95E-13 time=13.217
After sweep 7 energy=-119.02885683943096  maxlinkdim=176 maxerr=9.95E-13 time=13.597
After sweep 8 energy=-119.02885683951581  maxlinkdim=175 maxerr=9.68E-13 time=12.590
Energy difference less than 5.0e-5, stopping DMRG
11/31
After sweep 1 energy=-129.6043222784717  maxlinkdim=175 maxerr=8.04E-09 time=27.680
After sweep 2 energy=-129.6043250654859  maxlinkdim=175 maxerr=8.17E-09 time=28.292
After sweep 3 energy=-129.60432506684396  maxlinkdim=175 maxerr=8.17E-09 time=28.063
After sweep 4 energy=-129.60433447832494  maxlinkdim=350 maxerr=5.56E-11 time=62.994
After sweep 5 energy=-129.60433457752197  maxlinkdim=206 maxerr=9.98E-13 time=22.855
After sweep 6 energy=-129.60433457612376  maxlinkdim=195 maxerr=9.85E-13 time=15.744
After sweep 7 energy=-129.6043345749017  maxlinkdim=187 maxerr=9.97E-13 time=14.947
After sweep 8 energy=-129.60433457430025  maxlinkdim=185 maxerr=9.98E-13 time=13.905
Energy difference less than 5.0e-5, stopping DMRG
12/31
After sweep 1 energy=-141.29614093478068  maxlinkdim=185 maxerr=7.85E-09 time=32.485
After sweep 2 energy=-141.29621777403509  maxlinkdim=185 maxerr=7.95E-09 time=33.837
After sweep 3 energy=-141.29621778119628  maxlinkdim=185 maxerr=7.99E-09 time=32.763
After sweep 4 energy=-141.2962271418123  maxlinkdim=370 maxerr=5.31E-11 time=67.755
After sweep 5 energy=-141.29622724832086  maxlinkdim=217 maxerr=9.99E-13 time=24.190
After sweep 6 energy=-141.29622724749817  maxlinkdim=211 maxerr=9.99E-13 time=18.083
After sweep 7 energy=-141.29622724670185  maxlinkdim=206 maxerr=9.85E-13 time=17.782
After sweep 8 energy=-141.29622724623368  maxlinkdim=204 maxerr=1.00E-12 time=16.603
Energy difference less than 5.0e-5, stopping DMRG
13/31
After sweep 1 energy=-154.25160429254097  maxlinkdim=204 maxerr=5.99E-09 time=36.608
After sweep 2 energy=-154.2516522153747  maxlinkdim=204 maxerr=5.65E-09 time=37.412
After sweep 3 energy=-154.25165221565467  maxlinkdim=204 maxerr=5.70E-09 time=37.319
After sweep 4 energy=-154.2516604476759  maxlinkdim=408 maxerr=3.53E-11 time=76.779
After sweep 5 energy=-154.2516605236126  maxlinkdim=235 maxerr=9.97E-13 time=28.047
After sweep 6 energy=-154.25166052317206  maxlinkdim=230 maxerr=9.97E-13 time=19.033
After sweep 7 energy=-154.25166052266306  maxlinkdim=225 maxerr=9.89E-13 time=18.667
After sweep 8 energy=-154.25166052210025  maxlinkdim=223 maxerr=9.96E-13 time=19.249
Energy difference less than 5.0e-5, stopping DMRG
14/31
After sweep 1 energy=-168.64575357971805  maxlinkdim=223 maxerr=7.51E-09 time=41.885
After sweep 2 energy=-168.64578622593618  maxlinkdim=223 maxerr=4.30E-09 time=44.217
After sweep 3 energy=-168.6457862271726  maxlinkdim=223 maxerr=4.32E-09 time=43.388
After sweep 4 energy=-168.6457922255283  maxlinkdim=446 maxerr=2.59E-11 time=85.799
After sweep 5 energy=-168.6457922897676  maxlinkdim=249 maxerr=9.98E-13 time=31.613
After sweep 6 energy=-168.645792288763  maxlinkdim=243 maxerr=9.98E-13 time=21.165
After sweep 7 energy=-168.64579228773331  maxlinkdim=239 maxerr=9.99E-13 time=21.187
After sweep 8 energy=-168.64579228744418  maxlinkdim=235 maxerr=9.99E-13 time=21.609
Energy difference less than 5.0e-5, stopping DMRG
15/31
After sweep 1 energy=-184.68958160928563  maxlinkdim=235 maxerr=1.23E-08 time=44.873
After sweep 2 energy=-184.6896003156753  maxlinkdim=235 maxerr=3.91E-09 time=46.271
After sweep 3 energy=-184.6896003106795  maxlinkdim=235 maxerr=3.94E-09 time=46.033
After sweep 4 energy=-184.68960639798522  maxlinkdim=470 maxerr=2.54E-11 time=93.562
After sweep 5 energy=-184.68960646456105  maxlinkdim=265 maxerr=9.98E-13 time=35.442
After sweep 6 energy=-184.68960646394908  maxlinkdim=262 maxerr=1.00E-12 time=24.709
After sweep 7 energy=-184.68960646276642  maxlinkdim=255 maxerr=9.93E-13 time=25.215
After sweep 8 energy=-184.68960646211045  maxlinkdim=251 maxerr=1.00E-12 time=23.950
Energy difference less than 5.0e-5, stopping DMRG
16/31
After sweep 1 energy=-202.64048533635508  maxlinkdim=251 maxerr=8.21E-09 time=52.455
After sweep 2 energy=-202.6404881923012  maxlinkdim=251 maxerr=3.31E-09 time=51.567
After sweep 3 energy=-202.64048819230806  maxlinkdim=251 maxerr=3.31E-09 time=52.022
After sweep 4 energy=-202.6404940703954  maxlinkdim=502 maxerr=2.20E-11 time=102.372
After sweep 5 energy=-202.6404941272303  maxlinkdim=284 maxerr=9.99E-13 time=39.015
After sweep 6 energy=-202.64049412638272  maxlinkdim=280 maxerr=9.97E-13 time=26.382
After sweep 7 energy=-202.64049412607582  maxlinkdim=276 maxerr=9.97E-13 time=26.891
After sweep 8 energy=-202.6404941256648  maxlinkdim=271 maxerr=9.99E-13 time=26.972
Energy difference less than 5.0e-5, stopping DMRG
17/31
After sweep 1 energy=-222.81683238685915  maxlinkdim=256 maxerr=7.03E-09 time=53.987
After sweep 2 energy=-222.81683378213484  maxlinkdim=256 maxerr=3.97E-09 time=53.971
After sweep 3 energy=-222.8168337821372  maxlinkdim=256 maxerr=3.96E-09 time=53.926
After sweep 4 energy=-222.8168412440879  maxlinkdim=512 maxerr=2.72E-11 time=111.743
After sweep 5 energy=-222.81684131411745  maxlinkdim=299 maxerr=9.99E-13 time=41.158
After sweep 6 energy=-222.816841313463  maxlinkdim=295 maxerr=9.94E-13 time=29.036
After sweep 7 energy=-222.8168413131212  maxlinkdim=291 maxerr=9.94E-13 time=29.211
After sweep 8 energy=-222.81684131255125  maxlinkdim=286 maxerr=9.89E-13 time=28.918
Energy difference less than 5.0e-5, stopping DMRG
18/31
After sweep 1 energy=-245.61848286318394  maxlinkdim=256 maxerr=1.39E-08 time=57.173
After sweep 2 energy=-245.61848318130382  maxlinkdim=256 maxerr=5.27E-09 time=56.409
After sweep 3 energy=-245.6184831798034  maxlinkdim=256 maxerr=5.27E-09 time=55.481
After sweep 4 energy=-245.61849377094586  maxlinkdim=512 maxerr=3.87E-11 time=119.233
After sweep 5 energy=-245.6184938739696  maxlinkdim=315 maxerr=9.96E-13 time=45.015
After sweep 6 energy=-245.61849387381136  maxlinkdim=312 maxerr=9.99E-13 time=33.043
After sweep 7 energy=-245.61849387305958  maxlinkdim=310 maxerr=9.99E-13 time=33.505
After sweep 8 energy=-245.6184938725688  maxlinkdim=308 maxerr=9.97E-13 time=34.691
Energy difference less than 5.0e-5, stopping DMRG
19/31
After sweep 1 energy=-271.55602274085095  maxlinkdim=256 maxerr=1.62E-08 time=57.653
After sweep 2 energy=-271.5560249965839  maxlinkdim=256 maxerr=6.90E-09 time=54.281
After sweep 3 energy=-271.5560249919368  maxlinkdim=256 maxerr=6.89E-09 time=55.147
After sweep 4 energy=-271.5560398087754  maxlinkdim=512 maxerr=5.43E-11 time=122.325
After sweep 5 energy=-271.5560399607057  maxlinkdim=336 maxerr=9.99E-13 time=50.021
After sweep 6 energy=-271.556039960356  maxlinkdim=331 maxerr=9.98E-13 time=36.502
After sweep 7 energy=-271.55603995987946  maxlinkdim=326 maxerr=9.98E-13 time=37.459
After sweep 8 energy=-271.5560399596644  maxlinkdim=324 maxerr=9.94E-13 time=38.227
Energy difference less than 5.0e-5, stopping DMRG
20/31
After sweep 1 energy=-301.29364157022655  maxlinkdim=256 maxerr=2.15E-08 time=58.061
After sweep 2 energy=-301.2936419888117  maxlinkdim=256 maxerr=1.02E-08 time=55.169
After sweep 3 energy=-301.2936419877348  maxlinkdim=256 maxerr=1.02E-08 time=55.466
After sweep 4 energy=-301.29366197206866  maxlinkdim=512 maxerr=9.22E-11 time=125.812
After sweep 5 energy=-301.2936621910534  maxlinkdim=355 maxerr=9.96E-13 time=53.147
After sweep 6 energy=-301.29366219091855  maxlinkdim=351 maxerr=9.99E-13 time=38.407
After sweep 7 energy=-301.2936621906222  maxlinkdim=349 maxerr=9.97E-13 time=39.411
After sweep 8 energy=-301.2936621902529  maxlinkdim=347 maxerr=9.98E-13 time=39.613
Energy difference less than 5.0e-5, stopping DMRG
21/31
After sweep 1 energy=-335.7134555289525  maxlinkdim=256 maxerr=2.90E-08 time=56.925
After sweep 2 energy=-335.71345549240476  maxlinkdim=256 maxerr=1.70E-08 time=55.603
After sweep 3 energy=-335.71345549482317  maxlinkdim=256 maxerr=1.70E-08 time=55.490
After sweep 4 energy=-335.71348181077803  maxlinkdim=512 maxerr=1.57E-10 time=128.152
After sweep 5 energy=-335.71348213181875  maxlinkdim=376 maxerr=1.00E-12 time=57.279
After sweep 6 energy=-335.7134821318266  maxlinkdim=373 maxerr=1.00E-12 time=43.764
After sweep 7 energy=-335.71348213179397  maxlinkdim=373 maxerr=9.91E-13 time=44.214
After sweep 8 energy=-335.7134821316808  maxlinkdim=371 maxerr=9.97E-13 time=44.337
Energy difference less than 5.0e-5, stopping DMRG
22/31
After sweep 1 energy=-376.0150493579231  maxlinkdim=256 maxerr=3.65E-08 time=61.119
After sweep 2 energy=-376.01504930969844  maxlinkdim=256 maxerr=2.84E-08 time=54.894
After sweep 3 energy=-376.0150493075042  maxlinkdim=256 maxerr=2.84E-08 time=54.730
After sweep 4 energy=-376.01508525686256  maxlinkdim=512 maxerr=2.69E-10 time=132.076
After sweep 5 energy=-376.01508570972385  maxlinkdim=396 maxerr=9.95E-13 time=61.494
After sweep 6 energy=-376.01508570968787  maxlinkdim=395 maxerr=9.98E-13 time=48.892
After sweep 7 energy=-376.01508570944685  maxlinkdim=394 maxerr=9.99E-13 time=48.495
After sweep 8 energy=-376.01508570936636  maxlinkdim=393 maxerr=9.89E-13 time=49.435
Energy difference less than 5.0e-5, stopping DMRG
23/31
After sweep 1 energy=-423.8748267612478  maxlinkdim=256 maxerr=5.71E-08 time=60.935
After sweep 2 energy=-423.8748266978748  maxlinkdim=256 maxerr=4.71E-08 time=56.015
After sweep 3 energy=-423.8748266967385  maxlinkdim=256 maxerr=4.71E-08 time=56.753
After sweep 4 energy=-423.8748754138569  maxlinkdim=512 maxerr=4.65E-10 time=132.953
After sweep 5 energy=-423.8748760590606  maxlinkdim=416 maxerr=9.99E-13 time=65.437
After sweep 6 energy=-423.87487605887463  maxlinkdim=415 maxerr=9.96E-13 time=51.045
After sweep 7 energy=-423.87487605884775  maxlinkdim=415 maxerr=9.88E-13 time=51.865
After sweep 8 energy=-423.8748760588112  maxlinkdim=414 maxerr=9.98E-13 time=53.088
Energy difference less than 5.0e-5, stopping DMRG
24/31
After sweep 1 energy=-481.7117559383943  maxlinkdim=256 maxerr=7.82E-08 time=63.219
After sweep 2 energy=-481.711755885793  maxlinkdim=256 maxerr=7.80E-08 time=53.960
After sweep 3 energy=-481.71175588686395  maxlinkdim=256 maxerr=7.80E-08 time=56.471
After sweep 4 energy=-481.7118201452523  maxlinkdim=512 maxerr=8.08E-10 time=135.653
After sweep 5 energy=-481.71182104256724  maxlinkdim=435 maxerr=9.96E-13 time=67.098
After sweep 6 energy=-481.71182104257883  maxlinkdim=434 maxerr=9.99E-13 time=54.300
After sweep 7 energy=-481.71182104262743  maxlinkdim=434 maxerr=9.97E-13 time=54.545
After sweep 8 energy=-481.7118210426281  maxlinkdim=434 maxerr=9.96E-13 time=54.022
Energy difference less than 5.0e-5, stopping DMRG
25/31
After sweep 1 energy=-553.1526678600787  maxlinkdim=256 maxerr=1.29E-07 time=58.556
After sweep 2 energy=-553.1526669602222  maxlinkdim=256 maxerr=1.29E-07 time=53.499
After sweep 3 energy=-553.1526669582079  maxlinkdim=256 maxerr=1.29E-07 time=54.305
After sweep 4 energy=-553.1527497371796  maxlinkdim=512 maxerr=1.38E-09 time=134.998
After sweep 5 energy=-553.1527509770931  maxlinkdim=452 maxerr=9.98E-13 time=71.955
After sweep 6 energy=-553.152750977113  maxlinkdim=452 maxerr=9.96E-13 time=58.260
After sweep 7 energy=-553.1527509771142  maxlinkdim=452 maxerr=9.98E-13 time=59.360
After sweep 8 energy=-553.1527509771146  maxlinkdim=452 maxerr=9.96E-13 time=58.471
Energy difference less than 5.0e-5, stopping DMRG
26/31
After sweep 1 energy=-643.8967467727458  maxlinkdim=256 maxerr=2.15E-07 time=60.960
After sweep 2 energy=-643.896746509663  maxlinkdim=256 maxerr=2.15E-07 time=52.614
After sweep 3 energy=-643.8967465123447  maxlinkdim=256 maxerr=2.15E-07 time=53.605
After sweep 4 energy=-643.8968523655135  maxlinkdim=512 maxerr=2.36E-09 time=135.713
After sweep 5 energy=-643.8968540295145  maxlinkdim=468 maxerr=9.99E-13 time=75.215
After sweep 6 energy=-643.896854029512  maxlinkdim=469 maxerr=9.98E-13 time=61.047
After sweep 7 energy=-643.896854029457  maxlinkdim=469 maxerr=9.97E-13 time=62.882
After sweep 8 energy=-643.8968540294667  maxlinkdim=469 maxerr=9.91E-13 time=61.880
Energy difference less than 5.0e-5, stopping DMRG
27/31
After sweep 1 energy=-763.4450953573894  maxlinkdim=256 maxerr=3.49E-07 time=64.187
After sweep 2 energy=-763.4450938781566  maxlinkdim=256 maxerr=3.49E-07 time=56.546
After sweep 3 energy=-763.4450938779859  maxlinkdim=256 maxerr=3.49E-07 time=56.572
After sweep 4 energy=-763.4452355197345  maxlinkdim=512 maxerr=4.05E-09 time=137.209
After sweep 5 energy=-763.4452377407774  maxlinkdim=482 maxerr=9.97E-13 time=77.590
After sweep 6 energy=-763.445237740784  maxlinkdim=483 maxerr=9.97E-13 time=65.332
After sweep 7 energy=-763.4452377407586  maxlinkdim=483 maxerr=9.98E-13 time=65.813
After sweep 8 energy=-763.445237740746  maxlinkdim=483 maxerr=9.99E-13 time=67.487
Energy difference less than 5.0e-5, stopping DMRG
28/31
After sweep 1 energy=-928.9066004602237  maxlinkdim=256 maxerr=5.40E-07 time=66.920
After sweep 2 energy=-928.9066000520885  maxlinkdim=256 maxerr=5.41E-07 time=56.178
After sweep 3 energy=-928.9066000520063  maxlinkdim=256 maxerr=5.41E-07 time=57.485
After sweep 4 energy=-928.9067998267194  maxlinkdim=512 maxerr=6.86E-09 time=139.359
After sweep 5 energy=-928.9068029028258  maxlinkdim=492 maxerr=9.98E-13 time=78.935
After sweep 6 energy=-928.9068029030364  maxlinkdim=496 maxerr=9.98E-13 time=67.936
After sweep 7 energy=-928.9068029030298  maxlinkdim=496 maxerr=9.98E-13 time=70.042
After sweep 8 energy=-928.9068029029995  maxlinkdim=496 maxerr=9.97E-13 time=71.448
Energy difference less than 5.0e-5, stopping DMRG
29/31
After sweep 1 energy=-1174.5137856051188  maxlinkdim=256 maxerr=7.58E-07 time=63.628
After sweep 2 energy=-1174.513785730338  maxlinkdim=256 maxerr=7.58E-07 time=56.937
After sweep 3 energy=-1174.5137857303673  maxlinkdim=256 maxerr=7.58E-07 time=55.701
After sweep 4 energy=-1174.5140548788772  maxlinkdim=512 maxerr=1.11E-08 time=140.862
After sweep 5 energy=-1174.51405909951  maxlinkdim=503 maxerr=9.99E-13 time=82.141
After sweep 6 energy=-1174.5140591001195  maxlinkdim=509 maxerr=9.95E-13 time=72.480
After sweep 7 energy=-1174.5140591002073  maxlinkdim=509 maxerr=9.91E-13 time=72.351
After sweep 8 energy=-1174.5140591002064  maxlinkdim=509 maxerr=9.91E-13 time=72.701
Energy difference less than 5.0e-5, stopping DMRG
30/31
After sweep 1 energy=-1580.1715013214339  maxlinkdim=256 maxerr=7.29E-07 time=64.676
After sweep 2 energy=-1580.1715015316506  maxlinkdim=256 maxerr=7.30E-07 time=56.305
After sweep 3 energy=-1580.1715015316934  maxlinkdim=256 maxerr=7.30E-07 time=56.070
After sweep 4 energy=-1580.1718835075126  maxlinkdim=512 maxerr=1.11E-08 time=136.491
After sweep 5 energy=-1580.1718896093914  maxlinkdim=511 maxerr=1.02E-12 time=83.579
After sweep 6 energy=-1580.1718896100542  maxlinkdim=512 maxerr=1.17E-12 time=75.475
After sweep 7 energy=-1580.1718896105135  maxlinkdim=518 maxerr=9.99E-13 time=75.348
After sweep 8 energy=-1580.1718896105099  maxlinkdim=518 maxerr=1.00E-12 time=73.567
Energy difference less than 5.0e-5, stopping DMRG
31/31
After sweep 1 energy=-2385.6530705991954  maxlinkdim=256 maxerr=6.55E-07 time=68.563
After sweep 2 energy=-2385.653069883333  maxlinkdim=256 maxerr=6.55E-07 time=57.940
After sweep 3 energy=-2385.6530698831484  maxlinkdim=256 maxerr=6.55E-07 time=57.371
After sweep 4 energy=-2385.653676503218  maxlinkdim=512 maxerr=1.03E-08 time=140.848
After sweep 5 energy=-2385.6536862139355  maxlinkdim=512 maxerr=1.24E-12 time=83.076
After sweep 6 energy=-2385.653686214805  maxlinkdim=512 maxerr=1.35E-12 time=74.059
After sweep 7 energy=-2385.6536862158946  maxlinkdim=524 maxerr=9.99E-13 time=75.700
After sweep 8 energy=-2385.653686215899  maxlinkdim=524 maxerr=9.99E-13 time=76.123
Energy difference less than 5.0e-5, stopping DMRG
Using a 4 by 7 lattice:
1/31
After sweep 1 energy=-69.46165551542296  maxlinkdim=35 maxerr=4.18E-07 time=18.431
After sweep 2 energy=-69.44256385636552  maxlinkdim=35 maxerr=5.77E-06 time=2.253
After sweep 3 energy=-69.44263898199165  maxlinkdim=35 maxerr=5.85E-06 time=1.887
After sweep 4 energy=-69.48792140369927  maxlinkdim=70 maxerr=1.69E-07 time=6.250
After sweep 5 energy=-69.48796371373571  maxlinkdim=70 maxerr=1.75E-07 time=7.412
After sweep 6 energy=-69.48789932961768  maxlinkdim=70 maxerr=1.75E-07 time=7.663
After sweep 7 energy=-69.48845033238103  maxlinkdim=280 maxerr=6.36E-12 time=39.327
After sweep 8 energy=-69.48845034512675  maxlinkdim=280 maxerr=7.39E-12 time=46.105
After sweep 9 energy=-69.48845034553722  maxlinkdim=280 maxerr=7.41E-12 time=45.172
After sweep 10 energy=-69.48845035500158  maxlinkdim=345 maxerr=9.99E-13 time=49.272
After sweep 11 energy=-69.4884503549263  maxlinkdim=345 maxerr=9.99E-13 time=50.041
After sweep 12 energy=-69.48845035465591  maxlinkdim=346 maxerr=9.96E-13 time=50.234
After sweep 13 energy=-69.48845035466451  maxlinkdim=345 maxerr=9.97E-13 time=48.491
After sweep 14 energy=-69.48845035500436  maxlinkdim=346 maxerr=9.98E-13 time=47.218
After sweep 15 energy=-69.48845035456257  maxlinkdim=345 maxerr=9.98E-13 time=48.459
After sweep 16 energy=-69.48845037535568  maxlinkdim=108 maxerr=9.97E-13 time=17.650
After sweep 17 energy=-69.4884503727282  maxlinkdim=107 maxerr=9.97E-13 time=7.273
After sweep 18 energy=-69.48845037072306  maxlinkdim=104 maxerr=9.93E-13 time=7.338
After sweep 19 energy=-69.48845036944128  maxlinkdim=103 maxerr=9.96E-13 time=6.779
After sweep 20 energy=-69.48845036888179  maxlinkdim=102 maxerr=9.90E-13 time=6.961
After sweep 21 energy=-69.48845036837793  maxlinkdim=102 maxerr=9.97E-13 time=6.575
After sweep 22 energy=-69.48845036802186  maxlinkdim=102 maxerr=9.52E-13 time=6.880
After sweep 23 energy=-69.48845036825101  maxlinkdim=101 maxerr=9.97E-13 time=6.901
After sweep 24 energy=-69.48845036787023  maxlinkdim=101 maxerr=9.91E-13 time=6.818
After sweep 25 energy=-69.48845036736157  maxlinkdim=101 maxerr=9.61E-13 time=7.057
After sweep 26 energy=-69.48845036770938  maxlinkdim=101 maxerr=9.89E-13 time=6.573
After sweep 27 energy=-69.48845036736306  maxlinkdim=101 maxerr=9.64E-13 time=6.514
After sweep 28 energy=-69.48845036696247  maxlinkdim=101 maxerr=9.71E-13 time=6.834
After sweep 29 energy=-69.48845036692683  maxlinkdim=101 maxerr=9.76E-13 time=6.639
After sweep 30 energy=-69.48845036648412  maxlinkdim=101 maxerr=9.95E-13 time=6.738
After sweep 31 energy=-69.48845036650619  maxlinkdim=101 maxerr=9.47E-13 time=6.605
After sweep 32 energy=-69.48845036698411  maxlinkdim=101 maxerr=9.49E-13 time=6.672
After sweep 33 energy=-69.48845036661524  maxlinkdim=101 maxerr=9.01E-13 time=6.523
After sweep 34 energy=-69.48845036691903  maxlinkdim=101 maxerr=9.97E-13 time=6.431
After sweep 35 energy=-69.48845036646958  maxlinkdim=100 maxerr=9.95E-13 time=6.579
After sweep 36 energy=-69.48845036632747  maxlinkdim=100 maxerr=9.93E-13 time=6.977
After sweep 37 energy=-69.48845036594437  maxlinkdim=100 maxerr=1.00E-12 time=7.135
After sweep 38 energy=-69.48845036584434  maxlinkdim=100 maxerr=9.63E-13 time=7.069
After sweep 39 energy=-69.48845036577458  maxlinkdim=100 maxerr=9.84E-13 time=7.016
After sweep 40 energy=-69.48845036595527  maxlinkdim=100 maxerr=9.95E-13 time=6.835
After sweep 41 energy=-69.48845036607781  maxlinkdim=100 maxerr=9.86E-13 time=6.558
Energy difference less than 5.0e-5, stopping DMRG
2/31
After sweep 1 energy=-74.91978192574415  maxlinkdim=100 maxerr=3.75E-08 time=13.293
After sweep 2 energy=-74.91978425115296  maxlinkdim=100 maxerr=3.86E-08 time=14.258
After sweep 3 energy=-74.91978416133131  maxlinkdim=100 maxerr=3.84E-08 time=14.824
After sweep 4 energy=-74.9198470364921  maxlinkdim=200 maxerr=2.16E-10 time=36.672
After sweep 5 energy=-74.91984736314636  maxlinkdim=111 maxerr=9.97E-13 time=13.576
After sweep 6 energy=-74.91984736210334  maxlinkdim=110 maxerr=1.00E-12 time=8.013
After sweep 7 energy=-74.9198473611016  maxlinkdim=108 maxerr=9.61E-13 time=7.804
After sweep 8 energy=-74.91984736004935  maxlinkdim=106 maxerr=9.91E-13 time=7.326
Energy difference less than 5.0e-5, stopping DMRG
3/31
After sweep 1 energy=-80.85813306639079  maxlinkdim=106 maxerr=3.35E-08 time=14.949
After sweep 2 energy=-80.85813933733442  maxlinkdim=106 maxerr=3.40E-08 time=15.985
After sweep 3 energy=-80.85813934871211  maxlinkdim=106 maxerr=3.39E-08 time=16.480
After sweep 4 energy=-80.85820439897097  maxlinkdim=212 maxerr=2.04E-10 time=42.085
After sweep 5 energy=-80.85820473338417  maxlinkdim=118 maxerr=9.99E-13 time=14.779
After sweep 6 energy=-80.85820473133141  maxlinkdim=114 maxerr=9.86E-13 time=8.967
After sweep 7 energy=-80.85820473028609  maxlinkdim=112 maxerr=9.90E-13 time=8.709
After sweep 8 energy=-80.85820472991163  maxlinkdim=111 maxerr=9.66E-13 time=8.676
Energy difference less than 5.0e-5, stopping DMRG
4/31
After sweep 1 energy=-87.35580661212758  maxlinkdim=111 maxerr=2.98E-08 time=15.656
After sweep 2 energy=-87.3558109198338  maxlinkdim=111 maxerr=2.97E-08 time=16.895
After sweep 3 energy=-87.35581095758842  maxlinkdim=111 maxerr=2.97E-08 time=17.373
After sweep 4 energy=-87.35588455546142  maxlinkdim=222 maxerr=1.97E-10 time=43.624
After sweep 5 energy=-87.35588491493854  maxlinkdim=127 maxerr=9.98E-13 time=15.715
After sweep 6 energy=-87.35588491249814  maxlinkdim=121 maxerr=9.98E-13 time=9.537
After sweep 7 energy=-87.35588491118118  maxlinkdim=119 maxerr=9.98E-13 time=9.608
After sweep 8 energy=-87.35588490985356  maxlinkdim=117 maxerr=9.93E-13 time=9.349
Energy difference less than 5.0e-5, stopping DMRG
5/31
After sweep 1 energy=-94.47124606784458  maxlinkdim=117 maxerr=2.59E-08 time=17.552
After sweep 2 energy=-94.47126628803709  maxlinkdim=117 maxerr=2.60E-08 time=18.290
After sweep 3 energy=-94.47126628853631  maxlinkdim=117 maxerr=2.60E-08 time=19.147
After sweep 4 energy=-94.47134442419872  maxlinkdim=234 maxerr=1.67E-10 time=48.268
After sweep 5 energy=-94.47134476592213  maxlinkdim=136 maxerr=9.96E-13 time=18.162
After sweep 6 energy=-94.47134476405046  maxlinkdim=133 maxerr=9.89E-13 time=11.287
After sweep 7 energy=-94.47134476267092  maxlinkdim=133 maxerr=9.90E-13 time=10.262
After sweep 8 energy=-94.47134476152905  maxlinkdim=132 maxerr=9.99E-13 time=10.240
Energy difference less than 5.0e-5, stopping DMRG
6/31
After sweep 1 energy=-102.27004377173108  maxlinkdim=132 maxerr=1.38E-08 time=22.641
After sweep 2 energy=-102.27004786765593  maxlinkdim=132 maxerr=1.47E-08 time=25.973
After sweep 3 energy=-102.27004786749079  maxlinkdim=132 maxerr=1.47E-08 time=25.121
After sweep 4 energy=-102.2700894154787  maxlinkdim=264 maxerr=7.23E-11 time=55.226
After sweep 5 energy=-102.27008958853725  maxlinkdim=144 maxerr=9.99E-13 time=19.813
After sweep 6 energy=-102.27008958653282  maxlinkdim=143 maxerr=9.90E-13 time=12.282
After sweep 7 energy=-102.27008958494817  maxlinkdim=142 maxerr=9.98E-13 time=11.844
After sweep 8 energy=-102.27008958386205  maxlinkdim=139 maxerr=9.96E-13 time=12.133
Energy difference less than 5.0e-5, stopping DMRG
7/31
After sweep 1 energy=-110.82582178622495  maxlinkdim=139 maxerr=1.12E-08 time=25.313
After sweep 2 energy=-110.82582300769954  maxlinkdim=139 maxerr=1.17E-08 time=29.015
After sweep 3 energy=-110.82582301433364  maxlinkdim=139 maxerr=1.17E-08 time=27.806
After sweep 4 energy=-110.82585565374256  maxlinkdim=278 maxerr=7.46E-11 time=59.682
After sweep 5 energy=-110.82585581978923  maxlinkdim=154 maxerr=9.99E-13 time=21.525
After sweep 6 energy=-110.82585581800427  maxlinkdim=149 maxerr=9.82E-13 time=13.633
After sweep 7 energy=-110.82585581655198  maxlinkdim=146 maxerr=9.96E-13 time=13.755
After sweep 8 energy=-110.82585581644344  maxlinkdim=147 maxerr=9.93E-13 time=12.844
Energy difference less than 5.0e-5, stopping DMRG
8/31
After sweep 1 energy=-120.2220110722729  maxlinkdim=147 maxerr=1.02E-08 time=27.734
After sweep 2 energy=-120.22206563030866  maxlinkdim=147 maxerr=9.87E-09 time=31.225
After sweep 3 energy=-120.22206562146368  maxlinkdim=147 maxerr=9.85E-09 time=31.452
After sweep 4 energy=-120.2220913964238  maxlinkdim=294 maxerr=7.30E-11 time=66.483
After sweep 5 energy=-120.22209155671862  maxlinkdim=162 maxerr=9.95E-13 time=24.194
After sweep 6 energy=-120.22209155526674  maxlinkdim=158 maxerr=9.99E-13 time=14.903
After sweep 7 energy=-120.22209155384915  maxlinkdim=155 maxerr=1.00E-12 time=14.682
After sweep 8 energy=-120.2220915529803  maxlinkdim=154 maxerr=9.84E-13 time=14.822
Energy difference less than 5.0e-5, stopping DMRG
9/31
After sweep 1 energy=-130.55367783640406  maxlinkdim=154 maxerr=1.55E-08 time=30.353
After sweep 2 energy=-130.55380278852175  maxlinkdim=154 maxerr=9.43E-09 time=33.125
After sweep 3 energy=-130.55380281264104  maxlinkdim=154 maxerr=9.68E-09 time=32.892
After sweep 4 energy=-130.55382655686455  maxlinkdim=308 maxerr=7.50E-11 time=75.011
After sweep 5 energy=-130.55382672389922  maxlinkdim=174 maxerr=9.93E-13 time=26.503
After sweep 6 energy=-130.55382672238102  maxlinkdim=168 maxerr=1.00E-12 time=17.002
After sweep 7 energy=-130.55382672158262  maxlinkdim=167 maxerr=9.96E-13 time=17.168
After sweep 8 energy=-130.5538267206707  maxlinkdim=164 maxerr=1.00E-12 time=16.687
Energy difference less than 5.0e-5, stopping DMRG
10/31
After sweep 1 energy=-141.93003703903764  maxlinkdim=164 maxerr=8.52E-09 time=34.917
After sweep 2 energy=-141.9300406622527  maxlinkdim=164 maxerr=8.70E-09 time=35.652
After sweep 3 energy=-141.93004064685752  maxlinkdim=164 maxerr=8.70E-09 time=36.185
After sweep 4 energy=-141.93005569974937  maxlinkdim=328 maxerr=6.50E-11 time=81.847
After sweep 5 energy=-141.93005587282778  maxlinkdim=184 maxerr=9.96E-13 time=29.190
After sweep 6 energy=-141.93005587167474  maxlinkdim=181 maxerr=9.96E-13 time=19.756
After sweep 7 energy=-141.93005587038704  maxlinkdim=180 maxerr=9.98E-13 time=18.985
After sweep 8 energy=-141.9300558695645  maxlinkdim=175 maxerr=9.89E-13 time=19.178
Energy difference less than 5.0e-5, stopping DMRG
11/31
After sweep 1 energy=-154.47666359194454  maxlinkdim=175 maxerr=1.44E-08 time=38.499
After sweep 2 energy=-154.47678457573366  maxlinkdim=175 maxerr=8.13E-09 time=39.847
After sweep 3 energy=-154.47678458899662  maxlinkdim=175 maxerr=8.17E-09 time=39.783
After sweep 4 energy=-154.476800052452  maxlinkdim=350 maxerr=5.64E-11 time=89.720
After sweep 5 energy=-154.47680022560016  maxlinkdim=195 maxerr=9.95E-13 time=32.111
After sweep 6 energy=-154.47680022440088  maxlinkdim=193 maxerr=9.92E-13 time=21.288
After sweep 7 energy=-154.47680022340805  maxlinkdim=190 maxerr=9.95E-13 time=20.812
After sweep 8 energy=-154.47680022215334  maxlinkdim=187 maxerr=9.98E-13 time=20.412
Energy difference less than 5.0e-5, stopping DMRG
12/31
After sweep 1 energy=-168.34099553110963  maxlinkdim=187 maxerr=1.22E-08 time=44.234
After sweep 2 energy=-168.34106253119228  maxlinkdim=187 maxerr=7.44E-09 time=46.476
After sweep 3 energy=-168.3410625271118  maxlinkdim=187 maxerr=7.46E-09 time=47.386
After sweep 4 energy=-168.34107748425734  maxlinkdim=374 maxerr=4.88E-11 time=99.686
After sweep 5 energy=-168.3410776569874  maxlinkdim=219 maxerr=9.98E-13 time=35.359
After sweep 6 energy=-168.3410776554478  maxlinkdim=212 maxerr=9.97E-13 time=23.891
After sweep 7 energy=-168.3410776543375  maxlinkdim=210 maxerr=1.00E-12 time=24.794
After sweep 8 energy=-168.3410776532128  maxlinkdim=203 maxerr=9.98E-13 time=23.754
Energy difference less than 5.0e-5, stopping DMRG
13/31
After sweep 1 energy=-183.6959990454819  maxlinkdim=203 maxerr=9.89E-09 time=51.358
After sweep 2 energy=-183.6960866440887  maxlinkdim=203 maxerr=5.80E-09 time=52.299
After sweep 3 energy=-183.6960866458822  maxlinkdim=203 maxerr=5.84E-09 time=53.037
After sweep 4 energy=-183.69609913943643  maxlinkdim=406 maxerr=3.69E-11 time=109.902
After sweep 5 energy=-183.69609928325332  maxlinkdim=235 maxerr=9.93E-13 time=39.917
After sweep 6 energy=-183.69609928174518  maxlinkdim=227 maxerr=9.98E-13 time=28.627
After sweep 7 energy=-183.69609928089494  maxlinkdim=222 maxerr=9.99E-13 time=27.886
After sweep 8 energy=-183.69609928017215  maxlinkdim=218 maxerr=9.96E-13 time=27.336
Energy difference less than 5.0e-5, stopping DMRG
14/31
After sweep 1 energy=-200.7481066007408  maxlinkdim=218 maxerr=1.11E-08 time=56.014
After sweep 2 energy=-200.74813307047012  maxlinkdim=218 maxerr=4.96E-09 time=59.306
After sweep 3 energy=-200.74813304160062  maxlinkdim=218 maxerr=4.98E-09 time=59.930
After sweep 4 energy=-200.7481439561157  maxlinkdim=436 maxerr=3.05E-11 time=124.637
After sweep 5 energy=-200.74814408999617  maxlinkdim=248 maxerr=9.99E-13 time=44.829
After sweep 6 energy=-200.74814408875517  maxlinkdim=243 maxerr=9.94E-13 time=32.541
After sweep 7 energy=-200.74814408756893  maxlinkdim=240 maxerr=1.00E-12 time=31.454
After sweep 8 energy=-200.74814408666742  maxlinkdim=236 maxerr=9.99E-13 time=31.829
Energy difference less than 5.0e-5, stopping DMRG
15/31
After sweep 1 energy=-219.7457168455245  maxlinkdim=236 maxerr=6.03E-09 time=64.377
After sweep 2 energy=-219.74575329780285  maxlinkdim=236 maxerr=3.78E-09 time=66.151
After sweep 3 energy=-219.74575316480994  maxlinkdim=236 maxerr=3.82E-09 time=63.159
After sweep 4 energy=-219.7457624562923  maxlinkdim=472 maxerr=2.34E-11 time=139.474
After sweep 5 energy=-219.74576257426176  maxlinkdim=266 maxerr=9.87E-13 time=51.557
After sweep 6 energy=-219.74576257313902  maxlinkdim=259 maxerr=9.93E-13 time=35.570
After sweep 7 energy=-219.74576257209856  maxlinkdim=253 maxerr=9.99E-13 time=34.553
After sweep 8 energy=-219.74576257087728  maxlinkdim=250 maxerr=9.97E-13 time=36.710
Energy difference less than 5.0e-5, stopping DMRG
16/31
After sweep 1 energy=-240.99224676598357  maxlinkdim=250 maxerr=2.00E-08 time=68.745
After sweep 2 energy=-240.99225662396188  maxlinkdim=250 maxerr=3.39E-09 time=72.364
After sweep 3 energy=-240.9922566251185  maxlinkdim=250 maxerr=3.40E-09 time=72.096
After sweep 4 energy=-240.9922662612306  maxlinkdim=500 maxerr=2.19E-11 time=154.845
After sweep 5 energy=-240.99226637327388  maxlinkdim=284 maxerr=9.97E-13 time=57.130
After sweep 6 energy=-240.99226637212553  maxlinkdim=275 maxerr=9.96E-13 time=39.653
After sweep 7 energy=-240.9922663710167  maxlinkdim=272 maxerr=1.00E-12 time=41.694
After sweep 8 energy=-240.99226637061489  maxlinkdim=270 maxerr=9.99E-13 time=39.920
Energy difference less than 5.0e-5, stopping DMRG
17/31
After sweep 1 energy=-264.86289519866114  maxlinkdim=256 maxerr=2.27E-08 time=76.602
After sweep 2 energy=-264.86292779121186  maxlinkdim=256 maxerr=3.97E-09 time=77.707
After sweep 3 energy=-264.862927789493  maxlinkdim=256 maxerr=3.97E-09 time=76.238
After sweep 4 energy=-264.8629400779311  maxlinkdim=512 maxerr=2.59E-11 time=169.310
After sweep 5 energy=-264.8629402072581  maxlinkdim=298 maxerr=9.95E-13 time=62.948
After sweep 6 energy=-264.86294020637456  maxlinkdim=295 maxerr=9.98E-13 time=42.148
After sweep 7 energy=-264.8629402058922  maxlinkdim=294 maxerr=9.93E-13 time=46.675
After sweep 8 energy=-264.8629402052766  maxlinkdim=291 maxerr=9.98E-13 time=46.753
Energy difference less than 5.0e-5, stopping DMRG
18/31
After sweep 1 energy=-291.82915663400826  maxlinkdim=256 maxerr=2.43E-08 time=81.979
After sweep 2 energy=-291.82916405756214  maxlinkdim=256 maxerr=5.27E-09 time=78.054
After sweep 3 energy=-291.8291640571936  maxlinkdim=256 maxerr=5.27E-09 time=79.702
After sweep 4 energy=-291.8291808850896  maxlinkdim=512 maxerr=3.68E-11 time=181.145
After sweep 5 energy=-291.82918107279056  maxlinkdim=314 maxerr=9.91E-13 time=68.638
After sweep 6 energy=-291.82918107233087  maxlinkdim=312 maxerr=9.98E-13 time=47.870
After sweep 7 energy=-291.8291810718948  maxlinkdim=309 maxerr=1.00E-12 time=48.938
After sweep 8 energy=-291.8291810714737  maxlinkdim=307 maxerr=9.95E-13 time=48.505
Energy difference less than 5.0e-5, stopping DMRG
19/31
After sweep 1 energy=-322.4930040681424  maxlinkdim=256 maxerr=3.88E-08 time=76.201
After sweep 2 energy=-322.49301203453746  maxlinkdim=256 maxerr=6.90E-09 time=78.681
After sweep 3 energy=-322.49301203413614  maxlinkdim=256 maxerr=6.90E-09 time=77.681
After sweep 4 energy=-322.4930342357206  maxlinkdim=512 maxerr=5.96E-11 time=186.218
After sweep 5 energy=-322.49303450612865  maxlinkdim=335 maxerr=9.99E-13 time=72.395
After sweep 6 energy=-322.493034505833  maxlinkdim=333 maxerr=1.00E-12 time=52.766
After sweep 7 energy=-322.4930345052881  maxlinkdim=331 maxerr=9.96E-13 time=54.774
After sweep 8 energy=-322.49303450508864  maxlinkdim=329 maxerr=9.98E-13 time=54.619
Energy difference less than 5.0e-5, stopping DMRG
20/31
After sweep 1 energy=-357.6377097520951  maxlinkdim=256 maxerr=3.48E-08 time=85.123
After sweep 2 energy=-357.6377096242675  maxlinkdim=256 maxerr=1.06E-08 time=79.020
After sweep 3 energy=-357.63770962848344  maxlinkdim=256 maxerr=1.06E-08 time=79.493
After sweep 4 energy=-357.63774023088394  maxlinkdim=512 maxerr=1.04E-10 time=188.296
After sweep 5 energy=-357.63774061869725  maxlinkdim=351 maxerr=9.99E-13 time=79.754
After sweep 6 energy=-357.6377406187828  maxlinkdim=352 maxerr=9.99E-13 time=61.180
After sweep 7 energy=-357.6377406185729  maxlinkdim=351 maxerr=9.98E-13 time=62.169
After sweep 8 energy=-357.63774061813234  maxlinkdim=347 maxerr=9.95E-13 time=61.494
Energy difference less than 5.0e-5, stopping DMRG
21/31
After sweep 1 energy=-398.3036136838878  maxlinkdim=256 maxerr=4.69E-08 time=83.619
After sweep 2 energy=-398.303613469531  maxlinkdim=256 maxerr=1.76E-08 time=78.976
After sweep 3 energy=-398.3036134664454  maxlinkdim=256 maxerr=1.76E-08 time=78.735
After sweep 4 energy=-398.3036540598737  maxlinkdim=512 maxerr=1.77E-10 time=193.102
After sweep 5 energy=-398.3036546128466  maxlinkdim=378 maxerr=9.94E-13 time=86.792
After sweep 6 energy=-398.3036546129367  maxlinkdim=375 maxerr=9.86E-13 time=68.892
After sweep 7 energy=-398.3036546128494  maxlinkdim=373 maxerr=9.92E-13 time=68.499
After sweep 8 energy=-398.3036546126468  maxlinkdim=372 maxerr=1.00E-12 time=68.907
Energy difference less than 5.0e-5, stopping DMRG
22/31
After sweep 1 energy=-445.90567267358983  maxlinkdim=256 maxerr=4.89E-08 time=87.825
After sweep 2 energy=-445.90567225108134  maxlinkdim=256 maxerr=2.91E-08 time=78.458
After sweep 3 energy=-445.9056722547864  maxlinkdim=256 maxerr=2.91E-08 time=78.601
After sweep 4 energy=-445.90572799784053  maxlinkdim=512 maxerr=3.11E-10 time=196.466
After sweep 5 energy=-445.90572879509443  maxlinkdim=399 maxerr=9.95E-13 time=94.866
After sweep 6 energy=-445.90572879503145  maxlinkdim=396 maxerr=9.99E-13 time=73.315
After sweep 7 energy=-445.90572879481635  maxlinkdim=392 maxerr=9.98E-13 time=74.826
After sweep 8 energy=-445.9057287948221  maxlinkdim=392 maxerr=1.00E-12 time=74.966
Energy difference less than 5.0e-5, stopping DMRG
23/31
After sweep 1 energy=-502.421629977067  maxlinkdim=256 maxerr=6.00E-08 time=88.302
After sweep 2 energy=-502.42162954081994  maxlinkdim=256 maxerr=4.80E-08 time=80.173
After sweep 3 energy=-502.42162952152955  maxlinkdim=256 maxerr=4.80E-08 time=80.453
After sweep 4 energy=-502.42170178562696  maxlinkdim=512 maxerr=5.34E-10 time=199.374
After sweep 5 energy=-502.4217029045456  maxlinkdim=417 maxerr=9.96E-13 time=99.133
After sweep 6 energy=-502.4217029045041  maxlinkdim=416 maxerr=9.99E-13 time=76.226
After sweep 7 energy=-502.42170290446694  maxlinkdim=415 maxerr=9.92E-13 time=78.408
After sweep 8 energy=-502.4217029044039  maxlinkdim=415 maxerr=1.00E-12 time=78.225
Energy difference less than 5.0e-5, stopping DMRG
24/31
After sweep 1 energy=-570.7059651897906  maxlinkdim=256 maxerr=7.86E-08 time=87.253
After sweep 2 energy=-570.7059648164968  maxlinkdim=256 maxerr=7.88E-08 time=78.621
After sweep 3 energy=-570.7059648278955  maxlinkdim=256 maxerr=7.88E-08 time=77.540
After sweep 4 energy=-570.7060598417875  maxlinkdim=512 maxerr=9.20E-10 time=202.845
After sweep 5 energy=-570.706061375037  maxlinkdim=435 maxerr=9.99E-13 time=104.809
After sweep 6 energy=-570.7060613750028  maxlinkdim=434 maxerr=9.97E-13 time=84.091
After sweep 7 energy=-570.7060613750192  maxlinkdim=434 maxerr=9.99E-13 time=85.605
After sweep 8 energy=-570.7060613749331  maxlinkdim=434 maxerr=1.00E-12 time=85.223
Energy difference less than 5.0e-5, stopping DMRG
25/31
After sweep 1 energy=-655.0397343889045  maxlinkdim=256 maxerr=1.28E-07 time=88.218
After sweep 2 energy=-655.0397338578698  maxlinkdim=256 maxerr=1.29E-07 time=77.383
After sweep 3 energy=-655.0397339129581  maxlinkdim=256 maxerr=1.29E-07 time=76.950
After sweep 4 energy=-655.0398622111434  maxlinkdim=512 maxerr=1.56E-09 time=201.897
After sweep 5 energy=-655.0398643215963  maxlinkdim=452 maxerr=9.99E-13 time=110.650
After sweep 6 energy=-655.0398643217408  maxlinkdim=453 maxerr=9.96E-13 time=87.703
After sweep 7 energy=-655.039864321719  maxlinkdim=454 maxerr=9.99E-13 time=88.338
After sweep 8 energy=-655.0398643217176  maxlinkdim=454 maxerr=9.99E-13 time=88.041
Energy difference less than 5.0e-5, stopping DMRG
26/31
After sweep 1 energy=-762.152193160148  maxlinkdim=256 maxerr=2.08E-07 time=87.740
After sweep 2 energy=-762.152189790927  maxlinkdim=256 maxerr=2.08E-07 time=76.986
After sweep 3 energy=-762.1521898852152  maxlinkdim=256 maxerr=2.08E-07 time=75.723
After sweep 4 energy=-762.1523594749342  maxlinkdim=512 maxerr=2.64E-09 time=205.351
After sweep 5 energy=-762.152362318735  maxlinkdim=471 maxerr=1.00E-12 time=115.199
After sweep 6 energy=-762.152362318878  maxlinkdim=472 maxerr=9.99E-13 time=96.892
After sweep 7 energy=-762.1523623187443  maxlinkdim=472 maxerr=9.97E-13 time=94.662
After sweep 8 energy=-762.1523623187821  maxlinkdim=472 maxerr=9.98E-13 time=97.727
Energy difference less than 5.0e-5, stopping DMRG
27/31
After sweep 1 energy=-903.2645629482945  maxlinkdim=256 maxerr=3.21E-07 time=89.415
After sweep 2 energy=-903.2645617569938  maxlinkdim=256 maxerr=3.22E-07 time=80.131
After sweep 3 energy=-903.2645617561822  maxlinkdim=256 maxerr=3.22E-07 time=78.501
After sweep 4 energy=-903.2647849872997  maxlinkdim=512 maxerr=4.35E-09 time=205.780
After sweep 5 energy=-903.2647888757908  maxlinkdim=487 maxerr=1.00E-12 time=122.417
After sweep 6 energy=-903.26478887609  maxlinkdim=489 maxerr=9.96E-13 time=101.029
After sweep 7 energy=-903.2647888760802  maxlinkdim=489 maxerr=9.97E-13 time=103.714
After sweep 8 energy=-903.2647888760799  maxlinkdim=489 maxerr=9.95E-13 time=104.562
Energy difference less than 5.0e-5, stopping DMRG
28/31
After sweep 1 energy=-1098.5869576754412  maxlinkdim=256 maxerr=5.27E-07 time=91.554
After sweep 2 energy=-1098.58695663586  maxlinkdim=256 maxerr=4.98E-07 time=78.929
After sweep 3 energy=-1098.586956635785  maxlinkdim=256 maxerr=4.98E-07 time=80.048
After sweep 4 energy=-1098.58725377487  maxlinkdim=512 maxerr=7.20E-09 time=206.488
After sweep 5 energy=-1098.5872590599292  maxlinkdim=499 maxerr=9.99E-13 time=124.112
After sweep 6 energy=-1098.5872590603753  maxlinkdim=505 maxerr=9.98E-13 time=107.933
After sweep 7 energy=-1098.5872590603863  maxlinkdim=505 maxerr=9.97E-13 time=108.892
After sweep 8 energy=-1098.5872590603249  maxlinkdim=505 maxerr=9.99E-13 time=106.855
Energy difference less than 5.0e-5, stopping DMRG
29/31
After sweep 1 energy=-1388.561021609581  maxlinkdim=256 maxerr=7.92E-07 time=87.416
After sweep 2 energy=-1388.5610206958854  maxlinkdim=256 maxerr=7.62E-07 time=75.730
After sweep 3 energy=-1388.5610206958017  maxlinkdim=256 maxerr=7.62E-07 time=75.006
After sweep 4 energy=-1388.561428789962  maxlinkdim=512 maxerr=1.18E-08 time=205.515
After sweep 5 energy=-1388.561436193927  maxlinkdim=510 maxerr=1.00E-12 time=129.757
After sweep 6 energy=-1388.5614361943126  maxlinkdim=512 maxerr=1.17E-12 time=111.276
After sweep 7 energy=-1388.561436194685  maxlinkdim=519 maxerr=9.98E-13 time=112.515
After sweep 8 energy=-1388.5614361947494  maxlinkdim=520 maxerr=9.96E-13 time=113.727
Energy difference less than 5.0e-5, stopping DMRG
30/31
After sweep 1 energy=-1867.5879948984143  maxlinkdim=256 maxerr=7.63E-07 time=92.397
After sweep 2 energy=-1867.5879939940028  maxlinkdim=256 maxerr=7.41E-07 time=79.252
After sweep 3 energy=-1867.5879939939357  maxlinkdim=256 maxerr=7.41E-07 time=78.751
After sweep 4 energy=-1867.5885804987656  maxlinkdim=512 maxerr=1.19E-08 time=209.486
After sweep 5 energy=-1867.588591224111  maxlinkdim=512 maxerr=1.31E-12 time=132.267
After sweep 6 energy=-1867.5885912246713  maxlinkdim=512 maxerr=1.52E-12 time=114.969
After sweep 7 energy=-1867.5885912259164  maxlinkdim=530 maxerr=9.97E-13 time=118.174
After sweep 8 energy=-1867.5885912260346  maxlinkdim=531 maxerr=9.99E-13 time=117.639
Energy difference less than 5.0e-5, stopping DMRG
31/31
After sweep 1 energy=-2818.9401057525406  maxlinkdim=256 maxerr=7.02E-07 time=89.347
After sweep 2 energy=-2818.9401054866867  maxlinkdim=256 maxerr=6.97E-07 time=75.828
After sweep 3 energy=-2818.9401054866585  maxlinkdim=256 maxerr=6.97E-07 time=76.073
After sweep 4 energy=-2818.9410426225563  maxlinkdim=512 maxerr=1.11E-08 time=206.569
After sweep 5 energy=-2818.9410595537565  maxlinkdim=512 maxerr=1.60E-12 time=135.292
After sweep 6 energy=-2818.941059554176  maxlinkdim=512 maxerr=1.86E-12 time=118.461
After sweep 7 energy=-2818.941059557593  maxlinkdim=537 maxerr=9.97E-13 time=120.562
After sweep 8 energy=-2818.9410595578165  maxlinkdim=539 maxerr=9.96E-13 time=118.963
Energy difference less than 5.0e-5, stopping DMRG
