==== Slurm info ====
Job name:   sa_4_3to7
Job ID:     26385141
Node list:  node156
Num nodes:  1
Submit dir: /home/s39jleng_hpc/Nx4/string
===============
Using a 4 by 3 lattice:
1/31
After sweep 1 energy=57.48421168756076  maxlinkdim=20 maxerr=7.04E-06 time=15.086
After sweep 2 energy=57.42095848969738  maxlinkdim=20 maxerr=1.73E-04 time=0.257
After sweep 3 energy=57.41817271367143  maxlinkdim=20 maxerr=1.20E-04 time=0.217
After sweep 4 energy=57.301200175362005  maxlinkdim=40 maxerr=5.56E-07 time=0.319
After sweep 5 energy=57.290596724632856  maxlinkdim=40 maxerr=7.39E-06 time=0.593
After sweep 6 energy=57.289868039364215  maxlinkdim=40 maxerr=7.34E-06 time=0.305
After sweep 7 energy=57.287364313004204  maxlinkdim=91 maxerr=9.80E-10 time=0.481
After sweep 8 energy=57.28733785774421  maxlinkdim=98 maxerr=9.89E-10 time=0.754
After sweep 9 energy=57.287336710521465  maxlinkdim=101 maxerr=9.64E-10 time=0.888
After sweep 10 energy=57.28733667914676  maxlinkdim=101 maxerr=9.63E-10 time=0.600
After sweep 11 energy=57.28733667950765  maxlinkdim=101 maxerr=9.64E-10 time=0.626
After sweep 12 energy=57.287336681486565  maxlinkdim=101 maxerr=9.63E-10 time=0.585
After sweep 13 energy=57.28733670716397  maxlinkdim=101 maxerr=9.79E-10 time=0.424
After sweep 14 energy=57.287336665893505  maxlinkdim=101 maxerr=9.39E-10 time=0.592
After sweep 15 energy=57.28733666487538  maxlinkdim=101 maxerr=9.60E-10 time=0.610
After sweep 16 energy=57.28733703460239  maxlinkdim=47 maxerr=8.10E-10 time=0.531
After sweep 17 energy=57.287337166028095  maxlinkdim=46 maxerr=8.24E-10 time=0.249
After sweep 18 energy=57.2873371738578  maxlinkdim=46 maxerr=2.33E-10 time=0.243
After sweep 19 energy=57.28733717511363  maxlinkdim=46 maxerr=1.73E-10 time=0.392
After sweep 20 energy=57.28733717450409  maxlinkdim=46 maxerr=5.00E-10 time=0.268
After sweep 21 energy=57.287337179879145  maxlinkdim=46 maxerr=7.12E-10 time=0.243
After sweep 22 energy=57.28733717583351  maxlinkdim=46 maxerr=4.12E-10 time=0.246
After sweep 23 energy=57.28733717581158  maxlinkdim=46 maxerr=3.85E-10 time=0.243
After sweep 24 energy=57.28733717735486  maxlinkdim=46 maxerr=5.71E-10 time=0.247
After sweep 25 energy=57.28733717751606  maxlinkdim=46 maxerr=2.61E-10 time=0.419
After sweep 26 energy=57.28733717703254  maxlinkdim=46 maxerr=2.87E-10 time=0.254
After sweep 27 energy=57.28733717637607  maxlinkdim=46 maxerr=4.55E-10 time=0.270
After sweep 28 energy=57.28733717689429  maxlinkdim=46 maxerr=4.89E-10 time=0.270
After sweep 29 energy=57.287337177999184  maxlinkdim=46 maxerr=2.36E-10 time=0.266
After sweep 30 energy=57.28733717723971  maxlinkdim=46 maxerr=2.75E-10 time=0.452
After sweep 31 energy=57.287337176705954  maxlinkdim=46 maxerr=4.43E-10 time=0.224
After sweep 32 energy=57.287337177062  maxlinkdim=46 maxerr=5.31E-10 time=0.233
After sweep 33 energy=57.28733717650518  maxlinkdim=46 maxerr=3.95E-10 time=0.243
After sweep 34 energy=57.287337176915116  maxlinkdim=46 maxerr=3.40E-10 time=0.243
After sweep 35 energy=57.287337177540934  maxlinkdim=46 maxerr=3.75E-10 time=0.243
After sweep 36 energy=57.28733717952603  maxlinkdim=46 maxerr=2.09E-10 time=0.381
After sweep 37 energy=57.28733717999795  maxlinkdim=46 maxerr=2.22E-10 time=0.252
After sweep 38 energy=57.28733717991025  maxlinkdim=46 maxerr=2.83E-10 time=0.239
After sweep 39 energy=57.28733718021067  maxlinkdim=46 maxerr=3.13E-10 time=0.242
After sweep 40 energy=57.28733717989644  maxlinkdim=46 maxerr=4.46E-10 time=0.238
After sweep 41 energy=57.287337179545396  maxlinkdim=46 maxerr=3.73E-10 time=0.242
Energy difference less than 5.0e-5, stopping DMRG
2/31
After sweep 1 energy=53.8046396393811  maxlinkdim=46 maxerr=6.75E-06 time=0.393
After sweep 2 energy=53.80460955754394  maxlinkdim=46 maxerr=6.76E-06 time=0.555
After sweep 3 energy=53.80460610942836  maxlinkdim=46 maxerr=6.73E-06 time=0.330
After sweep 4 energy=53.804363565133315  maxlinkdim=92 maxerr=3.98E-09 time=0.446
After sweep 5 energy=53.80436131778389  maxlinkdim=46 maxerr=8.33E-10 time=0.415
After sweep 6 energy=53.80436131499022  maxlinkdim=46 maxerr=2.78E-10 time=0.239
After sweep 7 energy=53.804361319058586  maxlinkdim=46 maxerr=2.76E-10 time=0.259
After sweep 8 energy=53.804361315408876  maxlinkdim=46 maxerr=1.58E-10 time=0.241
Energy difference less than 5.0e-5, stopping DMRG
3/31
After sweep 1 energy=50.19510624803203  maxlinkdim=46 maxerr=8.23E-06 time=0.301
After sweep 2 energy=50.1950582712862  maxlinkdim=46 maxerr=8.20E-06 time=0.352
After sweep 3 energy=50.195058379837036  maxlinkdim=46 maxerr=8.23E-06 time=0.341
After sweep 4 energy=50.194717182225226  maxlinkdim=92 maxerr=5.54E-09 time=0.944
After sweep 5 energy=50.194712587757635  maxlinkdim=47 maxerr=8.23E-10 time=0.299
After sweep 6 energy=50.194712567551335  maxlinkdim=47 maxerr=3.63E-10 time=0.243
After sweep 7 energy=50.19471256331278  maxlinkdim=47 maxerr=2.80E-10 time=0.406
After sweep 8 energy=50.194712562359655  maxlinkdim=47 maxerr=2.29E-10 time=0.250
Energy difference less than 5.0e-5, stopping DMRG
4/31
After sweep 1 energy=46.44453853142237  maxlinkdim=47 maxerr=8.65E-06 time=0.505
After sweep 2 energy=46.44433252864266  maxlinkdim=47 maxerr=8.65E-06 time=0.328
After sweep 3 energy=46.44432977741713  maxlinkdim=47 maxerr=8.81E-06 time=0.359
After sweep 4 energy=46.44384768939158  maxlinkdim=94 maxerr=4.82E-09 time=0.617
After sweep 5 energy=46.443845351568505  maxlinkdim=47 maxerr=8.70E-10 time=0.300
After sweep 6 energy=46.44384545636786  maxlinkdim=47 maxerr=8.79E-10 time=0.261
After sweep 7 energy=46.443845454332255  maxlinkdim=47 maxerr=3.47E-10 time=0.259
After sweep 8 energy=46.44384545447792  maxlinkdim=47 maxerr=3.15E-10 time=0.383
Energy difference less than 5.0e-5, stopping DMRG
5/31
After sweep 1 energy=42.53626974043981  maxlinkdim=47 maxerr=1.10E-05 time=0.515
After sweep 2 energy=42.53608635128844  maxlinkdim=47 maxerr=1.12E-05 time=0.353
After sweep 3 energy=42.53607848171456  maxlinkdim=47 maxerr=1.12E-05 time=0.363
After sweep 4 energy=42.53540597022723  maxlinkdim=94 maxerr=8.15E-09 time=0.622
After sweep 5 energy=42.53540497270998  maxlinkdim=50 maxerr=8.41E-10 time=0.311
After sweep 6 energy=42.53540524519733  maxlinkdim=48 maxerr=7.83E-10 time=0.238
After sweep 7 energy=42.53540536859238  maxlinkdim=47 maxerr=7.97E-10 time=0.321
After sweep 8 energy=42.53540537542866  maxlinkdim=47 maxerr=4.12E-10 time=0.339
Energy difference less than 5.0e-5, stopping DMRG
6/31
After sweep 1 energy=38.45196045045962  maxlinkdim=47 maxerr=1.44E-05 time=0.525
After sweep 2 energy=38.45191730287475  maxlinkdim=47 maxerr=1.44E-05 time=0.353
After sweep 3 energy=38.45191575091452  maxlinkdim=47 maxerr=1.44E-05 time=0.361
After sweep 4 energy=38.45096835577664  maxlinkdim=94 maxerr=1.17E-08 time=0.627
After sweep 5 energy=38.450966590470586  maxlinkdim=52 maxerr=9.79E-10 time=0.468
After sweep 6 energy=38.450966803814794  maxlinkdim=50 maxerr=8.95E-10 time=0.223
After sweep 7 energy=38.45096680256753  maxlinkdim=50 maxerr=4.68E-10 time=0.247
After sweep 8 energy=38.450966811444836  maxlinkdim=50 maxerr=5.02E-10 time=0.247
Energy difference less than 5.0e-5, stopping DMRG
7/31
After sweep 1 energy=34.171046225284414  maxlinkdim=50 maxerr=1.27E-05 time=0.357
After sweep 2 energy=34.170793438637084  maxlinkdim=50 maxerr=1.32E-05 time=0.562
After sweep 3 energy=34.17079207358532  maxlinkdim=50 maxerr=1.34E-05 time=0.395
After sweep 4 energy=34.16967154611415  maxlinkdim=100 maxerr=7.10E-09 time=0.682
After sweep 5 energy=34.169655094755626  maxlinkdim=55 maxerr=8.86E-10 time=0.356
After sweep 6 energy=34.1696552776768  maxlinkdim=54 maxerr=8.11E-10 time=0.272
After sweep 7 energy=34.16965528048336  maxlinkdim=54 maxerr=6.10E-10 time=0.270
After sweep 8 energy=34.16965528048576  maxlinkdim=54 maxerr=6.00E-10 time=0.469
Energy difference less than 5.0e-5, stopping DMRG
8/31
After sweep 1 energy=29.6692032105911  maxlinkdim=54 maxerr=1.21E-05 time=0.380
After sweep 2 energy=29.668933605751853  maxlinkdim=54 maxerr=1.18E-05 time=0.575
After sweep 3 energy=29.668925831032052  maxlinkdim=54 maxerr=1.18E-05 time=0.401
After sweep 4 energy=29.66794119895147  maxlinkdim=108 maxerr=2.11E-09 time=0.720
After sweep 5 energy=29.6679221612407  maxlinkdim=56 maxerr=9.85E-10 time=0.332
After sweep 6 energy=29.667921985694452  maxlinkdim=57 maxerr=5.15E-10 time=0.285
After sweep 7 energy=29.667921988114685  maxlinkdim=57 maxerr=2.13E-10 time=0.447
After sweep 8 energy=29.66792199336738  maxlinkdim=57 maxerr=1.41E-10 time=0.308
Energy difference less than 5.0e-5, stopping DMRG
9/31
After sweep 1 energy=24.919459740097416  maxlinkdim=57 maxerr=1.13E-05 time=0.397
After sweep 2 energy=24.919387872442375  maxlinkdim=57 maxerr=1.08E-05 time=0.572
After sweep 3 energy=24.91938223115114  maxlinkdim=57 maxerr=1.09E-05 time=0.404
After sweep 4 energy=24.91879123525358  maxlinkdim=114 maxerr=9.83E-10 time=0.719
After sweep 5 energy=24.918788127903756  maxlinkdim=57 maxerr=6.94E-10 time=0.529
After sweep 6 energy=24.91878813720016  maxlinkdim=57 maxerr=3.02E-10 time=0.282
After sweep 7 energy=24.918788138132097  maxlinkdim=57 maxerr=3.01E-10 time=0.280
After sweep 8 energy=24.918788137625516  maxlinkdim=57 maxerr=2.38E-10 time=0.286
Energy difference less than 5.0e-5, stopping DMRG
10/31
After sweep 1 energy=19.892149474694776  maxlinkdim=57 maxerr=1.45E-05 time=0.687
After sweep 2 energy=19.89211443435627  maxlinkdim=57 maxerr=1.37E-05 time=0.478
After sweep 3 energy=19.89210788400765  maxlinkdim=57 maxerr=1.38E-05 time=0.664
After sweep 4 energy=19.891348068614434  maxlinkdim=114 maxerr=1.33E-09 time=0.652
After sweep 5 energy=19.891342518391333  maxlinkdim=58 maxerr=7.57E-10 time=0.598
After sweep 6 energy=19.891342621395893  maxlinkdim=57 maxerr=9.82E-10 time=0.306
After sweep 7 energy=19.891342639089544  maxlinkdim=57 maxerr=6.49E-10 time=0.277
After sweep 8 energy=19.891342662718444  maxlinkdim=57 maxerr=5.92E-10 time=0.384
Energy difference less than 5.0e-5, stopping DMRG
11/31
After sweep 1 energy=14.551057990602093  maxlinkdim=57 maxerr=1.84E-05 time=0.623
After sweep 2 energy=14.550967151282709  maxlinkdim=57 maxerr=1.73E-05 time=0.456
After sweep 3 energy=14.550966250795256  maxlinkdim=57 maxerr=1.74E-05 time=0.388
After sweep 4 energy=14.549885025641158  maxlinkdim=114 maxerr=2.26E-09 time=0.805
After sweep 5 energy=14.54987540893565  maxlinkdim=59 maxerr=6.50E-10 time=0.396
After sweep 6 energy=14.549875401685702  maxlinkdim=59 maxerr=4.33E-10 time=0.497
After sweep 7 energy=14.54987540354027  maxlinkdim=59 maxerr=5.02E-10 time=0.309
After sweep 8 energy=14.549875403940405  maxlinkdim=59 maxerr=2.64E-10 time=0.352
Energy difference less than 5.0e-5, stopping DMRG
12/31
After sweep 1 energy=8.854224461213908  maxlinkdim=59 maxerr=1.81E-05 time=0.495
After sweep 2 energy=8.85415900563271  maxlinkdim=59 maxerr=1.63E-05 time=0.708
After sweep 3 energy=8.854157390085277  maxlinkdim=59 maxerr=1.64E-05 time=0.475
After sweep 4 energy=8.852826681212349  maxlinkdim=118 maxerr=1.53E-09 time=0.866
After sweep 5 energy=8.852798706431658  maxlinkdim=60 maxerr=8.09E-10 time=0.480
After sweep 6 energy=8.85279866033506  maxlinkdim=60 maxerr=4.37E-10 time=0.487
After sweep 7 energy=8.852798656684534  maxlinkdim=60 maxerr=3.99E-10 time=0.367
After sweep 8 energy=8.852798653676842  maxlinkdim=60 maxerr=2.60E-10 time=0.340
Energy difference less than 5.0e-5, stopping DMRG
13/31
After sweep 1 energy=2.7523539567330877  maxlinkdim=60 maxerr=2.02E-05 time=0.432
After sweep 2 energy=2.7523194782372995  maxlinkdim=60 maxerr=1.77E-05 time=0.615
After sweep 3 energy=2.752317446603361  maxlinkdim=60 maxerr=1.78E-05 time=0.429
After sweep 4 energy=2.7512501237562095  maxlinkdim=120 maxerr=1.58E-09 time=0.825
After sweep 5 energy=2.7512388126759624  maxlinkdim=62 maxerr=7.60E-10 time=0.532
After sweep 6 energy=2.7512387990662392  maxlinkdim=62 maxerr=5.61E-10 time=0.305
After sweep 7 energy=2.751238797777931  maxlinkdim=62 maxerr=7.28E-10 time=0.299
After sweep 8 energy=2.7512388027305406  maxlinkdim=62 maxerr=5.86E-10 time=0.305
Energy difference less than 5.0e-5, stopping DMRG
14/31
After sweep 1 energy=-3.811800261429869  maxlinkdim=62 maxerr=1.92E-05 time=0.646
After sweep 2 energy=-3.811932111157991  maxlinkdim=62 maxerr=1.97E-05 time=0.424
After sweep 3 energy=-3.811934640469316  maxlinkdim=62 maxerr=1.97E-05 time=0.669
After sweep 4 energy=-3.812814722871179  maxlinkdim=124 maxerr=9.66E-10 time=0.807
After sweep 5 energy=-3.8128150358465085  maxlinkdim=63 maxerr=1.52E-10 time=0.398
After sweep 6 energy=-3.8128150413266093  maxlinkdim=63 maxerr=1.20E-10 time=0.469
After sweep 7 energy=-3.8128150437751054  maxlinkdim=63 maxerr=1.65E-10 time=0.297
After sweep 8 energy=-3.812815043876551  maxlinkdim=63 maxerr=1.67E-10 time=0.325
Energy difference less than 5.0e-5, stopping DMRG
15/31
After sweep 1 energy=-10.907557055447924  maxlinkdim=63 maxerr=2.15E-05 time=0.433
After sweep 2 energy=-10.907714836171985  maxlinkdim=63 maxerr=2.20E-05 time=0.618
After sweep 3 energy=-10.907718104931586  maxlinkdim=63 maxerr=2.21E-05 time=0.603
After sweep 4 energy=-10.908973801058135  maxlinkdim=125 maxerr=9.35E-10 time=0.806
After sweep 5 energy=-10.908974093421948  maxlinkdim=63 maxerr=3.21E-10 time=0.348
After sweep 6 energy=-10.908974098278856  maxlinkdim=63 maxerr=3.23E-10 time=0.313
After sweep 7 energy=-10.908974098748734  maxlinkdim=63 maxerr=3.37E-10 time=0.486
After sweep 8 energy=-10.908974098828784  maxlinkdim=63 maxerr=3.37E-10 time=0.267
Energy difference less than 5.0e-5, stopping DMRG
16/31
After sweep 1 energy=-18.619924776482513  maxlinkdim=63 maxerr=2.81E-05 time=0.600
After sweep 2 energy=-18.619935275402042  maxlinkdim=63 maxerr=2.81E-05 time=0.423
After sweep 3 energy=-18.61993975131576  maxlinkdim=63 maxerr=2.82E-05 time=0.603
After sweep 4 energy=-18.621765084036802  maxlinkdim=126 maxerr=9.58E-10 time=0.831
After sweep 5 energy=-18.621765425270468  maxlinkdim=63 maxerr=6.72E-10 time=0.362
After sweep 6 energy=-18.621765430184496  maxlinkdim=63 maxerr=6.54E-10 time=0.497
After sweep 7 energy=-18.62176543049871  maxlinkdim=63 maxerr=6.63E-10 time=0.316
After sweep 8 energy=-18.62176543061492  maxlinkdim=63 maxerr=6.62E-10 time=0.302
Energy difference less than 5.0e-5, stopping DMRG
17/31
After sweep 1 energy=-27.052453685284995  maxlinkdim=63 maxerr=3.55E-05 time=0.658
After sweep 2 energy=-27.052503627025605  maxlinkdim=63 maxerr=3.59E-05 time=0.451
After sweep 3 energy=-27.052505356042513  maxlinkdim=63 maxerr=3.59E-05 time=0.473
After sweep 4 energy=-27.05516350865736  maxlinkdim=126 maxerr=9.48E-10 time=1.006
After sweep 5 energy=-27.055164444053222  maxlinkdim=64 maxerr=2.70E-13 time=0.398
After sweep 6 energy=-27.0551644476319  maxlinkdim=64 maxerr=3.79E-16 time=0.304
After sweep 7 energy=-27.0551644479076  maxlinkdim=64 maxerr=3.48E-16 time=0.302
After sweep 8 energy=-27.055164447774587  maxlinkdim=64 maxerr=6.64E-16 time=0.480
Energy difference less than 5.0e-5, stopping DMRG
18/31
After sweep 1 energy=-36.336046063843646  maxlinkdim=64 maxerr=4.13E-05 time=0.602
After sweep 2 energy=-36.33605050192017  maxlinkdim=64 maxerr=4.14E-05 time=0.611
After sweep 3 energy=-36.336037145211215  maxlinkdim=64 maxerr=4.12E-05 time=0.468
After sweep 4 energy=-36.33890483375326  maxlinkdim=127 maxerr=9.34E-10 time=0.824
After sweep 5 energy=-36.338904991985316  maxlinkdim=64 maxerr=6.41E-14 time=0.573
After sweep 6 energy=-36.33890499308202  maxlinkdim=64 maxerr=3.08E-16 time=0.312
After sweep 7 energy=-36.33890499306292  maxlinkdim=64 maxerr=4.57E-16 time=0.281
After sweep 8 energy=-36.33890499320978  maxlinkdim=64 maxerr=2.20E-16 time=0.305
Energy difference less than 5.0e-5, stopping DMRG
19/31
After sweep 1 energy=-46.63339243352715  maxlinkdim=64 maxerr=5.14E-05 time=0.612
After sweep 2 energy=-46.63340268388325  maxlinkdim=64 maxerr=5.15E-05 time=0.454
After sweep 3 energy=-46.63338043375335  maxlinkdim=64 maxerr=5.13E-05 time=0.616
After sweep 4 energy=-46.63745723390322  maxlinkdim=127 maxerr=9.79E-10 time=0.877
After sweep 5 energy=-46.637457524358496  maxlinkdim=64 maxerr=1.21E-13 time=0.369
After sweep 6 energy=-46.63745752505611  maxlinkdim=64 maxerr=1.75E-16 time=0.315
After sweep 7 energy=-46.637457525137506  maxlinkdim=64 maxerr=3.37E-16 time=0.509
After sweep 8 energy=-46.63745752514516  maxlinkdim=64 maxerr=2.58E-16 time=0.298
Energy difference less than 5.0e-5, stopping DMRG
20/31
After sweep 1 energy=-58.15738090906136  maxlinkdim=64 maxerr=6.34E-05 time=0.621
After sweep 2 energy=-58.157362754152295  maxlinkdim=64 maxerr=6.32E-05 time=0.474
After sweep 3 energy=-58.15738302773937  maxlinkdim=64 maxerr=6.35E-05 time=0.633
After sweep 4 energy=-58.163122491110556  maxlinkdim=127 maxerr=9.37E-10 time=0.896
After sweep 5 energy=-58.16312274232227  maxlinkdim=64 maxerr=1.28E-13 time=0.576
After sweep 6 energy=-58.163122745152094  maxlinkdim=64 maxerr=2.87E-16 time=0.313
After sweep 7 energy=-58.163122745420424  maxlinkdim=64 maxerr=1.82E-16 time=0.298
After sweep 8 energy=-58.163122745545024  maxlinkdim=64 maxerr=2.46E-16 time=0.296
Energy difference less than 5.0e-5, stopping DMRG
21/31
After sweep 1 energy=-71.18764130306543  maxlinkdim=64 maxerr=7.75E-05 time=0.635
After sweep 2 energy=-71.18763135587278  maxlinkdim=64 maxerr=7.76E-05 time=0.489
After sweep 3 energy=-71.18762141813691  maxlinkdim=64 maxerr=7.75E-05 time=0.645
After sweep 4 energy=-71.19568016441626  maxlinkdim=128 maxerr=1.15E-09 time=0.915
After sweep 5 energy=-71.19568057432778  maxlinkdim=64 maxerr=3.61E-14 time=0.383
After sweep 6 energy=-71.19568057505954  maxlinkdim=64 maxerr=2.07E-16 time=0.501
After sweep 7 energy=-71.19568057510287  maxlinkdim=64 maxerr=2.36E-16 time=0.302
After sweep 8 energy=-71.1956805749669  maxlinkdim=64 maxerr=1.68E-16 time=0.296
Energy difference less than 5.0e-5, stopping DMRG
22/31
After sweep 1 energy=-86.10166863494887  maxlinkdim=64 maxerr=9.40E-05 time=0.471
After sweep 2 energy=-86.1016601618022  maxlinkdim=64 maxerr=9.40E-05 time=0.861
After sweep 3 energy=-86.10165685191143  maxlinkdim=64 maxerr=9.39E-05 time=0.428
After sweep 4 energy=-86.11283538123867  maxlinkdim=128 maxerr=1.50E-09 time=1.080
After sweep 5 energy=-86.11283564065427  maxlinkdim=64 maxerr=2.23E-14 time=0.358
After sweep 6 energy=-86.11283564093038  maxlinkdim=64 maxerr=1.94E-16 time=0.291
After sweep 7 energy=-86.11283564087512  maxlinkdim=64 maxerr=1.11E-16 time=0.467
After sweep 8 energy=-86.11283564084886  maxlinkdim=64 maxerr=1.44E-16 time=0.314
Energy difference less than 5.0e-5, stopping DMRG
23/31
After sweep 1 energy=-103.42685451860498  maxlinkdim=64 maxerr=1.11E-04 time=0.474
After sweep 2 energy=-103.42683453365122  maxlinkdim=64 maxerr=1.11E-04 time=0.653
After sweep 3 energy=-103.42683604147517  maxlinkdim=64 maxerr=1.11E-04 time=0.451
After sweep 4 energy=-103.43912626290138  maxlinkdim=128 maxerr=1.91E-09 time=0.898
After sweep 5 energy=-103.43912680135499  maxlinkdim=64 maxerr=8.10E-14 time=0.512
After sweep 6 energy=-103.43912680144103  maxlinkdim=64 maxerr=1.01E-16 time=0.306
After sweep 7 energy=-103.43912680150542  maxlinkdim=64 maxerr=1.97E-16 time=0.307
After sweep 8 energy=-103.43912680142262  maxlinkdim=64 maxerr=1.91E-16 time=0.470
Energy difference less than 5.0e-5, stopping DMRG
24/31
After sweep 1 energy=-123.91141536185613  maxlinkdim=64 maxerr=1.27E-04 time=0.555
After sweep 2 energy=-123.91140357166293  maxlinkdim=64 maxerr=1.28E-04 time=0.640
After sweep 3 energy=-123.91139869972544  maxlinkdim=64 maxerr=1.27E-04 time=0.540
After sweep 4 energy=-123.92780218506773  maxlinkdim=128 maxerr=2.37E-09 time=1.093
After sweep 5 energy=-123.92780227152038  maxlinkdim=64 maxerr=2.38E-14 time=0.409
After sweep 6 energy=-123.92780227165932  maxlinkdim=64 maxerr=2.45E-16 time=0.301
After sweep 7 energy=-123.9278022716443  maxlinkdim=64 maxerr=1.97E-16 time=0.298
After sweep 8 energy=-123.92780227155545  maxlinkdim=64 maxerr=2.44E-16 time=0.468
Energy difference less than 5.0e-5, stopping DMRG
25/31
After sweep 1 energy=-148.68286580546138  maxlinkdim=64 maxerr=1.46E-04 time=0.715
After sweep 2 energy=-148.68284710598928  maxlinkdim=64 maxerr=1.46E-04 time=0.630
After sweep 3 energy=-148.6828427932805  maxlinkdim=64 maxerr=1.46E-04 time=0.652
After sweep 4 energy=-148.70464347222193  maxlinkdim=128 maxerr=2.84E-09 time=1.018
After sweep 5 energy=-148.7046435795248  maxlinkdim=64 maxerr=2.36E-14 time=0.515
After sweep 6 energy=-148.70464357959256  maxlinkdim=64 maxerr=1.46E-16 time=0.362
After sweep 7 energy=-148.70464357955265  maxlinkdim=64 maxerr=1.34E-16 time=0.364
After sweep 8 energy=-148.7046435795782  maxlinkdim=64 maxerr=1.90E-16 time=0.532
Energy difference less than 5.0e-5, stopping DMRG
26/31
After sweep 1 energy=-179.5084937491567  maxlinkdim=64 maxerr=1.63E-04 time=0.710
After sweep 2 energy=-179.50847969294813  maxlinkdim=64 maxerr=1.63E-04 time=0.566
After sweep 3 energy=-179.50847793526603  maxlinkdim=64 maxerr=1.63E-04 time=0.763
After sweep 4 energy=-179.53576156507256  maxlinkdim=128 maxerr=3.36E-09 time=0.925
After sweep 5 energy=-179.53576167325852  maxlinkdim=64 maxerr=7.71E-15 time=0.430
After sweep 6 energy=-179.5357616732022  maxlinkdim=64 maxerr=1.10E-16 time=0.523
After sweep 7 energy=-179.53576167326423  maxlinkdim=64 maxerr=1.95E-16 time=0.301
After sweep 8 energy=-179.53576167320173  maxlinkdim=64 maxerr=1.04E-16 time=0.277
Energy difference less than 5.0e-5, stopping DMRG
27/31
After sweep 1 energy=-219.328261119512  maxlinkdim=64 maxerr=1.79E-04 time=0.731
After sweep 2 energy=-219.3282489420042  maxlinkdim=64 maxerr=1.79E-04 time=0.561
After sweep 3 energy=-219.32824777406154  maxlinkdim=64 maxerr=1.79E-04 time=0.717
After sweep 4 energy=-219.36393206700964  maxlinkdim=128 maxerr=3.87E-09 time=0.981
After sweep 5 energy=-219.3639321188442  maxlinkdim=64 maxerr=6.64E-15 time=0.611
After sweep 6 energy=-219.36393211885007  maxlinkdim=64 maxerr=2.18E-16 time=0.373
After sweep 7 energy=-219.3639321188113  maxlinkdim=64 maxerr=1.33E-16 time=0.322
After sweep 8 energy=-219.36393211851828  maxlinkdim=64 maxerr=2.03E-16 time=0.493
Energy difference less than 5.0e-5, stopping DMRG
28/31
After sweep 1 energy=-273.4419392825781  maxlinkdim=64 maxerr=1.95E-04 time=0.530
After sweep 2 energy=-273.4419284370764  maxlinkdim=64 maxerr=1.94E-04 time=0.622
After sweep 3 energy=-273.4419304858243  maxlinkdim=64 maxerr=1.95E-04 time=0.448
After sweep 4 energy=-273.48914933774995  maxlinkdim=128 maxerr=4.32E-09 time=0.841
After sweep 5 energy=-273.48914935876235  maxlinkdim=64 maxerr=7.02E-15 time=0.543
After sweep 6 energy=-273.4891493587925  maxlinkdim=64 maxerr=1.31E-16 time=0.360
After sweep 7 energy=-273.4891493587575  maxlinkdim=64 maxerr=1.16E-16 time=0.353
After sweep 8 energy=-273.4891493587497  maxlinkdim=64 maxerr=1.58E-16 time=0.348
Energy difference less than 5.0e-5, stopping DMRG
29/31
After sweep 1 energy=-352.46372429950986  maxlinkdim=64 maxerr=2.10E-04 time=0.443
After sweep 2 energy=-352.4637110328722  maxlinkdim=64 maxerr=2.10E-04 time=0.642
After sweep 3 energy=-352.4637112635944  maxlinkdim=64 maxerr=2.10E-04 time=0.474
After sweep 4 energy=-352.52027872246924  maxlinkdim=128 maxerr=4.70E-09 time=1.050
After sweep 5 energy=-352.5202787449115  maxlinkdim=64 maxerr=5.97E-15 time=0.412
After sweep 6 energy=-352.5202787449165  maxlinkdim=64 maxerr=1.16E-16 time=0.298
After sweep 7 energy=-352.5202787448682  maxlinkdim=64 maxerr=1.17E-16 time=0.472
After sweep 8 energy=-352.5202787448652  maxlinkdim=64 maxerr=8.24E-17 time=0.301
Energy difference less than 5.0e-5, stopping DMRG
30/31
After sweep 1 energy=-481.1495552482148  maxlinkdim=64 maxerr=2.22E-04 time=0.681
After sweep 2 energy=-481.1495479420747  maxlinkdim=64 maxerr=2.22E-04 time=0.549
After sweep 3 energy=-481.14954762252603  maxlinkdim=64 maxerr=2.22E-04 time=0.701
After sweep 4 energy=-481.22966648276895  maxlinkdim=128 maxerr=5.02E-09 time=0.861
After sweep 5 energy=-481.2296665192882  maxlinkdim=64 maxerr=5.66E-16 time=0.624
After sweep 6 energy=-481.2296665193352  maxlinkdim=64 maxerr=1.28E-16 time=0.358
After sweep 7 energy=-481.2296665192116  maxlinkdim=64 maxerr=1.48E-16 time=0.366
After sweep 8 energy=-481.2296665192698  maxlinkdim=64 maxerr=7.73E-17 time=0.385
Energy difference less than 5.0e-5, stopping DMRG
31/31
After sweep 1 energy=-733.8438667480461  maxlinkdim=64 maxerr=2.29E-04 time=0.515
After sweep 2 energy=-733.8438606167397  maxlinkdim=64 maxerr=2.29E-04 time=0.716
After sweep 3 energy=-733.8438607241376  maxlinkdim=64 maxerr=2.29E-04 time=0.733
After sweep 4 energy=-733.9702323428504  maxlinkdim=128 maxerr=5.25E-09 time=0.926
After sweep 5 energy=-733.9702323884935  maxlinkdim=64 maxerr=4.79E-15 time=0.374
After sweep 6 energy=-733.9702323884399  maxlinkdim=64 maxerr=6.77E-17 time=0.477
After sweep 7 energy=-733.9702323884811  maxlinkdim=64 maxerr=1.26E-16 time=0.286
After sweep 8 energy=-733.970232388494  maxlinkdim=64 maxerr=1.35E-16 time=0.303
Energy difference less than 5.0e-5, stopping DMRG
Using a 4 by 4 lattice:
1/31
After sweep 1 energy=74.73956658183624  maxlinkdim=20 maxerr=7.04E-06 time=15.202
After sweep 2 energy=74.52199567402232  maxlinkdim=20 maxerr=1.13E-04 time=0.383
After sweep 3 energy=74.51050037392201  maxlinkdim=20 maxerr=1.34E-04 time=0.377
After sweep 4 energy=74.25815252399485  maxlinkdim=40 maxerr=7.43E-07 time=0.823
After sweep 5 energy=74.22129476397427  maxlinkdim=40 maxerr=6.84E-06 time=0.562
After sweep 6 energy=74.21861410844575  maxlinkdim=40 maxerr=8.13E-06 time=0.948
After sweep 7 energy=74.21236863064722  maxlinkdim=160 maxerr=9.92E-10 time=1.764
After sweep 8 energy=74.21195064561475  maxlinkdim=160 maxerr=2.03E-09 time=2.419
After sweep 9 energy=74.21194176576792  maxlinkdim=160 maxerr=2.37E-09 time=2.279
After sweep 10 energy=74.2119413233029  maxlinkdim=179 maxerr=9.74E-10 time=2.471
After sweep 11 energy=74.21194117819343  maxlinkdim=179 maxerr=9.81E-10 time=2.538
After sweep 12 energy=74.21194085419867  maxlinkdim=179 maxerr=9.82E-10 time=2.511
After sweep 13 energy=74.21194082392775  maxlinkdim=178 maxerr=9.96E-10 time=2.433
After sweep 14 energy=74.21194080775118  maxlinkdim=179 maxerr=9.93E-10 time=2.568
After sweep 15 energy=74.21194081074512  maxlinkdim=178 maxerr=9.90E-10 time=2.595
After sweep 16 energy=74.21194180894905  maxlinkdim=64 maxerr=9.96E-10 time=1.571
After sweep 17 energy=74.21194216297727  maxlinkdim=62 maxerr=9.86E-10 time=0.910
After sweep 18 energy=74.21194227078173  maxlinkdim=61 maxerr=8.15E-10 time=1.067
After sweep 19 energy=74.21194227882111  maxlinkdim=61 maxerr=3.73E-10 time=0.916
After sweep 20 energy=74.21194228664642  maxlinkdim=61 maxerr=3.19E-10 time=0.904
After sweep 21 energy=74.21194229362332  maxlinkdim=61 maxerr=2.94E-10 time=0.896
After sweep 22 energy=74.21194229988942  maxlinkdim=61 maxerr=2.74E-10 time=0.860
After sweep 23 energy=74.21194230319627  maxlinkdim=61 maxerr=2.59E-10 time=0.863
After sweep 24 energy=74.21194230259242  maxlinkdim=61 maxerr=3.26E-10 time=1.042
After sweep 25 energy=74.2119423010838  maxlinkdim=61 maxerr=4.52E-10 time=0.859
After sweep 26 energy=74.2119423001911  maxlinkdim=61 maxerr=5.57E-10 time=0.867
After sweep 27 energy=74.2119422995572  maxlinkdim=61 maxerr=6.21E-10 time=1.071
After sweep 28 energy=74.21194229831795  maxlinkdim=61 maxerr=6.14E-10 time=0.852
After sweep 29 energy=74.21194229724667  maxlinkdim=61 maxerr=6.64E-10 time=0.872
After sweep 30 energy=74.21194229699233  maxlinkdim=61 maxerr=7.33E-10 time=0.893
After sweep 31 energy=74.21194229456754  maxlinkdim=61 maxerr=4.36E-10 time=1.014
After sweep 32 energy=74.21194229508708  maxlinkdim=61 maxerr=2.87E-10 time=0.886
After sweep 33 energy=74.21194229485762  maxlinkdim=61 maxerr=3.97E-10 time=0.867
After sweep 34 energy=74.21194229666187  maxlinkdim=61 maxerr=6.53E-10 time=0.845
After sweep 35 energy=74.21194212989111  maxlinkdim=61 maxerr=2.64E-10 time=1.056
After sweep 36 energy=74.21194229466342  maxlinkdim=61 maxerr=9.58E-10 time=0.868
After sweep 37 energy=74.21194213083878  maxlinkdim=61 maxerr=2.53E-10 time=0.872
After sweep 38 energy=74.21194213053803  maxlinkdim=61 maxerr=2.37E-10 time=0.889
After sweep 39 energy=74.21194213177105  maxlinkdim=61 maxerr=2.49E-10 time=0.899
After sweep 40 energy=74.21194213185261  maxlinkdim=61 maxerr=2.51E-10 time=0.851
After sweep 41 energy=74.21194213282027  maxlinkdim=61 maxerr=2.51E-10 time=1.029
Energy difference less than 5.0e-5, stopping DMRG
2/31
After sweep 1 energy=69.40970149856037  maxlinkdim=61 maxerr=1.86E-06 time=1.434
After sweep 2 energy=69.40967483702855  maxlinkdim=61 maxerr=1.72E-06 time=1.366
After sweep 3 energy=69.40967358570049  maxlinkdim=61 maxerr=1.79E-06 time=1.326
After sweep 4 energy=69.40930588303813  maxlinkdim=122 maxerr=2.08E-08 time=1.815
After sweep 5 energy=69.40930081611681  maxlinkdim=66 maxerr=9.98E-10 time=1.317
After sweep 6 energy=69.40930105762654  maxlinkdim=64 maxerr=8.28E-10 time=0.923
After sweep 7 energy=69.40930112990084  maxlinkdim=64 maxerr=9.93E-10 time=1.100
After sweep 8 energy=69.40930106722841  maxlinkdim=64 maxerr=9.66E-10 time=0.910
Energy difference less than 5.0e-5, stopping DMRG
3/31
After sweep 1 energy=64.42503389975639  maxlinkdim=64 maxerr=1.44E-06 time=1.541
After sweep 2 energy=64.42484467857528  maxlinkdim=64 maxerr=1.47E-06 time=1.338
After sweep 3 energy=64.42482489758682  maxlinkdim=64 maxerr=1.52E-06 time=1.317
After sweep 4 energy=64.42447151606648  maxlinkdim=128 maxerr=1.73E-08 time=2.111
After sweep 5 energy=64.4244632599075  maxlinkdim=67 maxerr=9.89E-10 time=1.374
After sweep 6 energy=64.4244634563633  maxlinkdim=65 maxerr=9.78E-10 time=0.930
After sweep 7 energy=64.42446367506638  maxlinkdim=65 maxerr=9.77E-10 time=1.105
After sweep 8 energy=64.42446367426118  maxlinkdim=65 maxerr=4.08E-10 time=0.926
Energy difference less than 5.0e-5, stopping DMRG
4/31
After sweep 1 energy=59.23722295683824  maxlinkdim=65 maxerr=1.80E-06 time=1.364
After sweep 2 energy=59.23718144334173  maxlinkdim=65 maxerr=1.79E-06 time=1.561
After sweep 3 energy=59.23719081794108  maxlinkdim=65 maxerr=1.80E-06 time=1.394
After sweep 4 energy=59.236823002884854  maxlinkdim=130 maxerr=2.18E-08 time=2.252
After sweep 5 energy=59.23681645746125  maxlinkdim=69 maxerr=9.81E-10 time=1.589
After sweep 6 energy=59.23681664413971  maxlinkdim=67 maxerr=9.48E-10 time=0.992
After sweep 7 energy=59.236817048035846  maxlinkdim=66 maxerr=9.84E-10 time=1.103
After sweep 8 energy=59.236817055538914  maxlinkdim=66 maxerr=8.46E-10 time=0.947
Energy difference less than 5.0e-5, stopping DMRG
5/31
After sweep 1 energy=53.82387200083539  maxlinkdim=66 maxerr=1.81E-06 time=1.448
After sweep 2 energy=53.82370182357562  maxlinkdim=66 maxerr=1.87E-06 time=1.468
After sweep 3 energy=53.823691278061986  maxlinkdim=66 maxerr=1.90E-06 time=1.426
After sweep 4 energy=53.82320991793091  maxlinkdim=132 maxerr=2.67E-08 time=2.310
After sweep 5 energy=53.82319802901751  maxlinkdim=72 maxerr=9.95E-10 time=1.559
After sweep 6 energy=53.823197551525325  maxlinkdim=70 maxerr=9.81E-10 time=1.188
After sweep 7 energy=53.82319815504924  maxlinkdim=69 maxerr=9.07E-10 time=1.191
After sweep 8 energy=53.823198317822744  maxlinkdim=69 maxerr=9.59E-10 time=1.128
Energy difference less than 5.0e-5, stopping DMRG
6/31
After sweep 1 energy=48.15809324368745  maxlinkdim=69 maxerr=1.71E-06 time=1.619
After sweep 2 energy=48.15802526469001  maxlinkdim=69 maxerr=1.79E-06 time=1.680
After sweep 3 energy=48.15802444944665  maxlinkdim=69 maxerr=1.78E-06 time=1.708
After sweep 4 energy=48.15752436616761  maxlinkdim=138 maxerr=2.93E-08 time=2.647
After sweep 5 energy=48.15751807758966  maxlinkdim=78 maxerr=9.84E-10 time=1.787
After sweep 6 energy=48.15751857907129  maxlinkdim=73 maxerr=9.49E-10 time=1.311
After sweep 7 energy=48.15751892827614  maxlinkdim=72 maxerr=9.81E-10 time=1.311
After sweep 8 energy=48.157519199824236  maxlinkdim=71 maxerr=9.66E-10 time=1.282
Energy difference less than 5.0e-5, stopping DMRG
7/31
After sweep 1 energy=42.2111469683333  maxlinkdim=71 maxerr=1.70E-06 time=1.849
After sweep 2 energy=42.210967356187844  maxlinkdim=71 maxerr=1.82E-06 time=1.738
After sweep 3 energy=42.210952234787996  maxlinkdim=71 maxerr=1.83E-06 time=1.803
After sweep 4 energy=42.210314807452555  maxlinkdim=142 maxerr=3.41E-08 time=2.778
After sweep 5 energy=42.210303738229776  maxlinkdim=83 maxerr=9.28E-10 time=1.759
After sweep 6 energy=42.21030373167259  maxlinkdim=81 maxerr=9.75E-10 time=1.536
After sweep 7 energy=42.21030415626274  maxlinkdim=79 maxerr=7.55E-10 time=1.289
After sweep 8 energy=42.21030462731486  maxlinkdim=77 maxerr=9.16E-10 time=1.292
Energy difference less than 5.0e-5, stopping DMRG
8/31
After sweep 1 energy=35.94852518359604  maxlinkdim=77 maxerr=1.57E-06 time=2.073
After sweep 2 energy=35.948450156475715  maxlinkdim=77 maxerr=1.58E-06 time=1.928
After sweep 3 energy=35.948448519272645  maxlinkdim=77 maxerr=1.57E-06 time=2.087
After sweep 4 energy=35.948123361326964  maxlinkdim=154 maxerr=2.96E-08 time=3.008
After sweep 5 energy=35.94812183536931  maxlinkdim=86 maxerr=9.78E-10 time=2.335
After sweep 6 energy=35.94812240038916  maxlinkdim=83 maxerr=9.67E-10 time=1.426
After sweep 7 energy=35.94812290696966  maxlinkdim=81 maxerr=9.34E-10 time=1.562
After sweep 8 energy=35.948123112502124  maxlinkdim=80 maxerr=9.79E-10 time=1.469
Energy difference less than 5.0e-5, stopping DMRG
9/31
After sweep 1 energy=29.333400155981426  maxlinkdim=80 maxerr=1.63E-06 time=1.995
After sweep 2 energy=29.333310600176734  maxlinkdim=80 maxerr=1.63E-06 time=2.068
After sweep 3 energy=29.333312088448437  maxlinkdim=80 maxerr=1.66E-06 time=2.231
After sweep 4 energy=29.332786706892524  maxlinkdim=160 maxerr=3.42E-08 time=3.147
After sweep 5 energy=29.332759885675568  maxlinkdim=91 maxerr=9.95E-10 time=2.341
After sweep 6 energy=29.332760199559925  maxlinkdim=89 maxerr=9.90E-10 time=1.801
After sweep 7 energy=29.33276055642303  maxlinkdim=87 maxerr=9.80E-10 time=1.641
After sweep 8 energy=29.33276093386121  maxlinkdim=85 maxerr=9.54E-10 time=1.574
Energy difference less than 5.0e-5, stopping DMRG
10/31
After sweep 1 energy=22.321302112989716  maxlinkdim=85 maxerr=1.82E-06 time=2.339
After sweep 2 energy=22.32118143680842  maxlinkdim=85 maxerr=1.83E-06 time=2.553
After sweep 3 energy=22.321178055335753  maxlinkdim=85 maxerr=1.82E-06 time=2.488
After sweep 4 energy=22.320731538770367  maxlinkdim=170 maxerr=3.76E-08 time=3.900
After sweep 5 energy=22.320728196576102  maxlinkdim=94 maxerr=9.93E-10 time=2.570
After sweep 6 energy=22.320728364366563  maxlinkdim=91 maxerr=9.82E-10 time=1.911
After sweep 7 energy=22.320728606547224  maxlinkdim=90 maxerr=8.65E-10 time=1.931
After sweep 8 energy=22.320728823875328  maxlinkdim=89 maxerr=9.90E-10 time=1.705
Energy difference less than 5.0e-5, stopping DMRG
11/31
After sweep 1 energy=14.862106865907284  maxlinkdim=89 maxerr=1.91E-06 time=2.653
After sweep 2 energy=14.862008192027114  maxlinkdim=89 maxerr=1.92E-06 time=2.633
After sweep 3 energy=14.862008780535334  maxlinkdim=89 maxerr=1.93E-06 time=2.748
After sweep 4 energy=14.861585575388297  maxlinkdim=178 maxerr=4.00E-08 time=3.674
After sweep 5 energy=14.861581887478065  maxlinkdim=98 maxerr=9.88E-10 time=2.819
After sweep 6 energy=14.861582452230767  maxlinkdim=95 maxerr=8.83E-10 time=2.110
After sweep 7 energy=14.861582867851256  maxlinkdim=93 maxerr=9.65E-10 time=1.949
After sweep 8 energy=14.861583310754668  maxlinkdim=92 maxerr=9.84E-10 time=1.944
Energy difference less than 5.0e-5, stopping DMRG
12/31
After sweep 1 energy=6.897579205087428  maxlinkdim=92 maxerr=2.09E-06 time=2.656
After sweep 2 energy=6.897299638051195  maxlinkdim=92 maxerr=2.11E-06 time=2.899
After sweep 3 energy=6.897287539712725  maxlinkdim=92 maxerr=2.12E-06 time=2.786
After sweep 4 energy=6.8967917904512035  maxlinkdim=184 maxerr=4.52E-08 time=4.170
After sweep 5 energy=6.896787903046061  maxlinkdim=102 maxerr=9.87E-10 time=2.851
After sweep 6 energy=6.89678832218898  maxlinkdim=99 maxerr=9.93E-10 time=2.255
After sweep 7 energy=6.896788645264665  maxlinkdim=98 maxerr=9.15E-10 time=2.098
After sweep 8 energy=6.896789120910398  maxlinkdim=97 maxerr=9.93E-10 time=1.987
Energy difference less than 5.0e-5, stopping DMRG
13/31
After sweep 1 energy=-1.641477379333899  maxlinkdim=97 maxerr=2.11E-06 time=3.324
After sweep 2 energy=-1.6417187761940542  maxlinkdim=97 maxerr=2.12E-06 time=3.204
After sweep 3 energy=-1.6417309846868455  maxlinkdim=97 maxerr=2.14E-06 time=3.107
After sweep 4 energy=-1.6422512850121083  maxlinkdim=194 maxerr=4.62E-08 time=4.816
After sweep 5 energy=-1.6422553091849423  maxlinkdim=105 maxerr=9.95E-10 time=3.176
After sweep 6 energy=-1.6422551818087745  maxlinkdim=105 maxerr=9.76E-10 time=2.580
After sweep 7 energy=-1.6422549078792192  maxlinkdim=103 maxerr=9.66E-10 time=2.558
After sweep 8 energy=-1.6422547056962642  maxlinkdim=102 maxerr=8.92E-10 time=2.325
Energy difference less than 5.0e-5, stopping DMRG
14/31
After sweep 1 energy=-10.836107540810296  maxlinkdim=102 maxerr=2.09E-06 time=3.251
After sweep 2 energy=-10.836318524878704  maxlinkdim=102 maxerr=2.10E-06 time=3.576
After sweep 3 energy=-10.836326415953277  maxlinkdim=102 maxerr=2.11E-06 time=3.471
After sweep 4 energy=-10.836711451609872  maxlinkdim=204 maxerr=4.72E-08 time=5.166
After sweep 5 energy=-10.836715903493724  maxlinkdim=109 maxerr=1.00E-09 time=3.380
After sweep 6 energy=-10.836715554767807  maxlinkdim=107 maxerr=9.57E-10 time=2.698
After sweep 7 energy=-10.836715187449727  maxlinkdim=105 maxerr=9.28E-10 time=2.590
After sweep 8 energy=-10.836714949552515  maxlinkdim=104 maxerr=9.72E-10 time=2.472
Energy difference less than 5.0e-5, stopping DMRG
15/31
After sweep 1 energy=-20.782963643295865  maxlinkdim=104 maxerr=2.37E-06 time=4.005
After sweep 2 energy=-20.783167282598367  maxlinkdim=104 maxerr=2.37E-06 time=3.681
After sweep 3 energy=-20.783184766298728  maxlinkdim=104 maxerr=2.39E-06 time=3.627
After sweep 4 energy=-20.783656085264248  maxlinkdim=208 maxerr=5.81E-08 time=5.033
After sweep 5 energy=-20.783661126636456  maxlinkdim=114 maxerr=9.96E-10 time=3.487
After sweep 6 energy=-20.78366073550569  maxlinkdim=112 maxerr=9.45E-10 time=3.002
After sweep 7 energy=-20.783660392250017  maxlinkdim=109 maxerr=9.73E-10 time=3.187
After sweep 8 energy=-20.783660365296328  maxlinkdim=108 maxerr=9.68E-10 time=2.725
Energy difference less than 5.0e-5, stopping DMRG
16/31
After sweep 1 energy=-31.59964164528193  maxlinkdim=108 maxerr=2.42E-06 time=3.783
After sweep 2 energy=-31.599988263784  maxlinkdim=108 maxerr=2.44E-06 time=3.979
After sweep 3 energy=-31.599999697354153  maxlinkdim=108 maxerr=2.46E-06 time=4.370
After sweep 4 energy=-31.60056454637837  maxlinkdim=216 maxerr=6.45E-08 time=5.464
After sweep 5 energy=-31.60057014582223  maxlinkdim=118 maxerr=9.20E-10 time=3.916
After sweep 6 energy=-31.600569830362144  maxlinkdim=115 maxerr=9.27E-10 time=3.210
After sweep 7 energy=-31.600569460503948  maxlinkdim=113 maxerr=9.15E-10 time=3.274
After sweep 8 energy=-31.600569248342147  maxlinkdim=112 maxerr=9.55E-10 time=3.075
Energy difference less than 5.0e-5, stopping DMRG
17/31
After sweep 1 energy=-43.430833800589305  maxlinkdim=112 maxerr=2.54E-06 time=4.136
After sweep 2 energy=-43.43099423903266  maxlinkdim=112 maxerr=2.56E-06 time=4.227
After sweep 3 energy=-43.43099614772226  maxlinkdim=112 maxerr=2.57E-06 time=4.253
After sweep 4 energy=-43.4315488646803  maxlinkdim=224 maxerr=7.00E-08 time=5.979
After sweep 5 energy=-43.43155681110003  maxlinkdim=122 maxerr=9.93E-10 time=4.103
After sweep 6 energy=-43.431556484748555  maxlinkdim=119 maxerr=9.54E-10 time=3.242
After sweep 7 energy=-43.43155631765737  maxlinkdim=119 maxerr=9.88E-10 time=3.366
After sweep 8 energy=-43.431556257654826  maxlinkdim=118 maxerr=9.58E-10 time=3.311
Energy difference less than 5.0e-5, stopping DMRG
18/31
After sweep 1 energy=-56.45530630958137  maxlinkdim=118 maxerr=2.42E-06 time=4.384
After sweep 2 energy=-56.45555242662839  maxlinkdim=118 maxerr=2.43E-06 time=4.462
After sweep 3 energy=-56.455558354816695  maxlinkdim=118 maxerr=2.45E-06 time=4.555
After sweep 4 energy=-56.456114414217225  maxlinkdim=236 maxerr=6.66E-08 time=6.493
After sweep 5 energy=-56.456117956592564  maxlinkdim=124 maxerr=9.89E-10 time=4.190
After sweep 6 energy=-56.45611776950156  maxlinkdim=123 maxerr=9.84E-10 time=3.431
After sweep 7 energy=-56.456117787585406  maxlinkdim=124 maxerr=9.62E-10 time=3.445
After sweep 8 energy=-56.4561176233364  maxlinkdim=124 maxerr=9.73E-10 time=3.595
Energy difference less than 5.0e-5, stopping DMRG
19/31
After sweep 1 energy=-70.90105337800001  maxlinkdim=124 maxerr=2.44E-06 time=4.703
After sweep 2 energy=-70.90119954251134  maxlinkdim=124 maxerr=2.45E-06 time=4.877
After sweep 3 energy=-70.90119534262429  maxlinkdim=124 maxerr=2.45E-06 time=4.965
After sweep 4 energy=-70.90171082237462  maxlinkdim=248 maxerr=6.32E-08 time=6.643
After sweep 5 energy=-70.90171445348737  maxlinkdim=130 maxerr=9.99E-10 time=4.598
After sweep 6 energy=-70.90171416822346  maxlinkdim=128 maxerr=9.84E-10 time=3.680
After sweep 7 energy=-70.90171413746384  maxlinkdim=127 maxerr=9.46E-10 time=3.569
After sweep 8 energy=-70.90171411177425  maxlinkdim=126 maxerr=9.76E-10 time=3.557
Energy difference less than 5.0e-5, stopping DMRG
20/31
After sweep 1 energy=-87.06149539790472  maxlinkdim=126 maxerr=2.82E-06 time=4.895
After sweep 2 energy=-87.06164985413322  maxlinkdim=126 maxerr=2.84E-06 time=4.886
After sweep 3 energy=-87.06165093455029  maxlinkdim=126 maxerr=2.85E-06 time=5.113
After sweep 4 energy=-87.06227584658329  maxlinkdim=252 maxerr=7.50E-08 time=6.795
After sweep 5 energy=-87.06228035762108  maxlinkdim=136 maxerr=9.87E-10 time=4.561
After sweep 6 energy=-87.06228007167103  maxlinkdim=134 maxerr=9.88E-10 time=4.070
After sweep 7 energy=-87.0622799402681  maxlinkdim=132 maxerr=9.81E-10 time=4.130
After sweep 8 energy=-87.06227993113897  maxlinkdim=133 maxerr=9.37E-10 time=3.988
Energy difference less than 5.0e-5, stopping DMRG
21/31
After sweep 1 energy=-105.32546897144731  maxlinkdim=133 maxerr=2.75E-06 time=5.311
After sweep 2 energy=-105.32562340449034  maxlinkdim=133 maxerr=2.76E-06 time=5.376
After sweep 3 energy=-105.32560917956724  maxlinkdim=133 maxerr=2.76E-06 time=5.772
After sweep 4 energy=-105.32615734378963  maxlinkdim=266 maxerr=7.00E-08 time=7.632
After sweep 5 energy=-105.32616147818388  maxlinkdim=142 maxerr=9.88E-10 time=5.100
After sweep 6 energy=-105.32616144774852  maxlinkdim=141 maxerr=9.99E-10 time=4.217
After sweep 7 energy=-105.32616134355983  maxlinkdim=141 maxerr=9.99E-10 time=4.159
After sweep 8 energy=-105.32616125692611  maxlinkdim=138 maxerr=9.89E-10 time=4.562
Energy difference less than 5.0e-5, stopping DMRG
22/31
After sweep 1 energy=-126.21883525956567  maxlinkdim=138 maxerr=2.73E-06 time=5.529
After sweep 2 energy=-126.21889756289143  maxlinkdim=138 maxerr=2.74E-06 time=5.704
After sweep 3 energy=-126.21889819019914  maxlinkdim=138 maxerr=2.74E-06 time=6.213
After sweep 4 energy=-126.21950524165266  maxlinkdim=276 maxerr=7.17E-08 time=7.888
After sweep 5 energy=-126.21951093339877  maxlinkdim=147 maxerr=9.92E-10 time=5.077
After sweep 6 energy=-126.21951084814445  maxlinkdim=147 maxerr=9.72E-10 time=4.307
After sweep 7 energy=-126.21951090429097  maxlinkdim=146 maxerr=9.81E-10 time=4.337
After sweep 8 energy=-126.21951083616707  maxlinkdim=146 maxerr=1.00E-09 time=4.190
Energy difference less than 5.0e-5, stopping DMRG
23/31
After sweep 1 energy=-150.47531085105263  maxlinkdim=146 maxerr=2.52E-06 time=5.996
After sweep 2 energy=-150.4753308094248  maxlinkdim=146 maxerr=2.52E-06 time=6.012
After sweep 3 energy=-150.47533048630612  maxlinkdim=146 maxerr=2.52E-06 time=5.911
After sweep 4 energy=-150.47594702612446  maxlinkdim=292 maxerr=6.34E-08 time=8.468
After sweep 5 energy=-150.47595130261325  maxlinkdim=152 maxerr=9.56E-10 time=5.023
After sweep 6 energy=-150.47595130063436  maxlinkdim=152 maxerr=9.32E-10 time=4.482
After sweep 7 energy=-150.47595129510736  maxlinkdim=152 maxerr=9.28E-10 time=4.298
After sweep 8 energy=-150.4759513025065  maxlinkdim=152 maxerr=9.42E-10 time=4.451
Energy difference less than 5.0e-5, stopping DMRG
24/31
After sweep 1 energy=-179.15223421913643  maxlinkdim=152 maxerr=2.45E-06 time=5.939
After sweep 2 energy=-179.1522257975976  maxlinkdim=152 maxerr=2.46E-06 time=6.022
After sweep 3 energy=-179.15222580473596  maxlinkdim=152 maxerr=2.46E-06 time=6.191
After sweep 4 energy=-179.15291178877888  maxlinkdim=304 maxerr=6.10E-08 time=7.845
After sweep 5 energy=-179.15291450354061  maxlinkdim=156 maxerr=9.97E-10 time=5.170
After sweep 6 energy=-179.1529145039898  maxlinkdim=156 maxerr=9.91E-10 time=4.559
After sweep 7 energy=-179.15291450405857  maxlinkdim=156 maxerr=9.90E-10 time=4.503
After sweep 8 energy=-179.15291450457823  maxlinkdim=156 maxerr=9.93E-10 time=4.535
Energy difference less than 5.0e-5, stopping DMRG
25/31
After sweep 1 energy=-213.83469399665734  maxlinkdim=156 maxerr=2.50E-06 time=6.142
After sweep 2 energy=-213.83469711362312  maxlinkdim=156 maxerr=2.50E-06 time=6.333
After sweep 3 energy=-213.83469714880533  maxlinkdim=156 maxerr=2.50E-06 time=6.202
After sweep 4 energy=-213.8354397026049  maxlinkdim=312 maxerr=6.24E-08 time=8.768
After sweep 5 energy=-213.83544304664747  maxlinkdim=161 maxerr=9.75E-10 time=5.406
After sweep 6 energy=-213.83544304774392  maxlinkdim=161 maxerr=9.68E-10 time=4.772
After sweep 7 energy=-213.8354429859563  maxlinkdim=161 maxerr=9.99E-10 time=5.070
After sweep 8 energy=-213.8354429868534  maxlinkdim=161 maxerr=9.73E-10 time=4.509
Energy difference less than 5.0e-5, stopping DMRG
26/31
After sweep 1 energy=-257.01401807581425  maxlinkdim=161 maxerr=2.45E-06 time=6.510
After sweep 2 energy=-257.0140223002763  maxlinkdim=161 maxerr=2.45E-06 time=6.386
After sweep 3 energy=-257.0140222636024  maxlinkdim=161 maxerr=2.45E-06 time=6.374
After sweep 4 energy=-257.0148599632518  maxlinkdim=322 maxerr=6.07E-08 time=8.463
After sweep 5 energy=-257.01486256172274  maxlinkdim=165 maxerr=9.93E-10 time=5.116
After sweep 6 energy=-257.01486248232  maxlinkdim=165 maxerr=1.00E-09 time=4.576
After sweep 7 energy=-257.01486248260875  maxlinkdim=165 maxerr=9.98E-10 time=4.390
After sweep 8 energy=-257.0148624826393  maxlinkdim=165 maxerr=9.99E-10 time=4.596
Energy difference less than 5.0e-5, stopping DMRG
27/31
After sweep 1 energy=-312.8454369940291  maxlinkdim=165 maxerr=2.47E-06 time=6.398
After sweep 2 energy=-312.84543820552915  maxlinkdim=165 maxerr=2.47E-06 time=7.104
After sweep 3 energy=-312.8454384211707  maxlinkdim=165 maxerr=2.47E-06 time=6.780
After sweep 4 energy=-312.8462944231763  maxlinkdim=330 maxerr=6.06E-08 time=8.729
After sweep 5 energy=-312.8462973420824  maxlinkdim=169 maxerr=9.77E-10 time=5.503
After sweep 6 energy=-312.84629723234815  maxlinkdim=168 maxerr=9.94E-10 time=4.568
After sweep 7 energy=-312.84629723054485  maxlinkdim=168 maxerr=9.79E-10 time=4.711
After sweep 8 energy=-312.8462972300258  maxlinkdim=168 maxerr=9.79E-10 time=4.535
Energy difference less than 5.0e-5, stopping DMRG
28/31
After sweep 1 energy=-388.81433000591414  maxlinkdim=168 maxerr=2.51E-06 time=6.358
After sweep 2 energy=-388.81433210274724  maxlinkdim=168 maxerr=2.51E-06 time=6.550
After sweep 3 energy=-388.8143317763785  maxlinkdim=168 maxerr=2.51E-06 time=6.730
After sweep 4 energy=-388.8153527026978  maxlinkdim=336 maxerr=6.18E-08 time=9.232
After sweep 5 energy=-388.81535616351687  maxlinkdim=172 maxerr=9.58E-10 time=5.339
After sweep 6 energy=-388.81535612822404  maxlinkdim=171 maxerr=9.93E-10 time=4.939
After sweep 7 energy=-388.8153561329746  maxlinkdim=171 maxerr=9.94E-10 time=4.841
After sweep 8 energy=-388.8153561179582  maxlinkdim=171 maxerr=9.91E-10 time=4.519
Energy difference less than 5.0e-5, stopping DMRG
29/31
After sweep 1 energy=-499.90370399652886  maxlinkdim=171 maxerr=2.48E-06 time=6.864
After sweep 2 energy=-499.9037042105106  maxlinkdim=171 maxerr=2.48E-06 time=6.853
After sweep 3 energy=-499.9037042319462  maxlinkdim=171 maxerr=2.48E-06 time=7.213
After sweep 4 energy=-499.90496042599483  maxlinkdim=342 maxerr=6.18E-08 time=8.964
After sweep 5 energy=-499.90496518290996  maxlinkdim=174 maxerr=9.58E-10 time=5.753
After sweep 6 energy=-499.9049651813207  maxlinkdim=174 maxerr=9.44E-10 time=5.053
After sweep 7 energy=-499.9049651754295  maxlinkdim=174 maxerr=9.40E-10 time=4.765
After sweep 8 energy=-499.90496517520864  maxlinkdim=174 maxerr=9.40E-10 time=4.931
Energy difference less than 5.0e-5, stopping DMRG
30/31
After sweep 1 energy=-681.094254363951  maxlinkdim=174 maxerr=2.40E-06 time=6.673
After sweep 2 energy=-681.0942545012897  maxlinkdim=174 maxerr=2.40E-06 time=6.789
After sweep 3 energy=-681.0942545252568  maxlinkdim=174 maxerr=2.40E-06 time=6.853
After sweep 4 energy=-681.0958486511171  maxlinkdim=348 maxerr=6.02E-08 time=9.249
After sweep 5 energy=-681.0958546361973  maxlinkdim=175 maxerr=9.88E-10 time=5.641
After sweep 6 energy=-681.0958546374941  maxlinkdim=175 maxerr=9.85E-10 time=4.667
After sweep 7 energy=-681.0958546376422  maxlinkdim=175 maxerr=9.84E-10 time=5.039
After sweep 8 energy=-681.0958546376684  maxlinkdim=175 maxerr=9.84E-10 time=5.012
Energy difference less than 5.0e-5, stopping DMRG
31/31
After sweep 1 energy=-1037.365914892128  maxlinkdim=175 maxerr=2.43E-06 time=7.100
After sweep 2 energy=-1037.3659148443346  maxlinkdim=175 maxerr=2.43E-06 time=7.165
After sweep 3 energy=-1037.3659148612444  maxlinkdim=175 maxerr=2.43E-06 time=7.095
After sweep 4 energy=-1037.368120375434  maxlinkdim=350 maxerr=6.14E-08 time=9.258
After sweep 5 energy=-1037.3681296218003  maxlinkdim=177 maxerr=9.89E-10 time=5.462
After sweep 6 energy=-1037.3681295294396  maxlinkdim=176 maxerr=9.97E-10 time=4.973
After sweep 7 energy=-1037.3681295359386  maxlinkdim=176 maxerr=9.87E-10 time=4.963
After sweep 8 energy=-1037.3681295241183  maxlinkdim=176 maxerr=9.87E-10 time=4.883
Energy difference less than 5.0e-5, stopping DMRG
Using a 4 by 5 lattice:
1/31
After sweep 1 energy=91.89377792736903  maxlinkdim=25 maxerr=1.47E-06 time=15.223
After sweep 2 energy=91.49094850021764  maxlinkdim=25 maxerr=7.33E-05 time=0.941
After sweep 3 energy=91.43972377917905  maxlinkdim=25 maxerr=5.40E-05 time=0.641
After sweep 4 energy=91.19111913977933  maxlinkdim=50 maxerr=3.81E-07 time=1.193
After sweep 5 energy=91.15293485406148  maxlinkdim=50 maxerr=1.37E-06 time=1.509
After sweep 6 energy=91.14730660482067  maxlinkdim=50 maxerr=2.22E-06 time=1.496
After sweep 7 energy=91.14136172991915  maxlinkdim=179 maxerr=9.99E-10 time=3.168
After sweep 8 energy=91.14092821638354  maxlinkdim=200 maxerr=1.00E-09 time=4.660
After sweep 9 energy=91.14090703661942  maxlinkdim=200 maxerr=1.57E-09 time=5.411
After sweep 10 energy=91.14090583399951  maxlinkdim=209 maxerr=9.96E-10 time=5.567
After sweep 11 energy=91.1409056385362  maxlinkdim=209 maxerr=9.91E-10 time=5.426
After sweep 12 energy=91.14090557675341  maxlinkdim=210 maxerr=9.95E-10 time=5.423
After sweep 13 energy=91.14090550199907  maxlinkdim=210 maxerr=9.99E-10 time=5.026
After sweep 14 energy=91.14090542466879  maxlinkdim=210 maxerr=9.88E-10 time=5.449
After sweep 15 energy=91.14090554922423  maxlinkdim=210 maxerr=9.99E-10 time=5.089
After sweep 16 energy=91.14090627081396  maxlinkdim=71 maxerr=9.88E-10 time=2.845
After sweep 17 energy=91.1409070654563  maxlinkdim=70 maxerr=9.81E-10 time=1.704
After sweep 18 energy=91.1409077993003  maxlinkdim=69 maxerr=9.99E-10 time=1.525
After sweep 19 energy=91.1409079449363  maxlinkdim=68 maxerr=8.93E-10 time=1.644
After sweep 20 energy=91.14090793392224  maxlinkdim=68 maxerr=4.00E-10 time=1.491
After sweep 21 energy=91.1409079400308  maxlinkdim=68 maxerr=3.71E-10 time=1.682
After sweep 22 energy=91.14090795572164  maxlinkdim=68 maxerr=3.53E-10 time=1.517
After sweep 23 energy=91.14090797250307  maxlinkdim=68 maxerr=3.27E-10 time=1.523
After sweep 24 energy=91.14090798593097  maxlinkdim=68 maxerr=3.30E-10 time=1.710
After sweep 25 energy=91.14090799456655  maxlinkdim=68 maxerr=3.45E-10 time=1.749
After sweep 26 energy=91.1409079973919  maxlinkdim=68 maxerr=3.54E-10 time=1.630
After sweep 27 energy=91.1409081118225  maxlinkdim=67 maxerr=9.99E-10 time=1.740
After sweep 28 energy=91.14090811344269  maxlinkdim=67 maxerr=3.49E-10 time=1.582
After sweep 29 energy=91.14090811671578  maxlinkdim=67 maxerr=3.98E-10 time=1.718
After sweep 30 energy=91.14090811989146  maxlinkdim=67 maxerr=4.70E-10 time=1.553
After sweep 31 energy=91.14090812378905  maxlinkdim=67 maxerr=5.59E-10 time=1.716
After sweep 32 energy=91.1409081290974  maxlinkdim=67 maxerr=6.57E-10 time=1.727
After sweep 33 energy=91.14090788948931  maxlinkdim=67 maxerr=9.98E-10 time=1.622
After sweep 34 energy=91.14090795022916  maxlinkdim=67 maxerr=9.19E-10 time=1.779
After sweep 35 energy=91.1409077574499  maxlinkdim=67 maxerr=3.98E-10 time=1.828
After sweep 36 energy=91.140907751994  maxlinkdim=67 maxerr=3.42E-10 time=1.616
After sweep 37 energy=91.14090774927975  maxlinkdim=67 maxerr=3.27E-10 time=1.770
After sweep 38 energy=91.14090774836187  maxlinkdim=67 maxerr=3.18E-10 time=1.785
After sweep 39 energy=91.14090774930916  maxlinkdim=67 maxerr=3.30E-10 time=1.655
After sweep 40 energy=91.1409077517834  maxlinkdim=67 maxerr=3.43E-10 time=1.745
After sweep 41 energy=91.1409077547228  maxlinkdim=67 maxerr=3.53E-10 time=1.554
Energy difference less than 5.0e-5, stopping DMRG
2/31
After sweep 1 energy=85.02072779103318  maxlinkdim=67 maxerr=1.56E-06 time=2.653
After sweep 2 energy=85.0206211657814  maxlinkdim=67 maxerr=1.47E-06 time=2.448
After sweep 3 energy=85.0206175674073  maxlinkdim=67 maxerr=1.50E-06 time=2.421
After sweep 4 energy=85.02017089767565  maxlinkdim=134 maxerr=2.38E-08 time=3.799
After sweep 5 energy=85.02015718865965  maxlinkdim=68 maxerr=9.61E-10 time=2.615
After sweep 6 energy=85.02015648117201  maxlinkdim=67 maxerr=9.73E-10 time=1.652
After sweep 7 energy=85.0201562454371  maxlinkdim=67 maxerr=9.66E-10 time=1.772
After sweep 8 energy=85.02015615619311  maxlinkdim=67 maxerr=8.07E-10 time=1.617
Energy difference less than 5.0e-5, stopping DMRG
3/31
After sweep 1 energy=78.66292360150749  maxlinkdim=67 maxerr=1.96E-06 time=2.625
After sweep 2 energy=78.66281983748362  maxlinkdim=67 maxerr=1.83E-06 time=2.707
After sweep 3 energy=78.66281640788189  maxlinkdim=67 maxerr=1.98E-06 time=2.560
After sweep 4 energy=78.66222506001364  maxlinkdim=134 maxerr=3.37E-08 time=3.866
After sweep 5 energy=78.66220075810693  maxlinkdim=71 maxerr=9.98E-10 time=2.753
After sweep 6 energy=78.66219863853789  maxlinkdim=70 maxerr=9.04E-10 time=1.839
After sweep 7 energy=78.66219821865579  maxlinkdim=70 maxerr=9.71E-10 time=1.644
After sweep 8 energy=78.66219807065947  maxlinkdim=70 maxerr=8.47E-10 time=1.831
Energy difference less than 5.0e-5, stopping DMRG
4/31
After sweep 1 energy=72.0414107030293  maxlinkdim=70 maxerr=1.99E-06 time=2.754
After sweep 2 energy=72.0412165678858  maxlinkdim=70 maxerr=1.96E-06 time=2.964
After sweep 3 energy=72.04121918687169  maxlinkdim=70 maxerr=1.94E-06 time=2.970
After sweep 4 energy=72.04053538528404  maxlinkdim=140 maxerr=3.57E-08 time=4.387
After sweep 5 energy=72.04051288195848  maxlinkdim=80 maxerr=9.92E-10 time=3.173
After sweep 6 energy=72.04051185176917  maxlinkdim=78 maxerr=9.74E-10 time=2.015
After sweep 7 energy=72.04051184914452  maxlinkdim=76 maxerr=8.86E-10 time=1.956
After sweep 8 energy=72.04051193361875  maxlinkdim=76 maxerr=7.69E-10 time=1.998
Energy difference less than 5.0e-5, stopping DMRG
5/31
After sweep 1 energy=65.12619161899276  maxlinkdim=76 maxerr=1.61E-06 time=3.011
After sweep 2 energy=65.12604217456013  maxlinkdim=76 maxerr=1.65E-06 time=3.174
After sweep 3 energy=65.1260373276142  maxlinkdim=76 maxerr=1.67E-06 time=3.183
After sweep 4 energy=65.12532492032142  maxlinkdim=152 maxerr=3.52E-08 time=5.331
After sweep 5 energy=65.12531003248387  maxlinkdim=85 maxerr=9.98E-10 time=3.559
After sweep 6 energy=65.12530978814186  maxlinkdim=83 maxerr=9.91E-10 time=2.444
After sweep 7 energy=65.12531060178833  maxlinkdim=81 maxerr=9.94E-10 time=2.215
After sweep 8 energy=65.1253109376623  maxlinkdim=80 maxerr=9.91E-10 time=2.061
Energy difference less than 5.0e-5, stopping DMRG
6/31
After sweep 1 energy=57.884011317066616  maxlinkdim=80 maxerr=1.50E-06 time=3.247
After sweep 2 energy=57.883915730364144  maxlinkdim=80 maxerr=1.68E-06 time=3.536
After sweep 3 energy=57.883911755872695  maxlinkdim=80 maxerr=1.68E-06 time=3.641
After sweep 4 energy=57.88303713769543  maxlinkdim=160 maxerr=3.76E-08 time=5.333
After sweep 5 energy=57.88301538249126  maxlinkdim=91 maxerr=9.91E-10 time=3.845
After sweep 6 energy=57.883015280614266  maxlinkdim=87 maxerr=9.86E-10 time=2.666
After sweep 7 energy=57.8830157267472  maxlinkdim=85 maxerr=9.81E-10 time=2.660
After sweep 8 energy=57.88301642059817  maxlinkdim=84 maxerr=9.76E-10 time=2.318
Energy difference less than 5.0e-5, stopping DMRG
7/31
After sweep 1 energy=50.27687806933365  maxlinkdim=84 maxerr=1.61E-06 time=3.584
After sweep 2 energy=50.276605816035016  maxlinkdim=84 maxerr=1.68E-06 time=4.093
After sweep 3 energy=50.276604882437766  maxlinkdim=84 maxerr=1.64E-06 time=4.099
After sweep 4 energy=50.27579585887529  maxlinkdim=168 maxerr=3.93E-08 time=5.866
After sweep 5 energy=50.27577674972719  maxlinkdim=97 maxerr=9.76E-10 time=4.409
After sweep 6 energy=50.27577630663631  maxlinkdim=95 maxerr=9.99E-10 time=2.915
After sweep 7 energy=50.27577680273994  maxlinkdim=92 maxerr=9.89E-10 time=2.972
After sweep 8 energy=50.27577780319325  maxlinkdim=91 maxerr=9.97E-10 time=2.975
Energy difference less than 5.0e-5, stopping DMRG
8/31
After sweep 1 energy=42.26150438935691  maxlinkdim=91 maxerr=1.53E-06 time=4.553
After sweep 2 energy=42.26115767579886  maxlinkdim=91 maxerr=1.47E-06 time=4.994
After sweep 3 energy=42.261153450195835  maxlinkdim=91 maxerr=1.47E-06 time=4.847
After sweep 4 energy=42.260570962277924  maxlinkdim=182 maxerr=3.64E-08 time=6.969
After sweep 5 energy=42.260477888420766  maxlinkdim=108 maxerr=9.92E-10 time=5.345
After sweep 6 energy=42.26047546462801  maxlinkdim=112 maxerr=9.84E-10 time=3.676
After sweep 7 energy=42.260476507358085  maxlinkdim=108 maxerr=9.59E-10 time=3.657
After sweep 8 energy=42.260477291514434  maxlinkdim=106 maxerr=9.73E-10 time=3.488
Energy difference less than 5.0e-5, stopping DMRG
9/31
After sweep 1 energy=33.78885411845029  maxlinkdim=106 maxerr=1.16E-06 time=5.980
After sweep 2 energy=33.78860318937812  maxlinkdim=106 maxerr=1.26E-06 time=6.287
After sweep 3 energy=33.788592881335376  maxlinkdim=106 maxerr=1.31E-06 time=6.325
After sweep 4 energy=33.78816229491881  maxlinkdim=212 maxerr=2.72E-08 time=8.609
After sweep 5 energy=33.78815017070467  maxlinkdim=122 maxerr=9.96E-10 time=6.126
After sweep 6 energy=33.78815083458949  maxlinkdim=116 maxerr=9.92E-10 time=4.036
After sweep 7 energy=33.788151571800164  maxlinkdim=114 maxerr=9.97E-10 time=4.059
After sweep 8 energy=33.78815194135193  maxlinkdim=112 maxerr=9.79E-10 time=3.833
Energy difference less than 5.0e-5, stopping DMRG
10/31
After sweep 1 energy=24.803101628776357  maxlinkdim=112 maxerr=1.31E-06 time=6.514
After sweep 2 energy=24.80284684785638  maxlinkdim=112 maxerr=1.38E-06 time=7.272
After sweep 3 energy=24.80284526259781  maxlinkdim=112 maxerr=1.39E-06 time=7.434
After sweep 4 energy=24.802423396179723  maxlinkdim=224 maxerr=3.02E-08 time=10.415
After sweep 5 energy=24.802413381576244  maxlinkdim=133 maxerr=9.98E-10 time=7.134
After sweep 6 energy=24.80241400582689  maxlinkdim=126 maxerr=9.98E-10 time=4.864
After sweep 7 energy=24.802414999623085  maxlinkdim=122 maxerr=9.72E-10 time=4.372
After sweep 8 energy=24.80241535657897  maxlinkdim=121 maxerr=9.81E-10 time=4.270
Energy difference less than 5.0e-5, stopping DMRG
11/31
After sweep 1 energy=15.238963371740974  maxlinkdim=121 maxerr=1.23E-06 time=6.897
After sweep 2 energy=15.23853437182525  maxlinkdim=121 maxerr=1.24E-06 time=7.405
After sweep 3 energy=15.238507593510342  maxlinkdim=121 maxerr=1.31E-06 time=8.152
After sweep 4 energy=15.238156845473583  maxlinkdim=242 maxerr=3.08E-08 time=10.766
After sweep 5 energy=15.238147032965472  maxlinkdim=143 maxerr=9.96E-10 time=7.357
After sweep 6 energy=15.23814794024808  maxlinkdim=137 maxerr=9.96E-10 time=5.454
After sweep 7 energy=15.238148851552026  maxlinkdim=133 maxerr=1.00E-09 time=4.841
After sweep 8 energy=15.238149163024266  maxlinkdim=132 maxerr=9.93E-10 time=4.986
Energy difference less than 5.0e-5, stopping DMRG
12/31
After sweep 1 energy=5.0203731318667595  maxlinkdim=132 maxerr=9.61E-07 time=8.084
After sweep 2 energy=5.0198454043371346  maxlinkdim=132 maxerr=1.05E-06 time=9.921
After sweep 3 energy=5.019843708026264  maxlinkdim=132 maxerr=1.10E-06 time=9.680
After sweep 4 energy=5.01950621685813  maxlinkdim=264 maxerr=2.94E-08 time=13.353
After sweep 5 energy=5.019497964779585  maxlinkdim=155 maxerr=9.91E-10 time=9.355
After sweep 6 energy=5.019498859311171  maxlinkdim=149 maxerr=9.44E-10 time=5.925
After sweep 7 energy=5.019499462771158  maxlinkdim=146 maxerr=9.92E-10 time=6.030
After sweep 8 energy=5.01950028885395  maxlinkdim=143 maxerr=9.99E-10 time=5.283
Energy difference less than 5.0e-5, stopping DMRG
13/31
After sweep 1 energy=-5.941875384953592  maxlinkdim=143 maxerr=8.42E-07 time=9.063
After sweep 2 energy=-5.942372142654682  maxlinkdim=143 maxerr=9.46E-07 time=10.921
After sweep 3 energy=-5.942363776695112  maxlinkdim=143 maxerr=9.61E-07 time=10.646
After sweep 4 energy=-5.942648510088081  maxlinkdim=286 maxerr=2.55E-08 time=14.030
After sweep 5 energy=-5.942658488867333  maxlinkdim=167 maxerr=9.71E-10 time=10.288
After sweep 6 energy=-5.942657802985195  maxlinkdim=161 maxerr=9.99E-10 time=7.023
After sweep 7 energy=-5.942657198782182  maxlinkdim=157 maxerr=9.96E-10 time=6.649
After sweep 8 energy=-5.942657318925582  maxlinkdim=160 maxerr=9.76E-10 time=6.414
Energy difference less than 5.0e-5, stopping DMRG
14/31
After sweep 1 energy=-17.75337531149871  maxlinkdim=160 maxerr=6.51E-07 time=11.172
After sweep 2 energy=-17.753823840680994  maxlinkdim=160 maxerr=7.38E-07 time=12.952
After sweep 3 energy=-17.753835984489175  maxlinkdim=160 maxerr=7.60E-07 time=13.114
After sweep 4 energy=-17.75402519854957  maxlinkdim=320 maxerr=2.13E-08 time=16.572
After sweep 5 energy=-17.754031612872485  maxlinkdim=183 maxerr=9.83E-10 time=11.275
After sweep 6 energy=-17.754030765647755  maxlinkdim=177 maxerr=9.88E-10 time=7.778
After sweep 7 energy=-17.75403015348157  maxlinkdim=171 maxerr=9.93E-10 time=7.886
After sweep 8 energy=-17.754029871202835  maxlinkdim=169 maxerr=9.78E-10 time=7.560
Energy difference less than 5.0e-5, stopping DMRG
15/31
After sweep 1 energy=-30.540649114391048  maxlinkdim=169 maxerr=7.27E-07 time=12.184
After sweep 2 energy=-30.541064285284445  maxlinkdim=169 maxerr=7.70E-07 time=14.044
After sweep 3 energy=-30.541076897653934  maxlinkdim=169 maxerr=8.04E-07 time=13.547
After sweep 4 energy=-30.541295465575384  maxlinkdim=338 maxerr=2.25E-08 time=17.979
After sweep 5 energy=-30.5413032328886  maxlinkdim=197 maxerr=9.98E-10 time=13.116
After sweep 6 energy=-30.5413024497891  maxlinkdim=190 maxerr=9.79E-10 time=9.340
After sweep 7 energy=-30.54130195580142  maxlinkdim=188 maxerr=9.91E-10 time=8.940
After sweep 8 energy=-30.541301700475184  maxlinkdim=185 maxerr=9.86E-10 time=9.028
Energy difference less than 5.0e-5, stopping DMRG
16/31
After sweep 1 energy=-44.45731073191254  maxlinkdim=185 maxerr=6.59E-07 time=14.181
After sweep 2 energy=-44.457827582995684  maxlinkdim=185 maxerr=7.12E-07 time=17.211
After sweep 3 energy=-44.45783771563924  maxlinkdim=185 maxerr=7.33E-07 time=15.816
After sweep 4 energy=-44.458030805110354  maxlinkdim=370 maxerr=1.97E-08 time=21.206
After sweep 5 energy=-44.45803655084088  maxlinkdim=212 maxerr=9.97E-10 time=14.002
After sweep 6 energy=-44.45803608068204  maxlinkdim=208 maxerr=9.99E-10 time=10.612
After sweep 7 energy=-44.45803543135282  maxlinkdim=203 maxerr=9.83E-10 time=10.051
After sweep 8 energy=-44.458035142477236  maxlinkdim=199 maxerr=9.98E-10 time=9.577
Energy difference less than 5.0e-5, stopping DMRG
17/31
After sweep 1 energy=-59.692049539643186  maxlinkdim=199 maxerr=5.86E-07 time=16.289
After sweep 2 energy=-59.69257134346165  maxlinkdim=199 maxerr=6.70E-07 time=18.080
After sweep 3 energy=-59.69258090849492  maxlinkdim=199 maxerr=6.93E-07 time=17.751
After sweep 4 energy=-59.692776170426484  maxlinkdim=398 maxerr=1.88E-08 time=21.882
After sweep 5 energy=-59.6927820846863  maxlinkdim=229 maxerr=9.98E-10 time=15.873
After sweep 6 energy=-59.69278154242071  maxlinkdim=223 maxerr=9.98E-10 time=11.569
After sweep 7 energy=-59.6927808705311  maxlinkdim=223 maxerr=9.94E-10 time=11.313
After sweep 8 energy=-59.69278054217625  maxlinkdim=218 maxerr=9.81E-10 time=11.161
Energy difference less than 5.0e-5, stopping DMRG
18/31
After sweep 1 energy=-76.47977606849031  maxlinkdim=218 maxerr=5.47E-07 time=17.318
After sweep 2 energy=-76.48027762976973  maxlinkdim=218 maxerr=5.86E-07 time=19.239
After sweep 3 energy=-76.48028096789835  maxlinkdim=218 maxerr=5.97E-07 time=18.860
After sweep 4 energy=-76.48044944727923  maxlinkdim=436 maxerr=1.63E-08 time=24.313
After sweep 5 energy=-76.48045437008659  maxlinkdim=245 maxerr=9.99E-10 time=16.925
After sweep 6 energy=-76.4804543597823  maxlinkdim=240 maxerr=9.94E-10 time=13.341
After sweep 7 energy=-76.48045380730069  maxlinkdim=236 maxerr=1.00E-09 time=13.526
After sweep 8 energy=-76.48045328846774  maxlinkdim=232 maxerr=9.84E-10 time=12.413
Energy difference less than 5.0e-5, stopping DMRG
19/31
After sweep 1 energy=-95.11821214244465  maxlinkdim=232 maxerr=5.13E-07 time=20.076
After sweep 2 energy=-95.11850913104567  maxlinkdim=232 maxerr=5.80E-07 time=22.090
After sweep 3 energy=-95.11851463542813  maxlinkdim=232 maxerr=5.90E-07 time=21.015
After sweep 4 energy=-95.11868467302061  maxlinkdim=464 maxerr=1.54E-08 time=26.466
After sweep 5 energy=-95.1186900710079  maxlinkdim=261 maxerr=9.98E-10 time=18.880
After sweep 6 energy=-95.11868941220764  maxlinkdim=255 maxerr=9.86E-10 time=14.112
After sweep 7 energy=-95.11868897043757  maxlinkdim=249 maxerr=9.89E-10 time=13.892
After sweep 8 energy=-95.11868880784608  maxlinkdim=246 maxerr=9.91E-10 time=14.688
Energy difference less than 5.0e-5, stopping DMRG
20/31
After sweep 1 energy=-115.99153011280424  maxlinkdim=246 maxerr=5.60E-07 time=22.418
After sweep 2 energy=-115.99173851265988  maxlinkdim=246 maxerr=5.93E-07 time=23.557
After sweep 3 energy=-115.99174024905486  maxlinkdim=246 maxerr=5.96E-07 time=22.708
After sweep 4 energy=-115.99193050515298  maxlinkdim=492 maxerr=1.49E-08 time=28.931
After sweep 5 energy=-115.99193630875415  maxlinkdim=281 maxerr=9.86E-10 time=20.358
After sweep 6 energy=-115.99193575375534  maxlinkdim=272 maxerr=9.97E-10 time=15.709
After sweep 7 energy=-115.99193540641367  maxlinkdim=272 maxerr=9.99E-10 time=15.175
After sweep 8 energy=-115.99193534977206  maxlinkdim=266 maxerr=9.91E-10 time=14.944
Energy difference less than 5.0e-5, stopping DMRG
21/31
After sweep 1 energy=-139.60749059220106  maxlinkdim=256 maxerr=5.96E-07 time=22.668
After sweep 2 energy=-139.60763898456977  maxlinkdim=256 maxerr=6.35E-07 time=25.543
After sweep 3 energy=-139.60763874963425  maxlinkdim=256 maxerr=6.39E-07 time=24.746
After sweep 4 energy=-139.6078498194913  maxlinkdim=512 maxerr=1.58E-08 time=32.063
After sweep 5 energy=-139.60785608737214  maxlinkdim=302 maxerr=9.91E-10 time=22.103
After sweep 6 energy=-139.60785577762883  maxlinkdim=294 maxerr=9.96E-10 time=16.827
After sweep 7 energy=-139.60785554677116  maxlinkdim=290 maxerr=9.74E-10 time=17.599
After sweep 8 energy=-139.6078555294215  maxlinkdim=286 maxerr=1.00E-09 time=17.544
Energy difference less than 5.0e-5, stopping DMRG
22/31
After sweep 1 energy=-166.65354423549425  maxlinkdim=256 maxerr=7.64E-07 time=24.861
After sweep 2 energy=-166.65361054002832  maxlinkdim=256 maxerr=7.91E-07 time=25.069
After sweep 3 energy=-166.65360991321273  maxlinkdim=256 maxerr=7.92E-07 time=24.961
After sweep 4 energy=-166.65389394951706  maxlinkdim=512 maxerr=2.09E-08 time=34.848
After sweep 5 energy=-166.65390256697265  maxlinkdim=318 maxerr=9.97E-10 time=23.494
After sweep 6 energy=-166.6539023550765  maxlinkdim=313 maxerr=9.97E-10 time=18.696
After sweep 7 energy=-166.65390208334867  maxlinkdim=306 maxerr=9.99E-10 time=18.011
After sweep 8 energy=-166.65390190513963  maxlinkdim=304 maxerr=9.97E-10 time=18.040
Energy difference less than 5.0e-5, stopping DMRG
23/31
After sweep 1 energy=-198.08773997458843  maxlinkdim=256 maxerr=9.43E-07 time=25.950
After sweep 2 energy=-198.08777473725704  maxlinkdim=256 maxerr=9.66E-07 time=25.625
After sweep 3 energy=-198.0877748249758  maxlinkdim=256 maxerr=9.65E-07 time=25.270
After sweep 4 energy=-198.08814819005462  maxlinkdim=512 maxerr=2.66E-08 time=35.291
After sweep 5 energy=-198.0881595776666  maxlinkdim=329 maxerr=9.96E-10 time=25.382
After sweep 6 energy=-198.08815954513565  maxlinkdim=327 maxerr=9.88E-10 time=20.425
After sweep 7 energy=-198.08815931699266  maxlinkdim=324 maxerr=9.92E-10 time=19.920
After sweep 8 energy=-198.0881592626012  maxlinkdim=322 maxerr=9.97E-10 time=19.347
Energy difference less than 5.0e-5, stopping DMRG
24/31
After sweep 1 energy=-235.29051543750677  maxlinkdim=256 maxerr=1.15E-06 time=26.714
After sweep 2 energy=-235.29053439109398  maxlinkdim=256 maxerr=1.16E-06 time=25.457
After sweep 3 energy=-235.29053426491367  maxlinkdim=256 maxerr=1.16E-06 time=25.613
After sweep 4 energy=-235.29102280907708  maxlinkdim=512 maxerr=3.36E-08 time=36.106
After sweep 5 energy=-235.29103795540638  maxlinkdim=346 maxerr=1.00E-09 time=26.922
After sweep 6 energy=-235.29103789363955  maxlinkdim=343 maxerr=9.97E-10 time=21.387
After sweep 7 energy=-235.29103778689154  maxlinkdim=341 maxerr=9.96E-10 time=21.053
After sweep 8 energy=-235.29103769402911  maxlinkdim=338 maxerr=9.88E-10 time=21.117
Energy difference less than 5.0e-5, stopping DMRG
25/31
After sweep 1 energy=-280.33035473666865  maxlinkdim=256 maxerr=1.35E-06 time=28.013
After sweep 2 energy=-280.33036707208197  maxlinkdim=256 maxerr=1.36E-06 time=26.395
After sweep 3 energy=-280.3303672471515  maxlinkdim=256 maxerr=1.36E-06 time=26.754
After sweep 4 energy=-280.3310036499237  maxlinkdim=512 maxerr=4.11E-08 time=37.661
After sweep 5 energy=-280.33102335931244  maxlinkdim=362 maxerr=9.98E-10 time=27.234
After sweep 6 energy=-280.33102321920455  maxlinkdim=359 maxerr=9.92E-10 time=22.981
After sweep 7 energy=-280.3310231228617  maxlinkdim=357 maxerr=9.99E-10 time=23.598
After sweep 8 energy=-280.3310230833104  maxlinkdim=355 maxerr=9.95E-10 time=23.426
Energy difference less than 5.0e-5, stopping DMRG
26/31
After sweep 1 energy=-336.45764148248435  maxlinkdim=256 maxerr=1.56E-06 time=29.945
After sweep 2 energy=-336.4576488149285  maxlinkdim=256 maxerr=1.56E-06 time=27.206
After sweep 3 energy=-336.4576489450991  maxlinkdim=256 maxerr=1.56E-06 time=27.487
After sweep 4 energy=-336.45847009617415  maxlinkdim=512 maxerr=4.92E-08 time=39.429
After sweep 5 energy=-336.4584968200114  maxlinkdim=378 maxerr=1.00E-09 time=29.586
After sweep 6 energy=-336.4584967353748  maxlinkdim=374 maxerr=9.95E-10 time=25.574
After sweep 7 energy=-336.4584967237911  maxlinkdim=373 maxerr=1.00E-09 time=24.106
After sweep 8 energy=-336.45849667828446  maxlinkdim=372 maxerr=9.92E-10 time=25.557
Energy difference less than 5.0e-5, stopping DMRG
27/31
After sweep 1 energy=-409.09254517841237  maxlinkdim=256 maxerr=1.76E-06 time=29.367
After sweep 2 energy=-409.09254728458876  maxlinkdim=256 maxerr=1.75E-06 time=27.085
After sweep 3 energy=-409.0925473372938  maxlinkdim=256 maxerr=1.75E-06 time=27.035
After sweep 4 energy=-409.09366227909004  maxlinkdim=512 maxerr=5.73E-08 time=39.772
After sweep 5 energy=-409.09369752316513  maxlinkdim=390 maxerr=9.88E-10 time=31.306
After sweep 6 energy=-409.0936973102784  maxlinkdim=387 maxerr=9.95E-10 time=25.328
After sweep 7 energy=-409.0936972738597  maxlinkdim=386 maxerr=9.98E-10 time=25.453
After sweep 8 energy=-409.0936972720964  maxlinkdim=386 maxerr=9.96E-10 time=24.823
Energy difference less than 5.0e-5, stopping DMRG
28/31
After sweep 1 energy=-507.99909618401216  maxlinkdim=256 maxerr=1.95E-06 time=29.718
After sweep 2 energy=-507.99909726744465  maxlinkdim=256 maxerr=1.94E-06 time=29.058
After sweep 3 energy=-507.99909729418755  maxlinkdim=256 maxerr=1.94E-06 time=28.108
After sweep 4 energy=-508.00053682303155  maxlinkdim=512 maxerr=6.53E-08 time=41.287
After sweep 5 energy=-508.0005845965828  maxlinkdim=401 maxerr=9.98E-10 time=30.919
After sweep 6 energy=-508.00058446352824  maxlinkdim=397 maxerr=9.93E-10 time=26.866
After sweep 7 energy=-508.0005844455442  maxlinkdim=396 maxerr=9.92E-10 time=27.682
After sweep 8 energy=-508.0005844462285  maxlinkdim=396 maxerr=9.89E-10 time=26.655
Energy difference less than 5.0e-5, stopping DMRG
29/31
After sweep 1 energy=-652.7197848247317  maxlinkdim=256 maxerr=2.12E-06 time=29.618
After sweep 2 energy=-652.7197858077465  maxlinkdim=256 maxerr=2.11E-06 time=28.898
After sweep 3 energy=-652.7197858171874  maxlinkdim=256 maxerr=2.11E-06 time=28.280
After sweep 4 energy=-652.7217241964124  maxlinkdim=512 maxerr=7.26E-08 time=40.511
After sweep 5 energy=-652.7217904563994  maxlinkdim=409 maxerr=9.97E-10 time=31.662
After sweep 6 energy=-652.721790073281  maxlinkdim=407 maxerr=9.92E-10 time=25.659
After sweep 7 energy=-652.7217900531103  maxlinkdim=406 maxerr=9.96E-10 time=27.124
After sweep 8 energy=-652.7217900533317  maxlinkdim=406 maxerr=9.92E-10 time=27.699
Energy difference less than 5.0e-5, stopping DMRG
30/31
After sweep 1 energy=-888.8807534219204  maxlinkdim=256 maxerr=2.27E-06 time=30.745
After sweep 2 energy=-888.8807543680904  maxlinkdim=256 maxerr=2.25E-06 time=28.921
After sweep 3 energy=-888.8807543639324  maxlinkdim=256 maxerr=2.25E-06 time=28.988
After sweep 4 energy=-888.883460057575  maxlinkdim=512 maxerr=7.89E-08 time=41.221
After sweep 5 energy=-888.8835556548701  maxlinkdim=416 maxerr=9.94E-10 time=32.818
After sweep 6 energy=-888.8835554735689  maxlinkdim=413 maxerr=9.93E-10 time=28.104
After sweep 7 energy=-888.8835554757452  maxlinkdim=413 maxerr=9.87E-10 time=28.488
After sweep 8 energy=-888.8835554794771  maxlinkdim=413 maxerr=9.84E-10 time=27.393
Energy difference less than 5.0e-5, stopping DMRG
31/31
After sweep 1 energy=-1353.4104556183577  maxlinkdim=256 maxerr=2.38E-06 time=29.226
After sweep 2 energy=-1353.410456339956  maxlinkdim=256 maxerr=2.36E-06 time=27.214
After sweep 3 energy=-1353.4104563829171  maxlinkdim=256 maxerr=2.36E-06 time=27.257
After sweep 4 energy=-1353.4147709247945  maxlinkdim=512 maxerr=8.38E-08 time=40.965
After sweep 5 energy=-1353.4149233869089  maxlinkdim=419 maxerr=9.99E-10 time=32.408
After sweep 6 energy=-1353.414923224179  maxlinkdim=417 maxerr=9.97E-10 time=28.343
After sweep 7 energy=-1353.4149231878341  maxlinkdim=416 maxerr=9.98E-10 time=27.804
After sweep 8 energy=-1353.4149231825277  maxlinkdim=416 maxerr=9.97E-10 time=27.656
Energy difference less than 5.0e-5, stopping DMRG
Using a 4 by 6 lattice:
1/31
After sweep 1 energy=108.94158656391313  maxlinkdim=30 maxerr=1.02E-07 time=15.423
After sweep 2 energy=108.40042768385095  maxlinkdim=30 maxerr=1.29E-05 time=1.366
After sweep 3 energy=108.2963113293867  maxlinkdim=30 maxerr=2.77E-05 time=1.271
After sweep 4 energy=108.10358796524031  maxlinkdim=60 maxerr=2.50E-07 time=1.813
After sweep 5 energy=108.07721606010148  maxlinkdim=60 maxerr=9.47E-07 time=3.020
After sweep 6 energy=108.07421350463981  maxlinkdim=60 maxerr=1.14E-06 time=2.528
After sweep 7 energy=108.07030073898231  maxlinkdim=185 maxerr=9.91E-10 time=4.977
After sweep 8 energy=108.06965528405851  maxlinkdim=210 maxerr=9.96E-10 time=7.727
After sweep 9 energy=108.06964273158783  maxlinkdim=213 maxerr=9.96E-10 time=7.839
After sweep 10 energy=108.0696416838793  maxlinkdim=212 maxerr=9.96E-10 time=7.573
After sweep 11 energy=108.06964142083682  maxlinkdim=212 maxerr=9.97E-10 time=7.778
After sweep 12 energy=108.06964131042517  maxlinkdim=211 maxerr=9.85E-10 time=8.032
After sweep 13 energy=108.06964124367755  maxlinkdim=211 maxerr=9.97E-10 time=7.782
After sweep 14 energy=108.06964122907405  maxlinkdim=212 maxerr=9.94E-10 time=8.182
After sweep 15 energy=108.06964118861187  maxlinkdim=212 maxerr=9.93E-10 time=7.712
After sweep 16 energy=108.06964039352806  maxlinkdim=72 maxerr=9.81E-10 time=4.151
After sweep 17 energy=108.06964181074272  maxlinkdim=70 maxerr=9.94E-10 time=2.409
After sweep 18 energy=108.06964260857943  maxlinkdim=69 maxerr=9.84E-10 time=2.339
After sweep 19 energy=108.06964295527791  maxlinkdim=68 maxerr=9.59E-10 time=2.387
After sweep 20 energy=108.06964296736021  maxlinkdim=68 maxerr=6.02E-10 time=2.393
After sweep 21 energy=108.06964296586175  maxlinkdim=68 maxerr=5.67E-10 time=2.386
After sweep 22 energy=108.06964297147843  maxlinkdim=68 maxerr=5.02E-10 time=2.448
After sweep 23 energy=108.06964305462407  maxlinkdim=68 maxerr=9.83E-10 time=2.401
After sweep 24 energy=108.06964311167168  maxlinkdim=68 maxerr=9.34E-10 time=2.401
After sweep 25 energy=108.0696432586446  maxlinkdim=68 maxerr=9.99E-10 time=2.393
After sweep 26 energy=108.0696432697567  maxlinkdim=68 maxerr=4.26E-10 time=2.392
After sweep 27 energy=108.06964327981315  maxlinkdim=68 maxerr=3.95E-10 time=2.406
After sweep 28 energy=108.06964328850512  maxlinkdim=68 maxerr=4.13E-10 time=2.407
After sweep 29 energy=108.0696432974984  maxlinkdim=68 maxerr=4.28E-10 time=2.419
After sweep 30 energy=108.0696434153477  maxlinkdim=68 maxerr=9.89E-10 time=2.417
After sweep 31 energy=108.06964345935766  maxlinkdim=68 maxerr=8.87E-10 time=2.349
After sweep 32 energy=108.06964346543286  maxlinkdim=68 maxerr=8.49E-10 time=2.499
After sweep 33 energy=108.06964347008432  maxlinkdim=68 maxerr=5.38E-10 time=2.394
After sweep 34 energy=108.0696434728359  maxlinkdim=68 maxerr=4.54E-10 time=2.395
After sweep 35 energy=108.0696434769352  maxlinkdim=68 maxerr=4.30E-10 time=2.348
After sweep 36 energy=108.06964347650701  maxlinkdim=68 maxerr=4.07E-10 time=2.392
After sweep 37 energy=108.06964347695092  maxlinkdim=68 maxerr=3.89E-10 time=2.505
After sweep 38 energy=108.06964347495648  maxlinkdim=68 maxerr=3.87E-10 time=2.396
After sweep 39 energy=108.06964347359082  maxlinkdim=68 maxerr=3.90E-10 time=2.365
After sweep 40 energy=108.06964366183195  maxlinkdim=68 maxerr=9.97E-10 time=2.438
After sweep 41 energy=108.06964382757306  maxlinkdim=68 maxerr=9.96E-10 time=2.376
Energy difference less than 5.0e-5, stopping DMRG
2/31
After sweep 1 energy=100.63185088959267  maxlinkdim=68 maxerr=1.64E-06 time=3.703
After sweep 2 energy=100.63151676382464  maxlinkdim=68 maxerr=1.42E-06 time=3.552
After sweep 3 energy=100.63151027854997  maxlinkdim=68 maxerr=1.33E-06 time=3.618
After sweep 4 energy=100.63070337467875  maxlinkdim=136 maxerr=2.48E-08 time=5.385
After sweep 5 energy=100.63067757306769  maxlinkdim=70 maxerr=9.93E-10 time=3.793
After sweep 6 energy=100.63067600506838  maxlinkdim=70 maxerr=9.53E-10 time=2.505
After sweep 7 energy=100.63067591049162  maxlinkdim=69 maxerr=9.35E-10 time=2.466
After sweep 8 energy=100.63067598126405  maxlinkdim=69 maxerr=9.96E-10 time=2.512
Energy difference less than 5.0e-5, stopping DMRG
3/31
After sweep 1 energy=92.90095266091643  maxlinkdim=69 maxerr=1.80E-06 time=4.024
After sweep 2 energy=92.90056283776067  maxlinkdim=69 maxerr=1.64E-06 time=3.738
After sweep 3 energy=92.90055295321903  maxlinkdim=69 maxerr=1.80E-06 time=3.990
After sweep 4 energy=92.89950924521621  maxlinkdim=138 maxerr=2.80E-08 time=5.688
After sweep 5 energy=92.89946568782865  maxlinkdim=74 maxerr=9.69E-10 time=4.123
After sweep 6 energy=92.8994606823615  maxlinkdim=73 maxerr=9.78E-10 time=2.789
After sweep 7 energy=92.89945933409354  maxlinkdim=72 maxerr=9.12E-10 time=2.629
After sweep 8 energy=92.89945893533213  maxlinkdim=72 maxerr=8.15E-10 time=2.602
Energy difference less than 5.0e-5, stopping DMRG
4/31
After sweep 1 energy=84.84485596984895  maxlinkdim=72 maxerr=1.75E-06 time=3.980
After sweep 2 energy=84.84468077795869  maxlinkdim=72 maxerr=1.69E-06 time=4.161
After sweep 3 energy=84.84467319638294  maxlinkdim=72 maxerr=1.66E-06 time=4.207
After sweep 4 energy=84.8435953864014  maxlinkdim=144 maxerr=3.46E-08 time=6.724
After sweep 5 energy=84.8435502261979  maxlinkdim=82 maxerr=9.99E-10 time=4.846
After sweep 6 energy=84.84354408491568  maxlinkdim=80 maxerr=9.97E-10 time=3.248
After sweep 7 energy=84.84354415622556  maxlinkdim=79 maxerr=9.97E-10 time=2.946
After sweep 8 energy=84.84354429299039  maxlinkdim=79 maxerr=9.88E-10 time=3.144
Energy difference less than 5.0e-5, stopping DMRG
5/31
After sweep 1 energy=76.4280484209664  maxlinkdim=79 maxerr=1.52E-06 time=4.640
After sweep 2 energy=76.4277269001652  maxlinkdim=79 maxerr=1.47E-06 time=4.982
After sweep 3 energy=76.42772986621652  maxlinkdim=79 maxerr=1.50E-06 time=5.288
After sweep 4 energy=76.42652042836026  maxlinkdim=158 maxerr=2.98E-08 time=7.346
After sweep 5 energy=76.42648253956942  maxlinkdim=87 maxerr=9.98E-10 time=5.316
After sweep 6 energy=76.4264805802045  maxlinkdim=87 maxerr=9.85E-10 time=3.586
After sweep 7 energy=76.42648164575485  maxlinkdim=84 maxerr=9.72E-10 time=3.112
After sweep 8 energy=76.42648208288838  maxlinkdim=83 maxerr=9.98E-10 time=3.294
Energy difference less than 5.0e-5, stopping DMRG
6/31
After sweep 1 energy=67.6088922327763  maxlinkdim=83 maxerr=1.40E-06 time=5.188
After sweep 2 energy=67.6086514062137  maxlinkdim=83 maxerr=1.41E-06 time=5.482
After sweep 3 energy=67.60866007516718  maxlinkdim=83 maxerr=1.44E-06 time=5.456
After sweep 4 energy=67.60733853831181  maxlinkdim=166 maxerr=3.17E-08 time=8.193
After sweep 5 energy=67.60729458143756  maxlinkdim=94 maxerr=9.90E-10 time=5.765
After sweep 6 energy=67.60729120858707  maxlinkdim=93 maxerr=9.77E-10 time=4.038
After sweep 7 energy=67.60729172064978  maxlinkdim=91 maxerr=9.85E-10 time=3.880
After sweep 8 energy=67.60729222600321  maxlinkdim=90 maxerr=9.78E-10 time=3.773
Energy difference less than 5.0e-5, stopping DMRG
7/31
After sweep 1 energy=58.34094136496888  maxlinkdim=90 maxerr=1.36E-06 time=5.749
After sweep 2 energy=58.34057237469407  maxlinkdim=90 maxerr=1.33E-06 time=6.619
After sweep 3 energy=58.34056719464193  maxlinkdim=90 maxerr=1.31E-06 time=6.458
After sweep 4 energy=58.33965500428116  maxlinkdim=180 maxerr=3.14E-08 time=9.381
After sweep 5 energy=58.33961886600418  maxlinkdim=105 maxerr=9.78E-10 time=7.160
After sweep 6 energy=58.33961750294808  maxlinkdim=102 maxerr=9.87E-10 time=4.747
After sweep 7 energy=58.33961804097793  maxlinkdim=99 maxerr=9.19E-10 time=4.469
After sweep 8 energy=58.33961867976632  maxlinkdim=97 maxerr=9.79E-10 time=4.214
Energy difference less than 5.0e-5, stopping DMRG
8/31
After sweep 1 energy=48.5721790153532  maxlinkdim=97 maxerr=1.28E-06 time=7.022
After sweep 2 energy=48.57170529007284  maxlinkdim=97 maxerr=1.36E-06 time=8.326
After sweep 3 energy=48.57169573542191  maxlinkdim=97 maxerr=1.32E-06 time=7.378
After sweep 4 energy=48.57084220243546  maxlinkdim=194 maxerr=3.04E-08 time=11.489
After sweep 5 energy=48.570783928231926  maxlinkdim=116 maxerr=9.86E-10 time=8.895
After sweep 6 energy=48.57078242622757  maxlinkdim=115 maxerr=9.81E-10 time=5.885
After sweep 7 energy=48.57078320380541  maxlinkdim=113 maxerr=9.92E-10 time=5.435
After sweep 8 energy=48.57078416997039  maxlinkdim=111 maxerr=9.99E-10 time=5.359
Energy difference less than 5.0e-5, stopping DMRG
9/31
After sweep 1 energy=38.24201227942633  maxlinkdim=111 maxerr=1.10E-06 time=8.678
After sweep 2 energy=38.24168919471672  maxlinkdim=111 maxerr=1.20E-06 time=10.117
After sweep 3 energy=38.24166693308364  maxlinkdim=111 maxerr=1.21E-06 time=9.770
After sweep 4 energy=38.240780485830726  maxlinkdim=222 maxerr=2.49E-08 time=14.237
After sweep 5 energy=38.24075378711239  maxlinkdim=129 maxerr=9.84E-10 time=10.964
After sweep 6 energy=38.24075472474948  maxlinkdim=123 maxerr=9.99E-10 time=6.726
After sweep 7 energy=38.240755725461895  maxlinkdim=121 maxerr=9.67E-10 time=6.412
After sweep 8 energy=38.240756392192  maxlinkdim=121 maxerr=9.84E-10 time=6.267
Energy difference less than 5.0e-5, stopping DMRG
10/31
After sweep 1 energy=27.28208132215167  maxlinkdim=121 maxerr=1.08E-06 time=10.756
After sweep 2 energy=27.28163983238224  maxlinkdim=121 maxerr=1.10E-06 time=11.743
After sweep 3 energy=27.281618797460684  maxlinkdim=121 maxerr=1.12E-06 time=11.606
After sweep 4 energy=27.280740090779258  maxlinkdim=242 maxerr=2.48E-08 time=16.232
After sweep 5 energy=27.28071521069477  maxlinkdim=141 maxerr=9.91E-10 time=11.832
After sweep 6 energy=27.28071551875746  maxlinkdim=135 maxerr=9.93E-10 time=7.746
After sweep 7 energy=27.280716572427462  maxlinkdim=131 maxerr=9.84E-10 time=7.730
After sweep 8 energy=27.28071724650815  maxlinkdim=130 maxerr=9.96E-10 time=7.316
Energy difference less than 5.0e-5, stopping DMRG
11/31
After sweep 1 energy=15.612328755149298  maxlinkdim=130 maxerr=9.07E-07 time=11.815
After sweep 2 energy=15.611606494229395  maxlinkdim=130 maxerr=1.05E-06 time=14.052
After sweep 3 energy=15.611580089215979  maxlinkdim=130 maxerr=1.04E-06 time=13.983
After sweep 4 energy=15.610875028640114  maxlinkdim=260 maxerr=2.60E-08 time=19.942
After sweep 5 energy=15.610847997755995  maxlinkdim=151 maxerr=9.95E-10 time=13.820
After sweep 6 energy=15.610848834391549  maxlinkdim=146 maxerr=9.98E-10 time=8.796
After sweep 7 energy=15.61084999027062  maxlinkdim=142 maxerr=9.97E-10 time=8.887
After sweep 8 energy=15.610850936288676  maxlinkdim=139 maxerr=9.97E-10 time=8.098
Energy difference less than 5.0e-5, stopping DMRG
12/31
After sweep 1 energy=3.1395194652166465  maxlinkdim=139 maxerr=9.35E-07 time=13.389
After sweep 2 energy=3.138948633580819  maxlinkdim=139 maxerr=1.02E-06 time=14.860
After sweep 3 energy=3.1389189316672113  maxlinkdim=139 maxerr=1.06E-06 time=16.319
After sweep 4 energy=3.138236305477432  maxlinkdim=278 maxerr=2.75E-08 time=22.105
After sweep 5 energy=3.138209638937931  maxlinkdim=162 maxerr=9.98E-10 time=16.075
After sweep 6 energy=3.138210312825322  maxlinkdim=157 maxerr=9.94E-10 time=10.517
After sweep 7 energy=3.1382113884016545  maxlinkdim=154 maxerr=9.98E-10 time=9.940
After sweep 8 energy=3.1382120466079155  maxlinkdim=152 maxerr=9.77E-10 time=9.907
Energy difference less than 5.0e-5, stopping DMRG
13/31
After sweep 1 energy=-10.244788508631748  maxlinkdim=152 maxerr=8.84E-07 time=15.925
After sweep 2 energy=-10.245871305400707  maxlinkdim=152 maxerr=9.05E-07 time=17.646
After sweep 3 energy=-10.245908138397798  maxlinkdim=152 maxerr=9.77E-07 time=18.196
After sweep 4 energy=-10.246432016346821  maxlinkdim=304 maxerr=2.54E-08 time=23.679
After sweep 5 energy=-10.24645488493411  maxlinkdim=178 maxerr=9.89E-10 time=18.043
After sweep 6 energy=-10.246453735713658  maxlinkdim=171 maxerr=9.95E-10 time=12.986
After sweep 7 energy=-10.246452905985567  maxlinkdim=167 maxerr=9.92E-10 time=11.032
After sweep 8 energy=-10.246451976087124  maxlinkdim=164 maxerr=9.99E-10 time=12.324
Energy difference less than 5.0e-5, stopping DMRG
14/31
After sweep 1 energy=-24.671407275306404  maxlinkdim=164 maxerr=8.23E-07 time=17.802
After sweep 2 energy=-24.67215460723685  maxlinkdim=164 maxerr=9.05E-07 time=21.535
After sweep 3 energy=-24.67219907336669  maxlinkdim=164 maxerr=9.39E-07 time=20.544
After sweep 4 energy=-24.67273837680563  maxlinkdim=328 maxerr=2.44E-08 time=27.572
After sweep 5 energy=-24.672762480370483  maxlinkdim=193 maxerr=9.86E-10 time=19.941
After sweep 6 energy=-24.672761820583123  maxlinkdim=189 maxerr=9.88E-10 time=15.052
After sweep 7 energy=-24.67276098460792  maxlinkdim=184 maxerr=9.90E-10 time=14.567
After sweep 8 energy=-24.672760022848706  maxlinkdim=182 maxerr=9.91E-10 time=13.547
Energy difference less than 5.0e-5, stopping DMRG
15/31
After sweep 1 energy=-40.29475079006311  maxlinkdim=182 maxerr=7.58E-07 time=21.728
After sweep 2 energy=-40.295508373668845  maxlinkdim=182 maxerr=8.11E-07 time=24.887
After sweep 3 energy=-40.29553632291284  maxlinkdim=182 maxerr=8.24E-07 time=23.881
After sweep 4 energy=-40.2960127767689  maxlinkdim=364 maxerr=1.99E-08 time=32.581
After sweep 5 energy=-40.2960336720123  maxlinkdim=215 maxerr=9.99E-10 time=24.527
After sweep 6 energy=-40.29603257946544  maxlinkdim=207 maxerr=9.86E-10 time=16.793
After sweep 7 energy=-40.29603175480457  maxlinkdim=202 maxerr=9.99E-10 time=16.254
After sweep 8 energy=-40.296031190018795  maxlinkdim=200 maxerr=9.96E-10 time=16.022
Energy difference less than 5.0e-5, stopping DMRG
16/31
After sweep 1 energy=-57.303181258959405  maxlinkdim=200 maxerr=5.99E-07 time=25.533
After sweep 2 energy=-57.30396212989797  maxlinkdim=200 maxerr=7.23E-07 time=28.663
After sweep 3 energy=-57.303986262397345  maxlinkdim=200 maxerr=7.32E-07 time=27.103
After sweep 4 energy=-57.30444295363402  maxlinkdim=400 maxerr=1.80E-08 time=35.993
After sweep 5 energy=-57.30446170158077  maxlinkdim=230 maxerr=9.95E-10 time=27.651
After sweep 6 energy=-57.30446063947658  maxlinkdim=226 maxerr=9.98E-10 time=19.474
After sweep 7 energy=-57.30446004026862  maxlinkdim=224 maxerr=9.91E-10 time=18.005
After sweep 8 energy=-57.30445907178974  maxlinkdim=220 maxerr=9.98E-10 time=18.308
Energy difference less than 5.0e-5, stopping DMRG
17/31
After sweep 1 energy=-75.92776537043235  maxlinkdim=220 maxerr=5.56E-07 time=28.571
After sweep 2 energy=-75.92848609579502  maxlinkdim=220 maxerr=6.10E-07 time=32.124
After sweep 3 energy=-75.92851444698795  maxlinkdim=220 maxerr=6.32E-07 time=33.692
After sweep 4 energy=-75.92894274158162  maxlinkdim=440 maxerr=1.53E-08 time=43.373
After sweep 5 energy=-75.92895914333958  maxlinkdim=252 maxerr=1.00E-09 time=30.108
After sweep 6 energy=-75.92895826948097  maxlinkdim=245 maxerr=9.98E-10 time=23.048
After sweep 7 energy=-75.92895763509128  maxlinkdim=240 maxerr=9.89E-10 time=20.884
After sweep 8 energy=-75.92895732479448  maxlinkdim=239 maxerr=9.98E-10 time=21.181
Energy difference less than 5.0e-5, stopping DMRG
18/31
After sweep 1 energy=-96.45596834248506  maxlinkdim=239 maxerr=4.94E-07 time=34.456
After sweep 2 energy=-96.45656169133113  maxlinkdim=239 maxerr=5.66E-07 time=36.448
After sweep 3 energy=-96.45658733392877  maxlinkdim=239 maxerr=5.92E-07 time=36.732
After sweep 4 energy=-96.4570109935119  maxlinkdim=478 maxerr=1.35E-08 time=47.557
After sweep 5 energy=-96.45702754713021  maxlinkdim=275 maxerr=9.97E-10 time=34.611
After sweep 6 energy=-96.45702646544791  maxlinkdim=268 maxerr=9.98E-10 time=24.956
After sweep 7 energy=-96.45702586674278  maxlinkdim=261 maxerr=9.97E-10 time=24.276
After sweep 8 energy=-96.45702551682511  maxlinkdim=258 maxerr=9.99E-10 time=23.917
Energy difference less than 5.0e-5, stopping DMRG
19/31
After sweep 1 energy=-119.2516776693748  maxlinkdim=256 maxerr=4.65E-07 time=38.511
After sweep 2 energy=-119.25234204752036  maxlinkdim=256 maxerr=5.68E-07 time=41.736
After sweep 3 energy=-119.2523555059804  maxlinkdim=256 maxerr=5.87E-07 time=41.859
After sweep 4 energy=-119.25277832015628  maxlinkdim=512 maxerr=1.31E-08 time=56.135
After sweep 5 energy=-119.2527940157481  maxlinkdim=289 maxerr=9.96E-10 time=40.404
After sweep 6 energy=-119.2527931040014  maxlinkdim=283 maxerr=9.98E-10 time=28.659
After sweep 7 energy=-119.25279255582109  maxlinkdim=278 maxerr=9.94E-10 time=26.986
After sweep 8 energy=-119.25279202836785  maxlinkdim=275 maxerr=9.98E-10 time=26.726
Energy difference less than 5.0e-5, stopping DMRG
20/31
After sweep 1 energy=-144.78556100411163  maxlinkdim=256 maxerr=6.73E-07 time=40.065
After sweep 2 energy=-144.78604052314404  maxlinkdim=256 maxerr=7.35E-07 time=43.992
After sweep 3 energy=-144.78606009171742  maxlinkdim=256 maxerr=7.61E-07 time=42.824
After sweep 4 energy=-144.78664001648056  maxlinkdim=512 maxerr=1.86E-08 time=59.483
After sweep 5 energy=-144.78666205072318  maxlinkdim=313 maxerr=9.99E-10 time=43.259
After sweep 6 energy=-144.78666138971744  maxlinkdim=302 maxerr=9.89E-10 time=30.159
After sweep 7 energy=-144.7866609865854  maxlinkdim=299 maxerr=1.00E-09 time=30.292
After sweep 8 energy=-144.78666043040616  maxlinkdim=296 maxerr=9.94E-10 time=30.227
Energy difference less than 5.0e-5, stopping DMRG
21/31
After sweep 1 energy=-173.679155026362  maxlinkdim=256 maxerr=8.82E-07 time=43.330
After sweep 2 energy=-173.67941118028153  maxlinkdim=256 maxerr=9.63E-07 time=44.918
After sweep 3 energy=-173.67941160319285  maxlinkdim=256 maxerr=9.65E-07 time=43.401
After sweep 4 energy=-173.68018502508323  maxlinkdim=512 maxerr=2.55E-08 time=61.318
After sweep 5 energy=-173.68021528228675  maxlinkdim=331 maxerr=9.97E-10 time=46.500
After sweep 6 energy=-173.6802148135066  maxlinkdim=326 maxerr=9.89E-10 time=34.208
After sweep 7 energy=-173.68021428480435  maxlinkdim=320 maxerr=9.96E-10 time=33.629
After sweep 8 energy=-173.6802139734019  maxlinkdim=316 maxerr=9.97E-10 time=32.268
Energy difference less than 5.0e-5, stopping DMRG
22/31
After sweep 1 energy=-206.77480318553933  maxlinkdim=256 maxerr=1.14E-06 time=44.196
After sweep 2 energy=-206.77493880046342  maxlinkdim=256 maxerr=1.20E-06 time=44.689
After sweep 3 energy=-206.77494481872048  maxlinkdim=256 maxerr=1.20E-06 time=43.787
After sweep 4 energy=-206.77596282787496  maxlinkdim=512 maxerr=3.40E-08 time=64.754
After sweep 5 energy=-206.7760024033245  maxlinkdim=361 maxerr=9.95E-10 time=50.293
After sweep 6 energy=-206.77600201787322  maxlinkdim=356 maxerr=9.98E-10 time=40.121
After sweep 7 energy=-206.77600153791934  maxlinkdim=350 maxerr=1.00E-09 time=39.230
After sweep 8 energy=-206.77600124927122  maxlinkdim=343 maxerr=9.94E-10 time=38.305
Energy difference less than 5.0e-5, stopping DMRG
23/31
After sweep 1 energy=-245.24799173558426  maxlinkdim=256 maxerr=1.42E-06 time=47.390
After sweep 2 energy=-245.24805529304098  maxlinkdim=256 maxerr=1.47E-06 time=46.820
After sweep 3 energy=-245.24805779234944  maxlinkdim=256 maxerr=1.47E-06 time=46.830
After sweep 4 energy=-245.24938682294504  maxlinkdim=512 maxerr=4.33E-08 time=67.756
After sweep 5 energy=-245.24944016048772  maxlinkdim=378 maxerr=1.00E-09 time=57.243
After sweep 6 energy=-245.24943997563247  maxlinkdim=375 maxerr=9.99E-10 time=44.811
After sweep 7 energy=-245.24943953653008  maxlinkdim=372 maxerr=9.96E-10 time=44.471
After sweep 8 energy=-245.2494393800017  maxlinkdim=366 maxerr=9.98E-10 time=43.485
Energy difference less than 5.0e-5, stopping DMRG
24/31
After sweep 1 energy=-290.79358475639475  maxlinkdim=256 maxerr=1.69E-06 time=50.421
After sweep 2 energy=-290.7936150683743  maxlinkdim=256 maxerr=1.76E-06 time=46.691
After sweep 3 energy=-290.79361644434164  maxlinkdim=256 maxerr=1.77E-06 time=46.293
After sweep 4 energy=-290.7953425946357  maxlinkdim=512 maxerr=5.44E-08 time=71.662
After sweep 5 energy=-290.79541308445636  maxlinkdim=398 maxerr=9.96E-10 time=59.263
After sweep 6 energy=-290.795413116963  maxlinkdim=396 maxerr=9.98E-10 time=48.465
After sweep 7 energy=-290.79541292906026  maxlinkdim=394 maxerr=1.00E-09 time=48.075
After sweep 8 energy=-290.79541246669265  maxlinkdim=391 maxerr=9.96E-10 time=47.651
Energy difference less than 5.0e-5, stopping DMRG
25/31
After sweep 1 energy=-345.95257904504035  maxlinkdim=256 maxerr=2.07E-06 time=53.261
After sweep 2 energy=-345.95258336910007  maxlinkdim=256 maxerr=2.08E-06 time=47.671
After sweep 3 energy=-345.95258316994574  maxlinkdim=256 maxerr=2.08E-06 time=47.824
After sweep 4 energy=-345.9547535771135  maxlinkdim=512 maxerr=6.74E-08 time=76.441
After sweep 5 energy=-345.9548444353652  maxlinkdim=416 maxerr=1.00E-09 time=63.360
After sweep 6 energy=-345.95484433007425  maxlinkdim=414 maxerr=9.99E-10 time=54.069
After sweep 7 energy=-345.9548443021899  maxlinkdim=414 maxerr=9.97E-10 time=51.933
After sweep 8 energy=-345.9548442322043  maxlinkdim=413 maxerr=9.98E-10 time=52.035
Energy difference less than 5.0e-5, stopping DMRG
26/31
After sweep 1 energy=-414.7183746002235  maxlinkdim=256 maxerr=2.42E-06 time=53.000
After sweep 2 energy=-414.7183792886519  maxlinkdim=256 maxerr=2.41E-06 time=45.948
After sweep 3 energy=-414.718379350825  maxlinkdim=256 maxerr=2.41E-06 time=45.135
After sweep 4 energy=-414.72114720581203  maxlinkdim=512 maxerr=8.10E-08 time=75.225
After sweep 5 energy=-414.7212659718119  maxlinkdim=436 maxerr=1.00E-09 time=65.693
After sweep 6 energy=-414.7212658745682  maxlinkdim=434 maxerr=9.99E-10 time=54.176
After sweep 7 energy=-414.721265848649  maxlinkdim=434 maxerr=1.00E-09 time=53.914
After sweep 8 energy=-414.72126585292466  maxlinkdim=434 maxerr=9.99E-10 time=54.462
Energy difference less than 5.0e-5, stopping DMRG
27/31
After sweep 1 energy=-503.75043734461565  maxlinkdim=256 maxerr=2.75E-06 time=55.020
After sweep 2 energy=-503.7504436472256  maxlinkdim=256 maxerr=2.74E-06 time=48.304
After sweep 3 energy=-503.7504436942123  maxlinkdim=256 maxerr=2.73E-06 time=49.031
After sweep 4 energy=-503.75406019171163  maxlinkdim=512 maxerr=9.53E-08 time=80.458
After sweep 5 energy=-503.7542184340805  maxlinkdim=450 maxerr=9.97E-10 time=69.341
After sweep 6 energy=-503.7542182047296  maxlinkdim=449 maxerr=9.97E-10 time=59.668
After sweep 7 energy=-503.7542182038958  maxlinkdim=449 maxerr=9.95E-10 time=59.480
After sweep 8 energy=-503.7542182007914  maxlinkdim=449 maxerr=9.95E-10 time=60.569
Energy difference less than 5.0e-5, stopping DMRG
28/31
After sweep 1 energy=-625.0441105090927  maxlinkdim=256 maxerr=3.07E-06 time=57.706
After sweep 2 energy=-625.0441744673453  maxlinkdim=256 maxerr=3.05E-06 time=49.103
After sweep 3 energy=-625.044173923751  maxlinkdim=256 maxerr=3.05E-06 time=48.502
After sweep 4 energy=-625.0490358457726  maxlinkdim=512 maxerr=1.09E-07 time=81.885
After sweep 5 energy=-625.0492470860903  maxlinkdim=463 maxerr=9.99E-10 time=71.731
After sweep 6 energy=-625.0492470763814  maxlinkdim=462 maxerr=9.97E-10 time=61.174
After sweep 7 energy=-625.0492470432232  maxlinkdim=462 maxerr=9.97E-10 time=61.138
After sweep 8 energy=-625.0492470391657  maxlinkdim=462 maxerr=9.94E-10 time=62.785
Energy difference less than 5.0e-5, stopping DMRG
29/31
After sweep 1 energy=-802.6068588773873  maxlinkdim=256 maxerr=3.38E-06 time=59.601
After sweep 2 energy=-802.6068657281667  maxlinkdim=256 maxerr=3.35E-06 time=50.636
After sweep 3 energy=-802.6068655329898  maxlinkdim=256 maxerr=3.35E-06 time=50.352
After sweep 4 energy=-802.6133193399116  maxlinkdim=512 maxerr=1.22E-07 time=84.763
After sweep 5 energy=-802.613608113592  maxlinkdim=475 maxerr=9.99E-10 time=73.596
After sweep 6 energy=-802.6136080776529  maxlinkdim=476 maxerr=9.99E-10 time=65.599
After sweep 7 energy=-802.6136080864561  maxlinkdim=476 maxerr=9.85E-10 time=65.339
After sweep 8 energy=-802.6136080869333  maxlinkdim=476 maxerr=9.85E-10 time=65.421
Energy difference less than 5.0e-5, stopping DMRG
30/31
After sweep 1 energy=-1092.4846211640704  maxlinkdim=256 maxerr=3.64E-06 time=57.001
After sweep 2 energy=-1092.4846308575566  maxlinkdim=256 maxerr=3.60E-06 time=49.415
After sweep 3 energy=-1092.4846305211174  maxlinkdim=256 maxerr=3.60E-06 time=48.491
After sweep 4 energy=-1092.4937020008883  maxlinkdim=512 maxerr=1.32E-07 time=84.221
After sweep 5 energy=-1092.4941169508145  maxlinkdim=484 maxerr=9.98E-10 time=75.049
After sweep 6 energy=-1092.4941170295144  maxlinkdim=486 maxerr=9.97E-10 time=66.492
After sweep 7 energy=-1092.4941170057123  maxlinkdim=485 maxerr=9.94E-10 time=66.692
After sweep 8 energy=-1092.4941170028512  maxlinkdim=485 maxerr=9.95E-10 time=65.961
Energy difference less than 5.0e-5, stopping DMRG
31/31
After sweep 1 energy=-1662.8738958099361  maxlinkdim=256 maxerr=3.83E-06 time=56.988
After sweep 2 energy=-1662.873911412184  maxlinkdim=256 maxerr=3.79E-06 time=48.870
After sweep 3 energy=-1662.8739105686418  maxlinkdim=256 maxerr=3.79E-06 time=50.147
After sweep 4 energy=-1662.8881001516943  maxlinkdim=512 maxerr=1.41E-07 time=86.786
After sweep 5 energy=-1662.8887589672024  maxlinkdim=489 maxerr=9.99E-10 time=77.267
After sweep 6 energy=-1662.8887584835625  maxlinkdim=492 maxerr=9.98E-10 time=67.949
After sweep 7 energy=-1662.8887584882061  maxlinkdim=492 maxerr=9.95E-10 time=69.498
After sweep 8 energy=-1662.888758415883  maxlinkdim=491 maxerr=1.00E-09 time=69.948
Energy difference less than 5.0e-5, stopping DMRG
Using a 4 by 7 lattice:
1/31
After sweep 1 energy=126.41957726780856  maxlinkdim=35 maxerr=1.19E-07 time=15.502
After sweep 2 energy=125.37519285705909  maxlinkdim=35 maxerr=6.63E-06 time=1.866
After sweep 3 energy=125.11842476190711  maxlinkdim=35 maxerr=1.36E-05 time=1.867
After sweep 4 energy=125.01473229366755  maxlinkdim=70 maxerr=1.60E-07 time=2.760
After sweep 5 energy=125.00371675885684  maxlinkdim=70 maxerr=4.22E-07 time=4.303
After sweep 6 energy=125.00197054080657  maxlinkdim=70 maxerr=5.33E-07 time=4.351
After sweep 7 energy=124.9986088074866  maxlinkdim=188 maxerr=9.98E-10 time=6.679
After sweep 8 energy=124.99842641008718  maxlinkdim=210 maxerr=9.98E-10 time=9.485
After sweep 9 energy=124.99841491852703  maxlinkdim=210 maxerr=9.98E-10 time=9.837
After sweep 10 energy=124.99841281710418  maxlinkdim=210 maxerr=9.98E-10 time=10.281
After sweep 11 energy=124.99841207996724  maxlinkdim=212 maxerr=9.99E-10 time=10.196
After sweep 12 energy=124.99841204313861  maxlinkdim=213 maxerr=9.98E-10 time=10.877
After sweep 13 energy=124.99841199147957  maxlinkdim=213 maxerr=9.89E-10 time=10.564
After sweep 14 energy=124.99841172794157  maxlinkdim=213 maxerr=9.94E-10 time=10.377
After sweep 15 energy=124.9984115602858  maxlinkdim=213 maxerr=9.97E-10 time=10.686
After sweep 16 energy=124.99840765553381  maxlinkdim=73 maxerr=9.93E-10 time=5.696
After sweep 17 energy=124.99840925082165  maxlinkdim=71 maxerr=9.99E-10 time=3.261
After sweep 18 energy=124.9984103646204  maxlinkdim=70 maxerr=9.72E-10 time=3.054
After sweep 19 energy=124.9984109158664  maxlinkdim=69 maxerr=9.88E-10 time=3.259
After sweep 20 energy=124.99841109744408  maxlinkdim=69 maxerr=9.99E-10 time=3.010
After sweep 21 energy=124.99841111589868  maxlinkdim=69 maxerr=7.91E-10 time=3.059
After sweep 22 energy=124.99841112538425  maxlinkdim=69 maxerr=4.96E-10 time=2.998
After sweep 23 energy=124.99841113181394  maxlinkdim=69 maxerr=4.09E-10 time=3.270
After sweep 24 energy=124.99841113741425  maxlinkdim=69 maxerr=3.81E-10 time=3.021
After sweep 25 energy=124.99841114063153  maxlinkdim=69 maxerr=4.01E-10 time=3.239
After sweep 26 energy=124.99841114595637  maxlinkdim=69 maxerr=4.11E-10 time=3.046
After sweep 27 energy=124.99841114701016  maxlinkdim=69 maxerr=4.05E-10 time=3.157
After sweep 28 energy=124.99841114708119  maxlinkdim=69 maxerr=4.09E-10 time=3.002
After sweep 29 energy=124.9984111478248  maxlinkdim=69 maxerr=4.22E-10 time=3.185
After sweep 30 energy=124.99841115187928  maxlinkdim=69 maxerr=4.36E-10 time=3.042
After sweep 31 energy=124.9984111528969  maxlinkdim=69 maxerr=4.59E-10 time=3.087
After sweep 32 energy=124.99841115026855  maxlinkdim=69 maxerr=4.97E-10 time=3.123
After sweep 33 energy=124.99841114569169  maxlinkdim=69 maxerr=6.12E-10 time=3.032
After sweep 34 energy=124.99841115493973  maxlinkdim=69 maxerr=7.83E-10 time=3.029
After sweep 35 energy=124.99841115845484  maxlinkdim=69 maxerr=9.71E-10 time=3.322
After sweep 36 energy=124.99841101502864  maxlinkdim=69 maxerr=9.87E-10 time=3.208
After sweep 37 energy=124.99841115152952  maxlinkdim=69 maxerr=9.91E-10 time=3.093
After sweep 38 energy=124.99841115332192  maxlinkdim=69 maxerr=8.10E-10 time=3.317
After sweep 39 energy=124.99841097757269  maxlinkdim=69 maxerr=4.66E-10 time=3.143
After sweep 40 energy=124.99841098022274  maxlinkdim=69 maxerr=4.38E-10 time=3.112
After sweep 41 energy=124.99841098033588  maxlinkdim=69 maxerr=4.75E-10 time=3.544
Energy difference less than 5.0e-5, stopping DMRG
2/31
After sweep 1 energy=116.24327611780211  maxlinkdim=69 maxerr=1.50E-06 time=5.110
After sweep 2 energy=116.24279610171921  maxlinkdim=69 maxerr=1.36E-06 time=4.953
After sweep 3 energy=116.24278436638718  maxlinkdim=69 maxerr=1.31E-06 time=5.038
After sweep 4 energy=116.2412948396335  maxlinkdim=138 maxerr=2.22E-08 time=7.519
After sweep 5 energy=116.24125032151936  maxlinkdim=70 maxerr=9.92E-10 time=5.092
After sweep 6 energy=116.24124736494272  maxlinkdim=69 maxerr=9.77E-10 time=3.385
After sweep 7 energy=116.24124599851078  maxlinkdim=69 maxerr=9.84E-10 time=3.250
After sweep 8 energy=116.24124561623543  maxlinkdim=69 maxerr=7.95E-10 time=3.223
Energy difference less than 5.0e-5, stopping DMRG
3/31
After sweep 1 energy=107.13906769501368  maxlinkdim=69 maxerr=1.84E-06 time=5.151
After sweep 2 energy=107.13900328280539  maxlinkdim=69 maxerr=1.69E-06 time=5.093
After sweep 3 energy=107.13900363386337  maxlinkdim=69 maxerr=1.62E-06 time=5.026
After sweep 4 energy=107.13687588602893  maxlinkdim=138 maxerr=3.00E-08 time=7.442
After sweep 5 energy=107.13680393337492  maxlinkdim=76 maxerr=9.90E-10 time=5.615
After sweep 6 energy=107.1367960401621  maxlinkdim=75 maxerr=9.98E-10 time=3.629
After sweep 7 energy=107.13679471196019  maxlinkdim=74 maxerr=9.78E-10 time=3.832
After sweep 8 energy=107.13679422464975  maxlinkdim=73 maxerr=9.54E-10 time=3.532
Energy difference less than 5.0e-5, stopping DMRG
4/31
After sweep 1 energy=97.64892451535111  maxlinkdim=73 maxerr=1.57E-06 time=5.520
After sweep 2 energy=97.6486600965998  maxlinkdim=73 maxerr=1.62E-06 time=5.798
After sweep 3 energy=97.64865713656506  maxlinkdim=73 maxerr=1.64E-06 time=5.940
After sweep 4 energy=97.64675497627861  maxlinkdim=146 maxerr=3.20E-08 time=8.403
After sweep 5 energy=97.64669247331788  maxlinkdim=81 maxerr=9.59E-10 time=6.260
After sweep 6 energy=97.64668574768321  maxlinkdim=83 maxerr=9.84E-10 time=4.194
After sweep 7 energy=97.64668471665945  maxlinkdim=81 maxerr=9.98E-10 time=3.997
After sweep 8 energy=97.64668476161648  maxlinkdim=80 maxerr=9.94E-10 time=3.901
Energy difference less than 5.0e-5, stopping DMRG
5/31
After sweep 1 energy=87.72977122802239  maxlinkdim=80 maxerr=1.36E-06 time=6.478
After sweep 2 energy=87.72955438894583  maxlinkdim=80 maxerr=1.33E-06 time=6.522
After sweep 3 energy=87.72954881664376  maxlinkdim=80 maxerr=1.38E-06 time=6.655
After sweep 4 energy=87.72790579651794  maxlinkdim=160 maxerr=2.80E-08 time=9.666
After sweep 5 energy=87.7278419029851  maxlinkdim=88 maxerr=9.80E-10 time=7.268
After sweep 6 energy=87.72783412050147  maxlinkdim=89 maxerr=9.89E-10 time=5.035
After sweep 7 energy=87.72783383393192  maxlinkdim=88 maxerr=9.71E-10 time=4.448
After sweep 8 energy=87.72783425892976  maxlinkdim=85 maxerr=9.93E-10 time=4.662
Energy difference less than 5.0e-5, stopping DMRG
6/31
After sweep 1 energy=77.3339231293776  maxlinkdim=85 maxerr=1.31E-06 time=7.397
After sweep 2 energy=77.33366091596899  maxlinkdim=85 maxerr=1.30E-06 time=8.054
After sweep 3 energy=77.33365670822931  maxlinkdim=85 maxerr=1.29E-06 time=7.538
After sweep 4 energy=77.33186923274347  maxlinkdim=170 maxerr=2.97E-08 time=11.548
After sweep 5 energy=77.33180461969914  maxlinkdim=96 maxerr=1.00E-09 time=8.964
After sweep 6 energy=77.3317981560575  maxlinkdim=96 maxerr=9.94E-10 time=5.326
After sweep 7 energy=77.3317977372198  maxlinkdim=92 maxerr=9.98E-10 time=5.483
After sweep 8 energy=77.33179856246751  maxlinkdim=93 maxerr=9.95E-10 time=5.141
Energy difference less than 5.0e-5, stopping DMRG
7/31
After sweep 1 energy=66.40574042402966  maxlinkdim=93 maxerr=1.14E-06 time=9.084
After sweep 2 energy=66.40525007860835  maxlinkdim=93 maxerr=1.16E-06 time=9.405
After sweep 3 energy=66.40523169891581  maxlinkdim=93 maxerr=1.18E-06 time=10.018
After sweep 4 energy=66.4038513072501  maxlinkdim=186 maxerr=2.77E-08 time=13.663
After sweep 5 energy=66.40378896605135  maxlinkdim=106 maxerr=9.99E-10 time=9.892
After sweep 6 energy=66.40378554030005  maxlinkdim=104 maxerr=9.94E-10 time=6.952
After sweep 7 energy=66.40378573870301  maxlinkdim=102 maxerr=9.89E-10 time=6.367
After sweep 8 energy=66.40378698614467  maxlinkdim=100 maxerr=9.94E-10 time=6.408
Energy difference less than 5.0e-5, stopping DMRG
8/31
After sweep 1 energy=54.88357151072653  maxlinkdim=100 maxerr=1.12E-06 time=9.725
After sweep 2 energy=54.88302295711244  maxlinkdim=100 maxerr=1.22E-06 time=11.423
After sweep 3 energy=54.882952658978496  maxlinkdim=100 maxerr=1.22E-06 time=10.929
After sweep 4 energy=54.881628727131215  maxlinkdim=200 maxerr=2.80E-08 time=15.685
After sweep 5 energy=54.88140159483076  maxlinkdim=120 maxerr=9.96E-10 time=12.571
After sweep 6 energy=54.88137977104348  maxlinkdim=121 maxerr=9.99E-10 time=8.229
After sweep 7 energy=54.881380718445435  maxlinkdim=118 maxerr=9.73E-10 time=8.722
After sweep 8 energy=54.88138214973075  maxlinkdim=115 maxerr=9.89E-10 time=8.180
Energy difference less than 5.0e-5, stopping DMRG
9/31
After sweep 1 energy=42.695791509399136  maxlinkdim=115 maxerr=9.53E-07 time=12.336
After sweep 2 energy=42.69516912281313  maxlinkdim=115 maxerr=1.05E-06 time=13.531
After sweep 3 energy=42.69515896638941  maxlinkdim=115 maxerr=1.09E-06 time=13.441
After sweep 4 energy=42.69398803350589  maxlinkdim=230 maxerr=2.18E-08 time=19.689
After sweep 5 energy=42.69394415230741  maxlinkdim=131 maxerr=9.97E-10 time=15.071
After sweep 6 energy=42.693944471547354  maxlinkdim=127 maxerr=9.98E-10 time=10.142
After sweep 7 energy=42.69394602156723  maxlinkdim=125 maxerr=9.96E-10 time=9.535
After sweep 8 energy=42.693946827728595  maxlinkdim=124 maxerr=9.88E-10 time=9.859
Energy difference less than 5.0e-5, stopping DMRG
10/31
After sweep 1 energy=29.7616594820313  maxlinkdim=124 maxerr=1.05E-06 time=14.748
After sweep 2 energy=29.761183283641255  maxlinkdim=124 maxerr=1.05E-06 time=16.689
After sweep 3 energy=29.761168920147174  maxlinkdim=124 maxerr=1.06E-06 time=16.415
After sweep 4 energy=29.759782606525672  maxlinkdim=248 maxerr=2.54E-08 time=22.843
After sweep 5 energy=29.759738768423073  maxlinkdim=145 maxerr=1.00E-09 time=17.167
After sweep 6 energy=29.759739469177475  maxlinkdim=140 maxerr=9.97E-10 time=11.159
After sweep 7 energy=29.759740818370407  maxlinkdim=137 maxerr=9.85E-10 time=11.446
After sweep 8 energy=29.75974209757695  maxlinkdim=135 maxerr=9.92E-10 time=9.871
Energy difference less than 5.0e-5, stopping DMRG
11/31
After sweep 1 energy=15.986079619740952  maxlinkdim=135 maxerr=9.35E-07 time=16.784
After sweep 2 energy=15.985522563763361  maxlinkdim=135 maxerr=9.86E-07 time=19.280
After sweep 3 energy=15.985504179641927  maxlinkdim=135 maxerr=9.93E-07 time=19.834
After sweep 4 energy=15.984393382897455  maxlinkdim=270 maxerr=2.33E-08 time=26.980
After sweep 5 energy=15.984351285928884  maxlinkdim=155 maxerr=9.86E-10 time=19.125
After sweep 6 energy=15.984352308443249  maxlinkdim=151 maxerr=9.95E-10 time=13.070
After sweep 7 energy=15.984353782968025  maxlinkdim=148 maxerr=9.98E-10 time=12.822
After sweep 8 energy=15.984354693923496  maxlinkdim=146 maxerr=9.98E-10 time=13.141
Energy difference less than 5.0e-5, stopping DMRG
12/31
After sweep 1 energy=1.259824245752257  maxlinkdim=146 maxerr=8.21E-07 time=19.704
After sweep 2 energy=1.258778706048623  maxlinkdim=146 maxerr=9.41E-07 time=22.965
After sweep 3 energy=1.2587500306315857  maxlinkdim=146 maxerr=9.33E-07 time=21.904
After sweep 4 energy=1.2577003050132662  maxlinkdim=292 maxerr=2.23E-08 time=31.395
After sweep 5 energy=1.2576520884147817  maxlinkdim=170 maxerr=9.89E-10 time=22.613
After sweep 6 energy=1.2576524237181068  maxlinkdim=164 maxerr=9.70E-10 time=16.590
After sweep 7 energy=1.257653451268546  maxlinkdim=161 maxerr=9.65E-10 time=15.228
After sweep 8 energy=1.25765487864038  maxlinkdim=159 maxerr=9.68E-10 time=15.890
Energy difference less than 5.0e-5, stopping DMRG
13/31
After sweep 1 energy=-14.547868594813139  maxlinkdim=159 maxerr=6.65E-07 time=22.864
After sweep 2 energy=-14.548855648911635  maxlinkdim=159 maxerr=8.65E-07 time=26.594
After sweep 3 energy=-14.548898308462363  maxlinkdim=159 maxerr=8.85E-07 time=25.542
After sweep 4 energy=-14.54987121442106  maxlinkdim=318 maxerr=2.26E-08 time=36.022
After sweep 5 energy=-14.549916268522566  maxlinkdim=190 maxerr=9.96E-10 time=27.489
After sweep 6 energy=-14.549915281142603  maxlinkdim=185 maxerr=9.73E-10 time=19.026
After sweep 7 energy=-14.54991387339566  maxlinkdim=180 maxerr=9.98E-10 time=18.177
After sweep 8 energy=-14.549912921881546  maxlinkdim=177 maxerr=9.99E-10 time=18.887
Energy difference less than 5.0e-5, stopping DMRG
14/31
After sweep 1 energy=-31.590445414871574  maxlinkdim=177 maxerr=7.03E-07 time=26.285
After sweep 2 energy=-31.591191868096757  maxlinkdim=177 maxerr=7.16E-07 time=30.191
After sweep 3 energy=-31.59119590843825  maxlinkdim=177 maxerr=7.56E-07 time=29.474
After sweep 4 energy=-31.592105026444052  maxlinkdim=354 maxerr=1.81E-08 time=41.585
After sweep 5 energy=-31.592141697315437  maxlinkdim=212 maxerr=9.93E-10 time=31.761
After sweep 6 energy=-31.59214039206951  maxlinkdim=206 maxerr=9.95E-10 time=21.485
After sweep 7 energy=-31.59213897029531  maxlinkdim=202 maxerr=9.98E-10 time=20.489
After sweep 8 energy=-31.592137900523994  maxlinkdim=198 maxerr=9.94E-10 time=18.968
Energy difference less than 5.0e-5, stopping DMRG
15/31
After sweep 1 energy=-50.051114526170664  maxlinkdim=198 maxerr=5.42E-07 time=32.764
After sweep 2 energy=-50.05251104703091  maxlinkdim=198 maxerr=6.11E-07 time=37.956
After sweep 3 energy=-50.05256248701124  maxlinkdim=198 maxerr=6.49E-07 time=37.522
After sweep 4 energy=-50.05333213258066  maxlinkdim=396 maxerr=1.42E-08 time=50.335
After sweep 5 energy=-50.05336457208976  maxlinkdim=230 maxerr=9.93E-10 time=37.272
After sweep 6 energy=-50.05336334562673  maxlinkdim=225 maxerr=9.96E-10 time=25.555
After sweep 7 energy=-50.05336191296101  maxlinkdim=222 maxerr=9.95E-10 time=25.747
After sweep 8 energy=-50.05336057359659  maxlinkdim=218 maxerr=9.96E-10 time=24.246
Energy difference less than 5.0e-5, stopping DMRG
16/31
After sweep 1 energy=-70.15488288579022  maxlinkdim=218 maxerr=4.77E-07 time=39.251
After sweep 2 energy=-70.15614807740401  maxlinkdim=218 maxerr=5.45E-07 time=44.940
After sweep 3 energy=-70.15620642198182  maxlinkdim=218 maxerr=5.62E-07 time=45.893
After sweep 4 energy=-70.15688672579041  maxlinkdim=436 maxerr=1.27E-08 time=57.310
After sweep 5 energy=-70.15691798322786  maxlinkdim=253 maxerr=9.97E-10 time=41.386
After sweep 6 energy=-70.15691681583819  maxlinkdim=249 maxerr=9.97E-10 time=28.708
After sweep 7 energy=-70.15691558138849  maxlinkdim=243 maxerr=9.98E-10 time=29.278
After sweep 8 energy=-70.1569148011517  maxlinkdim=240 maxerr=9.99E-10 time=27.685
Energy difference less than 5.0e-5, stopping DMRG
17/31
After sweep 1 energy=-92.17486822306624  maxlinkdim=240 maxerr=4.21E-07 time=44.937
After sweep 2 energy=-92.1759771402953  maxlinkdim=240 maxerr=4.81E-07 time=53.225
After sweep 3 energy=-92.17601817056284  maxlinkdim=240 maxerr=5.00E-07 time=53.167
After sweep 4 energy=-92.17668336700993  maxlinkdim=480 maxerr=1.13E-08 time=68.336
After sweep 5 energy=-92.176712811247  maxlinkdim=275 maxerr=1.00E-09 time=48.553
After sweep 6 energy=-92.17671196986619  maxlinkdim=270 maxerr=9.98E-10 time=35.063
After sweep 7 energy=-92.17671083111078  maxlinkdim=265 maxerr=1.00E-09 time=34.780
After sweep 8 energy=-92.1767098863493  maxlinkdim=261 maxerr=9.97E-10 time=32.384
Energy difference less than 5.0e-5, stopping DMRG
18/31
After sweep 1 energy=-116.45215321713195  maxlinkdim=256 maxerr=4.55E-07 time=51.456
After sweep 2 energy=-116.45285524397066  maxlinkdim=256 maxerr=4.97E-07 time=61.240
After sweep 3 energy=-116.45288018299425  maxlinkdim=256 maxerr=5.16E-07 time=59.520
After sweep 4 energy=-116.45356530763588  maxlinkdim=512 maxerr=1.20E-08 time=79.708
After sweep 5 energy=-116.45359479398346  maxlinkdim=297 maxerr=9.98E-10 time=56.650
After sweep 6 energy=-116.4535934764111  maxlinkdim=292 maxerr=9.97E-10 time=39.215
After sweep 7 energy=-116.45359253684762  maxlinkdim=286 maxerr=9.89E-10 time=39.203
After sweep 8 energy=-116.45359177510721  maxlinkdim=284 maxerr=1.00E-09 time=36.446
Energy difference less than 5.0e-5, stopping DMRG
19/31
After sweep 1 energy=-143.4172808358939  maxlinkdim=256 maxerr=5.70E-07 time=56.479
After sweep 2 energy=-143.4180803511417  maxlinkdim=256 maxerr=6.75E-07 time=62.680
After sweep 3 energy=-143.41809707516427  maxlinkdim=256 maxerr=6.91E-07 time=61.482
After sweep 4 energy=-143.41903348185022  maxlinkdim=512 maxerr=1.77E-08 time=85.831
After sweep 5 energy=-143.41907536075882  maxlinkdim=316 maxerr=1.00E-09 time=64.741
After sweep 6 energy=-143.41907426594912  maxlinkdim=313 maxerr=9.90E-10 time=44.325
After sweep 7 energy=-143.4190733616997  maxlinkdim=306 maxerr=9.99E-10 time=45.842
After sweep 8 energy=-143.41907247887877  maxlinkdim=302 maxerr=9.95E-10 time=42.977
Energy difference less than 5.0e-5, stopping DMRG
20/31
After sweep 1 energy=-173.6287528713407  maxlinkdim=256 maxerr=7.83E-07 time=60.842
After sweep 2 energy=-173.62924774810304  maxlinkdim=256 maxerr=8.80E-07 time=62.808
After sweep 3 energy=-173.62926144961878  maxlinkdim=256 maxerr=8.92E-07 time=60.977
After sweep 4 energy=-173.63051062917202  maxlinkdim=512 maxerr=2.49E-08 time=89.697
After sweep 5 energy=-173.63056773201114  maxlinkdim=350 maxerr=9.99E-10 time=69.753
After sweep 6 energy=-173.63056691500148  maxlinkdim=344 maxerr=9.97E-10 time=51.667
After sweep 7 energy=-173.6305661303038  maxlinkdim=335 maxerr=9.99E-10 time=52.834
After sweep 8 energy=-173.63056560029827  maxlinkdim=332 maxerr=1.00E-09 time=52.462
Energy difference less than 5.0e-5, stopping DMRG
21/31
After sweep 1 energy=-207.82284574859224  maxlinkdim=256 maxerr=1.04E-06 time=64.593
After sweep 2 energy=-207.82311393788098  maxlinkdim=256 maxerr=1.12E-06 time=68.396
After sweep 3 energy=-207.8231126305833  maxlinkdim=256 maxerr=1.12E-06 time=65.205
After sweep 4 energy=-207.82474914193477  maxlinkdim=512 maxerr=3.34E-08 time=95.468
After sweep 5 energy=-207.8248269961128  maxlinkdim=372 maxerr=9.97E-10 time=77.142
After sweep 6 energy=-207.82482644394577  maxlinkdim=372 maxerr=9.97E-10 time=59.625
After sweep 7 energy=-207.82482606523558  maxlinkdim=365 maxerr=9.98E-10 time=60.795
After sweep 8 energy=-207.82482549651704  maxlinkdim=363 maxerr=9.97E-10 time=59.656
Energy difference less than 5.0e-5, stopping DMRG
22/31
After sweep 1 energy=-246.9986314169255  maxlinkdim=256 maxerr=1.28E-06 time=70.175
After sweep 2 energy=-246.99873338051043  maxlinkdim=256 maxerr=1.39E-06 time=67.498
After sweep 3 energy=-246.99872735168478  maxlinkdim=256 maxerr=1.39E-06 time=69.152
After sweep 4 energy=-247.00085657606311  maxlinkdim=512 maxerr=4.44E-08 time=102.014
After sweep 5 energy=-247.0009590638094  maxlinkdim=397 maxerr=1.00E-09 time=84.024
After sweep 6 energy=-247.0009585921976  maxlinkdim=398 maxerr=1.00E-09 time=66.457
After sweep 7 energy=-247.0009578505776  maxlinkdim=389 maxerr=1.00E-09 time=64.444
After sweep 8 energy=-247.0009574115146  maxlinkdim=385 maxerr=9.98E-10 time=64.125
Energy difference less than 5.0e-5, stopping DMRG
23/31
After sweep 1 energy=-292.5504391565707  maxlinkdim=256 maxerr=1.61E-06 time=71.039
After sweep 2 energy=-292.5504036686527  maxlinkdim=256 maxerr=1.69E-06 time=65.837
After sweep 3 energy=-292.5504019228261  maxlinkdim=256 maxerr=1.69E-06 time=65.741
After sweep 4 energy=-292.55325539678955  maxlinkdim=512 maxerr=5.60E-08 time=107.931
After sweep 5 energy=-292.55338960039296  maxlinkdim=410 maxerr=9.97E-10 time=91.939
After sweep 6 energy=-292.553389403513  maxlinkdim=418 maxerr=9.97E-10 time=76.015
After sweep 7 energy=-292.55338884171204  maxlinkdim=416 maxerr=1.00E-09 time=75.047
After sweep 8 energy=-292.55338845750737  maxlinkdim=413 maxerr=9.98E-10 time=75.383
Energy difference less than 5.0e-5, stopping DMRG
24/31
After sweep 1 energy=-346.48948264329374  maxlinkdim=256 maxerr=1.99E-06 time=76.006
After sweep 2 energy=-346.48939725837437  maxlinkdim=256 maxerr=2.02E-06 time=68.092
After sweep 3 energy=-346.4893926598589  maxlinkdim=256 maxerr=2.02E-06 time=68.801
After sweep 4 energy=-346.49324605052135  maxlinkdim=512 maxerr=7.08E-08 time=111.885
After sweep 5 energy=-346.49342140949454  maxlinkdim=430 maxerr=9.96E-10 time=98.269
After sweep 6 energy=-346.4934214809786  maxlinkdim=441 maxerr=9.99E-10 time=82.554
After sweep 7 energy=-346.4934212819197  maxlinkdim=440 maxerr=9.99E-10 time=81.533
After sweep 8 energy=-346.4934209118787  maxlinkdim=439 maxerr=1.00E-09 time=79.717
Energy difference less than 5.0e-5, stopping DMRG
25/31
After sweep 1 energy=-411.83163679151096  maxlinkdim=256 maxerr=2.36E-06 time=77.336
After sweep 2 energy=-411.831597381608  maxlinkdim=256 maxerr=2.37E-06 time=66.609
After sweep 3 energy=-411.8315974645381  maxlinkdim=256 maxerr=2.37E-06 time=67.476
After sweep 4 energy=-411.836636067692  maxlinkdim=512 maxerr=8.71E-08 time=114.930
After sweep 5 energy=-411.83686495561767  maxlinkdim=460 maxerr=1.00E-09 time=104.188
After sweep 6 energy=-411.83686509781484  maxlinkdim=470 maxerr=1.00E-09 time=89.704
After sweep 7 energy=-411.8368650370791  maxlinkdim=471 maxerr=9.99E-10 time=92.851
After sweep 8 energy=-411.8368649319398  maxlinkdim=470 maxerr=9.98E-10 time=91.471
Energy difference less than 5.0e-5, stopping DMRG
26/31
After sweep 1 energy=-493.3173268971158  maxlinkdim=256 maxerr=2.73E-06 time=77.772
After sweep 2 energy=-493.31734450001227  maxlinkdim=256 maxerr=2.73E-06 time=67.495
After sweep 3 energy=-493.31734462549696  maxlinkdim=256 maxerr=2.73E-06 time=66.606
After sweep 4 energy=-493.3236748843881  maxlinkdim=512 maxerr=1.04E-07 time=119.848
After sweep 5 energy=-493.323969089899  maxlinkdim=485 maxerr=9.97E-10 time=111.463
After sweep 6 energy=-493.3239689749536  maxlinkdim=490 maxerr=1.00E-09 time=95.230
After sweep 7 energy=-493.32396891657964  maxlinkdim=490 maxerr=1.00E-09 time=96.095
After sweep 8 energy=-493.32396886627083  maxlinkdim=490 maxerr=9.99E-10 time=96.860
Energy difference less than 5.0e-5, stopping DMRG
27/31
After sweep 1 energy=-598.8513431343101  maxlinkdim=256 maxerr=3.12E-06 time=81.052
After sweep 2 energy=-598.8513555767283  maxlinkdim=256 maxerr=3.09E-06 time=69.046
After sweep 3 energy=-598.8513584815042  maxlinkdim=256 maxerr=3.09E-06 time=68.653
After sweep 4 energy=-598.8592314576755  maxlinkdim=512 maxerr=1.22E-07 time=122.299
After sweep 5 energy=-598.859613016555  maxlinkdim=501 maxerr=9.97E-10 time=116.076
After sweep 6 energy=-598.8596130781018  maxlinkdim=508 maxerr=9.99E-10 time=101.360
After sweep 7 energy=-598.8596131012209  maxlinkdim=509 maxerr=9.97E-10 time=102.193
After sweep 8 energy=-598.8596131058622  maxlinkdim=509 maxerr=9.98E-10 time=100.338
Energy difference less than 5.0e-5, stopping DMRG
28/31
After sweep 1 energy=-742.6717970275042  maxlinkdim=256 maxerr=3.48E-06 time=81.240
After sweep 2 energy=-742.6718202123528  maxlinkdim=256 maxerr=3.44E-06 time=68.386
After sweep 3 energy=-742.6718219616876  maxlinkdim=256 maxerr=3.44E-06 time=67.737
After sweep 4 energy=-742.6818776599098  maxlinkdim=512 maxerr=1.40E-07 time=123.657
After sweep 5 energy=-742.6823814094615  maxlinkdim=512 maxerr=1.19E-09 time=120.448
After sweep 6 energy=-742.6823812201703  maxlinkdim=512 maxerr=1.35E-09 time=106.701
After sweep 7 energy=-742.6823814372382  maxlinkdim=525 maxerr=1.00E-09 time=108.690
After sweep 8 energy=-742.6823814745825  maxlinkdim=527 maxerr=9.99E-10 time=110.451
Energy difference less than 5.0e-5, stopping DMRG
29/31
After sweep 1 energy=-953.2737114091753  maxlinkdim=256 maxerr=3.82E-06 time=80.270
After sweep 2 energy=-953.2737453291918  maxlinkdim=256 maxerr=3.78E-06 time=65.976
After sweep 3 energy=-953.2737443056441  maxlinkdim=256 maxerr=3.77E-06 time=64.526
After sweep 4 energy=-953.2874713421971  maxlinkdim=512 maxerr=1.57E-07 time=125.435
After sweep 5 energy=-953.2881542172547  maxlinkdim=512 maxerr=1.52E-09 time=124.924
After sweep 6 energy=-953.2881539635763  maxlinkdim=512 maxerr=1.79E-09 time=110.270
After sweep 7 energy=-953.2881547095607  maxlinkdim=540 maxerr=1.00E-09 time=110.677
After sweep 8 energy=-953.2881547173715  maxlinkdim=543 maxerr=9.99E-10 time=113.182
Energy difference less than 5.0e-5, stopping DMRG
30/31
After sweep 1 energy=-1297.1815402336651  maxlinkdim=256 maxerr=4.10E-06 time=82.385
After sweep 2 energy=-1297.1815806257691  maxlinkdim=256 maxerr=4.05E-06 time=67.347
After sweep 3 energy=-1297.1815783141783  maxlinkdim=256 maxerr=4.05E-06 time=67.759
After sweep 4 energy=-1297.200837969381  maxlinkdim=512 maxerr=1.71E-07 time=128.101
After sweep 5 energy=-1297.2018250065933  maxlinkdim=512 maxerr=1.87E-09 time=128.006
After sweep 6 energy=-1297.2018253251122  maxlinkdim=512 maxerr=2.21E-09 time=112.171
After sweep 7 energy=-1297.2018269456535  maxlinkdim=550 maxerr=9.99E-10 time=116.575
After sweep 8 energy=-1297.2018271171166  maxlinkdim=554 maxerr=1.00E-09 time=115.618
Energy difference less than 5.0e-5, stopping DMRG
31/31
After sweep 1 energy=-1974.0327423954334  maxlinkdim=256 maxerr=4.33E-06 time=85.383
After sweep 2 energy=-1974.032804970599  maxlinkdim=256 maxerr=4.27E-06 time=69.035
After sweep 3 energy=-1974.0328062471058  maxlinkdim=256 maxerr=4.27E-06 time=68.742
After sweep 4 energy=-1974.0630032285794  maxlinkdim=512 maxerr=1.82E-07 time=128.044
After sweep 5 energy=-1974.0645543171931  maxlinkdim=512 maxerr=2.13E-09 time=128.205
After sweep 6 energy=-1974.0645549840917  maxlinkdim=512 maxerr=2.55E-09 time=113.557
After sweep 7 energy=-1974.0645582469824  maxlinkdim=558 maxerr=9.99E-10 time=117.154
After sweep 8 energy=-1974.0645584873732  maxlinkdim=562 maxerr=1.00E-09 time=119.748
Energy difference less than 5.0e-5, stopping DMRG
